
-- Executing script file `tcl/audit.ys' --

1. Executing Verilog-2005 frontend: rtl/tm1638.v
Parsing Verilog input from `rtl/tm1638.v' to AST representation.
rtl/tm1638.v:31: Warning: Yosys has only limited support for tri-state logic at the moment.
Generating RTLIL representation for module `\tm1638'.
Successfully finished Verilog frontend.

2. Executing Verilog-2005 frontend: rtl/top_tm1638_demo.v
Parsing Verilog input from `rtl/top_tm1638_demo.v' to AST representation.
rtl/top_tm1638_demo.v:106: Warning: Yosys has only limited support for tri-state logic at the moment.
Generating RTLIL representation for module `\top_tm1638_demo'.
Warning: Replacing memory \frame with list of registers. See rtl/top_tm1638_demo.v:265
Warning: Replacing memory \scroll_buffer with list of registers. See rtl/top_tm1638_demo.v:193
Successfully finished Verilog frontend.

3. Executing SYNTH_ICE40 pass.

3.1. Executing Verilog-2005 frontend: D:\tools\oss-cad-suite\bin\../share/yosys/ice40/cells_sim.v
Parsing Verilog input from `D:\tools\oss-cad-suite\bin\../share/yosys/ice40/cells_sim.v' to AST representation.
Generating RTLIL representation for module `\SB_IO'.
Generating RTLIL representation for module `\SB_GB_IO'.
Generating RTLIL representation for module `\SB_GB'.
Generating RTLIL representation for module `\SB_LUT4'.
Generating RTLIL representation for module `\SB_CARRY'.
Generating RTLIL representation for module `\SB_DFF'.
Generating RTLIL representation for module `\SB_DFFE'.
Generating RTLIL representation for module `\SB_DFFSR'.
Generating RTLIL representation for module `\SB_DFFR'.
Generating RTLIL representation for module `\SB_DFFSS'.
Generating RTLIL representation for module `\SB_DFFS'.
Generating RTLIL representation for module `\SB_DFFESR'.
Generating RTLIL representation for module `\SB_DFFER'.
Generating RTLIL representation for module `\SB_DFFESS'.
Generating RTLIL representation for module `\SB_DFFES'.
Generating RTLIL representation for module `\SB_DFFN'.
Generating RTLIL representation for module `\SB_DFFNE'.
Generating RTLIL representation for module `\SB_DFFNSR'.
Generating RTLIL representation for module `\SB_DFFNR'.
Generating RTLIL representation for module `\SB_DFFNSS'.
Generating RTLIL representation for module `\SB_DFFNS'.
Generating RTLIL representation for module `\SB_DFFNESR'.
Generating RTLIL representation for module `\SB_DFFNER'.
Generating RTLIL representation for module `\SB_DFFNESS'.
Generating RTLIL representation for module `\SB_DFFNES'.
Generating RTLIL representation for module `\SB_RAM40_4K'.
Generating RTLIL representation for module `\SB_RAM40_4KNR'.
Generating RTLIL representation for module `\SB_RAM40_4KNW'.
Generating RTLIL representation for module `\SB_RAM40_4KNRNW'.
Generating RTLIL representation for module `\ICESTORM_LC'.
Generating RTLIL representation for module `\SB_PLL40_CORE'.
Generating RTLIL representation for module `\SB_PLL40_PAD'.
Generating RTLIL representation for module `\SB_PLL40_2_PAD'.
Generating RTLIL representation for module `\SB_PLL40_2F_CORE'.
Generating RTLIL representation for module `\SB_PLL40_2F_PAD'.
Generating RTLIL representation for module `\SB_WARMBOOT'.
Generating RTLIL representation for module `\SB_SPRAM256KA'.
Generating RTLIL representation for module `\SB_HFOSC'.
Generating RTLIL representation for module `\SB_LFOSC'.
Generating RTLIL representation for module `\SB_RGBA_DRV'.
Generating RTLIL representation for module `\SB_LED_DRV_CUR'.
Generating RTLIL representation for module `\SB_RGB_DRV'.
Generating RTLIL representation for module `\SB_I2C'.
Generating RTLIL representation for module `\SB_SPI'.
Generating RTLIL representation for module `\SB_LEDDA_IP'.
Generating RTLIL representation for module `\SB_FILTER_50NS'.
Generating RTLIL representation for module `\SB_IO_I3C'.
Generating RTLIL representation for module `\SB_IO_OD'.
Generating RTLIL representation for module `\SB_MAC16'.
Generating RTLIL representation for module `\ICESTORM_RAM'.
Successfully finished Verilog frontend.

3.2. Executing HIERARCHY pass (managing design hierarchy).

3.2.1. Analyzing design hierarchy..
Top module:  \top_tm1638_demo
Used module:     \tm1638

3.2.2. Analyzing design hierarchy..
Top module:  \top_tm1638_demo
Used module:     \tm1638
Removed 0 unused modules.

3.3. Executing PROC pass (convert processes to netlists).

3.3.1. Executing PROC_CLEAN pass (remove empty switches from decision trees).
Cleaned up 0 empty switches.

3.3.2. Executing PROC_RMDEAD pass (remove dead branches from decision trees).
Marked 5 switch rules as full_case in process $proc$rtl/top_tm1638_demo.v:253$246 in module top_tm1638_demo.
Marked 10 switch rules as full_case in process $proc$rtl/top_tm1638_demo.v:187$194 in module top_tm1638_demo.
Marked 1 switch rules as full_case in process $proc$rtl/tm1638.v:82$17 in module tm1638.
Marked 7 switch rules as full_case in process $proc$rtl/tm1638.v:35$7 in module tm1638.
Removed a total of 0 dead cases.

3.3.3. Executing PROC_PRUNE pass (remove redundant assignments in processes).
Removed 8 redundant assignments.
Promoted 15 assignments to connections.

3.3.4. Executing PROC_INIT pass (extract init attributes).
Found init rule in `\top_tm1638_demo.$proc$rtl/top_tm1638_demo.v:49$252'.
  Set init value: \rst = 1'1

3.3.5. Executing PROC_ARST pass (detect async resets in processes).

3.3.6. Executing PROC_ROM pass (convert switches to ROMs).
Converted 0 switches.
<suppressed ~24 debug messages>

3.3.7. Executing PROC_MUX pass (convert decision trees to multiplexers).
Creating decoders for process `\top_tm1638_demo.$proc$rtl/top_tm1638_demo.v:49$252'.
Creating decoders for process `\top_tm1638_demo.$proc$rtl/top_tm1638_demo.v:253$246'.
     1/28: $0\key_scan[7:0] [7]
     2/28: $0\key_scan[7:0] [6]
     3/28: $0\key_scan[7:0] [2]
     4/28: $0\key_scan[7:0] [5]
     5/28: $0\key_scan[7:0] [1]
     6/28: $0\key_scan[7:0] [4]
     7/28: $0\key_scan[7:0] [3]
     8/28: $0\key_scan[7:0] [0]
     9/28: $3\frame_index[31:0]
    10/28: $2\frame_index[31:0]
    11/28: $1\frame_index[31:0]
    12/28: $0\scan_div[5:0]
    13/28: $0\frame[7][6:0]
    14/28: $0\frame[6][6:0]
    15/28: $0\frame[5][6:0]
    16/28: $0\frame[4][6:0]
    17/28: $0\frame[3][6:0]
    18/28: $0\frame[2][6:0]
    19/28: $0\frame[1][6:0]
    20/28: $0\frame[0][6:0]
    21/28: $0\tm_out[7:0]
    22/28: $0\tm_latch[0:0]
    23/28: $0\tm_rw[0:0]
    24/28: $4\frame_index[31:0]
    25/28: $0\keys[7:0]
    26/28: $0\instruction_step[5:0]
    27/28: $0\tm_cs[0:0]
    28/28: $0\rst[0:0]
Creating decoders for process `\top_tm1638_demo.$proc$rtl/top_tm1638_demo.v:187$194'.
     1/85: $7\buffer_index[31:0]
     2/85: $6\shift_right$func$rtl/top_tm1638_demo.v:241$162.i[31:0]$243
     3/85: $5\shift_right$func$rtl/top_tm1638_demo.v:241$162.i[31:0]$241
     4/85: $6\buffer_index[31:0]
     5/85: $5\buffer_index[31:0]
     6/85: $5\shift_left$func$rtl/top_tm1638_demo.v:229$117.i[31:0]$238
     7/85: $4\shift_left$func$rtl/top_tm1638_demo.v:229$117.i[31:0]$235
     8/85: $4\buffer_index[31:0]
     9/85: $4\shift_right$func$rtl/top_tm1638_demo.v:241$162.i[31:0]$236
    10/85: $5\shift_left$func$rtl/top_tm1638_demo.v:213$71.i[31:0]$231
    11/85: $5\shift_right$func$rtl/top_tm1638_demo.v:216$72.i[31:0]$232
    12/85: $5\shift_right$func$rtl/top_tm1638_demo.v:204$69.i[31:0]$227
    13/85: $5\shift_left$func$rtl/top_tm1638_demo.v:207$70.i[31:0]$228
    14/85: $4\shift_left$func$rtl/top_tm1638_demo.v:207$70.i[31:0]$223
    15/85: $4\shift_right$func$rtl/top_tm1638_demo.v:204$69.i[31:0]$222
    16/85: $4\shift_right$func$rtl/top_tm1638_demo.v:216$72.i[31:0]$225
    17/85: $4\shift_left$func$rtl/top_tm1638_demo.v:213$71.i[31:0]$224
    18/85: $3\shift_right$func$rtl/top_tm1638_demo.v:216$72.i[31:0]$219
    19/85: $3\shift_left$func$rtl/top_tm1638_demo.v:213$71.i[31:0]$218
    20/85: $3\shift_left$func$rtl/top_tm1638_demo.v:207$70.i[31:0]$217
    21/85: $3\shift_right$func$rtl/top_tm1638_demo.v:204$69.i[31:0]$216
    22/85: $3\shift_right$func$rtl/top_tm1638_demo.v:241$162.i[31:0]$221
    23/85: $3\shift_left$func$rtl/top_tm1638_demo.v:229$117.i[31:0]$220
    24/85: $3\buffer_index[31:0]
    25/85: $2\shift_right$func$rtl/top_tm1638_demo.v:241$162.i[31:0]$212
    26/85: $2\shift_left$func$rtl/top_tm1638_demo.v:229$117.i[31:0]$211
    27/85: $2\shift_right$func$rtl/top_tm1638_demo.v:216$72.i[31:0]$210
    28/85: $2\shift_left$func$rtl/top_tm1638_demo.v:213$71.i[31:0]$209
    29/85: $2\shift_left$func$rtl/top_tm1638_demo.v:207$70.i[31:0]$208
    30/85: $2\shift_right$func$rtl/top_tm1638_demo.v:204$69.i[31:0]$207
    31/85: $2\buffer_index[31:0]
    32/85: $1\buffer_index[31:0]
    33/85: $0\anim_counter[23:0]
    34/85: $1\shift_right$func$rtl/top_tm1638_demo.v:241$162.i[31:0]$206
    35/85: $1\shift_left$func$rtl/top_tm1638_demo.v:229$117.i[31:0]$205
    36/85: $1\shift_right$func$rtl/top_tm1638_demo.v:216$72.i[31:0]$204
    37/85: $1\shift_left$func$rtl/top_tm1638_demo.v:213$71.i[31:0]$203
    38/85: $1\shift_left$func$rtl/top_tm1638_demo.v:207$70.i[31:0]$202
    39/85: $1\shift_right$func$rtl/top_tm1638_demo.v:204$69.i[31:0]$201
    40/85: $0\scroll_buffer[43][6:0]
    41/85: $0\scroll_buffer[42][6:0]
    42/85: $0\scroll_buffer[41][6:0]
    43/85: $0\scroll_buffer[40][6:0]
    44/85: $0\scroll_buffer[39][6:0]
    45/85: $0\scroll_buffer[38][6:0]
    46/85: $0\scroll_buffer[37][6:0]
    47/85: $0\scroll_buffer[36][6:0]
    48/85: $0\scroll_buffer[35][6:0]
    49/85: $0\scroll_buffer[34][6:0]
    50/85: $0\scroll_buffer[33][6:0]
    51/85: $0\scroll_buffer[32][6:0]
    52/85: $0\scroll_buffer[31][6:0]
    53/85: $0\scroll_buffer[30][6:0]
    54/85: $0\scroll_buffer[29][6:0]
    55/85: $0\scroll_buffer[28][6:0]
    56/85: $0\scroll_buffer[27][6:0]
    57/85: $0\scroll_buffer[26][6:0]
    58/85: $0\scroll_buffer[25][6:0]
    59/85: $0\scroll_buffer[24][6:0]
    60/85: $0\scroll_buffer[23][6:0]
    61/85: $0\scroll_buffer[22][6:0]
    62/85: $0\scroll_buffer[21][6:0]
    63/85: $0\scroll_buffer[20][6:0]
    64/85: $0\scroll_buffer[19][6:0]
    65/85: $0\scroll_buffer[18][6:0]
    66/85: $0\scroll_buffer[17][6:0]
    67/85: $0\scroll_buffer[16][6:0]
    68/85: $0\scroll_buffer[15][6:0]
    69/85: $0\scroll_buffer[14][6:0]
    70/85: $0\scroll_buffer[13][6:0]
    71/85: $0\scroll_buffer[12][6:0]
    72/85: $0\scroll_buffer[11][6:0]
    73/85: $0\scroll_buffer[10][6:0]
    74/85: $0\scroll_buffer[9][6:0]
    75/85: $0\scroll_buffer[8][6:0]
    76/85: $0\scroll_buffer[7][6:0]
    77/85: $0\scroll_buffer[6][6:0]
    78/85: $0\scroll_buffer[5][6:0]
    79/85: $0\scroll_buffer[4][6:0]
    80/85: $0\scroll_buffer[3][6:0]
    81/85: $0\scroll_buffer[2][6:0]
    82/85: $0\scroll_buffer[1][6:0]
    83/85: $0\scroll_buffer[0][6:0]
    84/85: $0\scroll_dir[0:0]
    85/85: $0\scroll_pos[5:0]
Creating decoders for process `\tm1638.$proc$rtl/tm1638.v:82$17'.
     1/6: $0\data_out_q[7:0]
     2/6: $0\data_q[7:0]
     3/6: $0\dio_out[0:0]
     4/6: $0\ctr_q[2:0]
     5/6: $0\sclk_q[5:0]
     6/6: $0\cur_state[1:0]
Creating decoders for process `\tm1638.$proc$rtl/tm1638.v:35$7'.
     1/27: $5\dio_out_d[0:0]
     2/27: $5\data_out_d[7:0]
     3/27: $7\next_state[1:0]
     4/27: $4\dio_out_d[0:0]
     5/27: $4\data_out_d[7:0]
     6/27: $6\next_state[1:0]
     7/27: $4\ctr_d[2:0]
     8/27: $4\data_d[7:0]
     9/27: $3\ctr_d[2:0]
    10/27: $3\dio_out_d[0:0]
    11/27: $3\data_out_d[7:0]
    12/27: $5\next_state[1:0]
    13/27: $2\dio_out_d[0:0]
    14/27: $2\ctr_d[2:0]
    15/27: $2\data_out_d[7:0]
    16/27: $3\data_d[7:0]
    17/27: $4\next_state[1:0]
    18/27: $3\next_state[1:0]
    19/27: $2\sclk_d[5:0]
    20/27: $2\next_state[1:0]
    21/27: $2\data_d[7:0]
    22/27: $1\data_d[7:0]
    23/27: $1\next_state[1:0]
    24/27: $1\sclk_d[5:0]
    25/27: $1\ctr_d[2:0]
    26/27: $1\dio_out_d[0:0]
    27/27: $1\data_out_d[7:0]

3.3.8. Executing PROC_DLATCH pass (convert process syncs to latches).
No latch inferred for signal `\tm1638.\next_state' from process `\tm1638.$proc$rtl/tm1638.v:35$7'.
No latch inferred for signal `\tm1638.\sclk_d' from process `\tm1638.$proc$rtl/tm1638.v:35$7'.
No latch inferred for signal `\tm1638.\data_d' from process `\tm1638.$proc$rtl/tm1638.v:35$7'.
No latch inferred for signal `\tm1638.\data_out_d' from process `\tm1638.$proc$rtl/tm1638.v:35$7'.
No latch inferred for signal `\tm1638.\dio_out_d' from process `\tm1638.$proc$rtl/tm1638.v:35$7'.
No latch inferred for signal `\tm1638.\ctr_d' from process `\tm1638.$proc$rtl/tm1638.v:35$7'.

3.3.9. Executing PROC_DFF pass (convert process syncs to FFs).
Creating register for signal `\top_tm1638_demo.\rst' using process `\top_tm1638_demo.$proc$rtl/top_tm1638_demo.v:253$246'.
  created $dff cell `$procdff$3424' with positive edge clock.
Creating register for signal `\top_tm1638_demo.\tm_cs' using process `\top_tm1638_demo.$proc$rtl/top_tm1638_demo.v:253$246'.
  created $dff cell `$procdff$3425' with positive edge clock.
Creating register for signal `\top_tm1638_demo.\instruction_step' using process `\top_tm1638_demo.$proc$rtl/top_tm1638_demo.v:253$246'.
  created $dff cell `$procdff$3426' with positive edge clock.
Creating register for signal `\top_tm1638_demo.\keys' using process `\top_tm1638_demo.$proc$rtl/top_tm1638_demo.v:253$246'.
  created $dff cell `$procdff$3427' with positive edge clock.
Creating register for signal `\top_tm1638_demo.\key_scan' using process `\top_tm1638_demo.$proc$rtl/top_tm1638_demo.v:253$246'.
  created $dff cell `$procdff$3428' with positive edge clock.
Creating register for signal `\top_tm1638_demo.\frame_index' using process `\top_tm1638_demo.$proc$rtl/top_tm1638_demo.v:253$246'.
  created $dff cell `$procdff$3429' with positive edge clock.
Creating register for signal `\top_tm1638_demo.\tm_rw' using process `\top_tm1638_demo.$proc$rtl/top_tm1638_demo.v:253$246'.
  created $dff cell `$procdff$3430' with positive edge clock.
Creating register for signal `\top_tm1638_demo.\tm_latch' using process `\top_tm1638_demo.$proc$rtl/top_tm1638_demo.v:253$246'.
  created $dff cell `$procdff$3431' with positive edge clock.
Creating register for signal `\top_tm1638_demo.\tm_out' using process `\top_tm1638_demo.$proc$rtl/top_tm1638_demo.v:253$246'.
  created $dff cell `$procdff$3432' with positive edge clock.
Creating register for signal `\top_tm1638_demo.\scan_div' using process `\top_tm1638_demo.$proc$rtl/top_tm1638_demo.v:253$246'.
  created $dff cell `$procdff$3433' with positive edge clock.
Creating register for signal `\top_tm1638_demo.\frame[0]' using process `\top_tm1638_demo.$proc$rtl/top_tm1638_demo.v:253$246'.
  created $dff cell `$procdff$3434' with positive edge clock.
Creating register for signal `\top_tm1638_demo.\frame[1]' using process `\top_tm1638_demo.$proc$rtl/top_tm1638_demo.v:253$246'.
  created $dff cell `$procdff$3435' with positive edge clock.
Creating register for signal `\top_tm1638_demo.\frame[2]' using process `\top_tm1638_demo.$proc$rtl/top_tm1638_demo.v:253$246'.
  created $dff cell `$procdff$3436' with positive edge clock.
Creating register for signal `\top_tm1638_demo.\frame[3]' using process `\top_tm1638_demo.$proc$rtl/top_tm1638_demo.v:253$246'.
  created $dff cell `$procdff$3437' with positive edge clock.
Creating register for signal `\top_tm1638_demo.\frame[4]' using process `\top_tm1638_demo.$proc$rtl/top_tm1638_demo.v:253$246'.
  created $dff cell `$procdff$3438' with positive edge clock.
Creating register for signal `\top_tm1638_demo.\frame[5]' using process `\top_tm1638_demo.$proc$rtl/top_tm1638_demo.v:253$246'.
  created $dff cell `$procdff$3439' with positive edge clock.
Creating register for signal `\top_tm1638_demo.\frame[6]' using process `\top_tm1638_demo.$proc$rtl/top_tm1638_demo.v:253$246'.
  created $dff cell `$procdff$3440' with positive edge clock.
Creating register for signal `\top_tm1638_demo.\frame[7]' using process `\top_tm1638_demo.$proc$rtl/top_tm1638_demo.v:253$246'.
  created $dff cell `$procdff$3441' with positive edge clock.
Creating register for signal `\top_tm1638_demo.\anim_counter' using process `\top_tm1638_demo.$proc$rtl/top_tm1638_demo.v:187$194'.
  created $dff cell `$procdff$3442' with positive edge clock.
Creating register for signal `\top_tm1638_demo.\scroll_pos' using process `\top_tm1638_demo.$proc$rtl/top_tm1638_demo.v:187$194'.
  created $dff cell `$procdff$3443' with positive edge clock.
Creating register for signal `\top_tm1638_demo.\scroll_dir' using process `\top_tm1638_demo.$proc$rtl/top_tm1638_demo.v:187$194'.
  created $dff cell `$procdff$3444' with positive edge clock.
Creating register for signal `\top_tm1638_demo.\buffer_index' using process `\top_tm1638_demo.$proc$rtl/top_tm1638_demo.v:187$194'.
  created $dff cell `$procdff$3445' with positive edge clock.
Creating register for signal `\top_tm1638_demo.\shift_right$func$rtl/top_tm1638_demo.v:204$69.i' using process `\top_tm1638_demo.$proc$rtl/top_tm1638_demo.v:187$194'.
  created $dff cell `$procdff$3446' with positive edge clock.
Creating register for signal `\top_tm1638_demo.\shift_left$func$rtl/top_tm1638_demo.v:207$70.i' using process `\top_tm1638_demo.$proc$rtl/top_tm1638_demo.v:187$194'.
  created $dff cell `$procdff$3447' with positive edge clock.
Creating register for signal `\top_tm1638_demo.\shift_left$func$rtl/top_tm1638_demo.v:213$71.i' using process `\top_tm1638_demo.$proc$rtl/top_tm1638_demo.v:187$194'.
  created $dff cell `$procdff$3448' with positive edge clock.
Creating register for signal `\top_tm1638_demo.\shift_right$func$rtl/top_tm1638_demo.v:216$72.i' using process `\top_tm1638_demo.$proc$rtl/top_tm1638_demo.v:187$194'.
  created $dff cell `$procdff$3449' with positive edge clock.
Creating register for signal `\top_tm1638_demo.\shift_left$func$rtl/top_tm1638_demo.v:229$117.i' using process `\top_tm1638_demo.$proc$rtl/top_tm1638_demo.v:187$194'.
  created $dff cell `$procdff$3450' with positive edge clock.
Creating register for signal `\top_tm1638_demo.\shift_right$func$rtl/top_tm1638_demo.v:241$162.i' using process `\top_tm1638_demo.$proc$rtl/top_tm1638_demo.v:187$194'.
  created $dff cell `$procdff$3451' with positive edge clock.
Creating register for signal `\top_tm1638_demo.\scroll_buffer[0]' using process `\top_tm1638_demo.$proc$rtl/top_tm1638_demo.v:187$194'.
  created $dff cell `$procdff$3452' with positive edge clock.
Creating register for signal `\top_tm1638_demo.\scroll_buffer[1]' using process `\top_tm1638_demo.$proc$rtl/top_tm1638_demo.v:187$194'.
  created $dff cell `$procdff$3453' with positive edge clock.
Creating register for signal `\top_tm1638_demo.\scroll_buffer[2]' using process `\top_tm1638_demo.$proc$rtl/top_tm1638_demo.v:187$194'.
  created $dff cell `$procdff$3454' with positive edge clock.
Creating register for signal `\top_tm1638_demo.\scroll_buffer[3]' using process `\top_tm1638_demo.$proc$rtl/top_tm1638_demo.v:187$194'.
  created $dff cell `$procdff$3455' with positive edge clock.
Creating register for signal `\top_tm1638_demo.\scroll_buffer[4]' using process `\top_tm1638_demo.$proc$rtl/top_tm1638_demo.v:187$194'.
  created $dff cell `$procdff$3456' with positive edge clock.
Creating register for signal `\top_tm1638_demo.\scroll_buffer[5]' using process `\top_tm1638_demo.$proc$rtl/top_tm1638_demo.v:187$194'.
  created $dff cell `$procdff$3457' with positive edge clock.
Creating register for signal `\top_tm1638_demo.\scroll_buffer[6]' using process `\top_tm1638_demo.$proc$rtl/top_tm1638_demo.v:187$194'.
  created $dff cell `$procdff$3458' with positive edge clock.
Creating register for signal `\top_tm1638_demo.\scroll_buffer[7]' using process `\top_tm1638_demo.$proc$rtl/top_tm1638_demo.v:187$194'.
  created $dff cell `$procdff$3459' with positive edge clock.
Creating register for signal `\top_tm1638_demo.\scroll_buffer[8]' using process `\top_tm1638_demo.$proc$rtl/top_tm1638_demo.v:187$194'.
  created $dff cell `$procdff$3460' with positive edge clock.
Creating register for signal `\top_tm1638_demo.\scroll_buffer[9]' using process `\top_tm1638_demo.$proc$rtl/top_tm1638_demo.v:187$194'.
  created $dff cell `$procdff$3461' with positive edge clock.
Creating register for signal `\top_tm1638_demo.\scroll_buffer[10]' using process `\top_tm1638_demo.$proc$rtl/top_tm1638_demo.v:187$194'.
  created $dff cell `$procdff$3462' with positive edge clock.
Creating register for signal `\top_tm1638_demo.\scroll_buffer[11]' using process `\top_tm1638_demo.$proc$rtl/top_tm1638_demo.v:187$194'.
  created $dff cell `$procdff$3463' with positive edge clock.
Creating register for signal `\top_tm1638_demo.\scroll_buffer[12]' using process `\top_tm1638_demo.$proc$rtl/top_tm1638_demo.v:187$194'.
  created $dff cell `$procdff$3464' with positive edge clock.
Creating register for signal `\top_tm1638_demo.\scroll_buffer[13]' using process `\top_tm1638_demo.$proc$rtl/top_tm1638_demo.v:187$194'.
  created $dff cell `$procdff$3465' with positive edge clock.
Creating register for signal `\top_tm1638_demo.\scroll_buffer[14]' using process `\top_tm1638_demo.$proc$rtl/top_tm1638_demo.v:187$194'.
  created $dff cell `$procdff$3466' with positive edge clock.
Creating register for signal `\top_tm1638_demo.\scroll_buffer[15]' using process `\top_tm1638_demo.$proc$rtl/top_tm1638_demo.v:187$194'.
  created $dff cell `$procdff$3467' with positive edge clock.
Creating register for signal `\top_tm1638_demo.\scroll_buffer[16]' using process `\top_tm1638_demo.$proc$rtl/top_tm1638_demo.v:187$194'.
  created $dff cell `$procdff$3468' with positive edge clock.
Creating register for signal `\top_tm1638_demo.\scroll_buffer[17]' using process `\top_tm1638_demo.$proc$rtl/top_tm1638_demo.v:187$194'.
  created $dff cell `$procdff$3469' with positive edge clock.
Creating register for signal `\top_tm1638_demo.\scroll_buffer[18]' using process `\top_tm1638_demo.$proc$rtl/top_tm1638_demo.v:187$194'.
  created $dff cell `$procdff$3470' with positive edge clock.
Creating register for signal `\top_tm1638_demo.\scroll_buffer[19]' using process `\top_tm1638_demo.$proc$rtl/top_tm1638_demo.v:187$194'.
  created $dff cell `$procdff$3471' with positive edge clock.
Creating register for signal `\top_tm1638_demo.\scroll_buffer[20]' using process `\top_tm1638_demo.$proc$rtl/top_tm1638_demo.v:187$194'.
  created $dff cell `$procdff$3472' with positive edge clock.
Creating register for signal `\top_tm1638_demo.\scroll_buffer[21]' using process `\top_tm1638_demo.$proc$rtl/top_tm1638_demo.v:187$194'.
  created $dff cell `$procdff$3473' with positive edge clock.
Creating register for signal `\top_tm1638_demo.\scroll_buffer[22]' using process `\top_tm1638_demo.$proc$rtl/top_tm1638_demo.v:187$194'.
  created $dff cell `$procdff$3474' with positive edge clock.
Creating register for signal `\top_tm1638_demo.\scroll_buffer[23]' using process `\top_tm1638_demo.$proc$rtl/top_tm1638_demo.v:187$194'.
  created $dff cell `$procdff$3475' with positive edge clock.
Creating register for signal `\top_tm1638_demo.\scroll_buffer[24]' using process `\top_tm1638_demo.$proc$rtl/top_tm1638_demo.v:187$194'.
  created $dff cell `$procdff$3476' with positive edge clock.
Creating register for signal `\top_tm1638_demo.\scroll_buffer[25]' using process `\top_tm1638_demo.$proc$rtl/top_tm1638_demo.v:187$194'.
  created $dff cell `$procdff$3477' with positive edge clock.
Creating register for signal `\top_tm1638_demo.\scroll_buffer[26]' using process `\top_tm1638_demo.$proc$rtl/top_tm1638_demo.v:187$194'.
  created $dff cell `$procdff$3478' with positive edge clock.
Creating register for signal `\top_tm1638_demo.\scroll_buffer[27]' using process `\top_tm1638_demo.$proc$rtl/top_tm1638_demo.v:187$194'.
  created $dff cell `$procdff$3479' with positive edge clock.
Creating register for signal `\top_tm1638_demo.\scroll_buffer[28]' using process `\top_tm1638_demo.$proc$rtl/top_tm1638_demo.v:187$194'.
  created $dff cell `$procdff$3480' with positive edge clock.
Creating register for signal `\top_tm1638_demo.\scroll_buffer[29]' using process `\top_tm1638_demo.$proc$rtl/top_tm1638_demo.v:187$194'.
  created $dff cell `$procdff$3481' with positive edge clock.
Creating register for signal `\top_tm1638_demo.\scroll_buffer[30]' using process `\top_tm1638_demo.$proc$rtl/top_tm1638_demo.v:187$194'.
  created $dff cell `$procdff$3482' with positive edge clock.
Creating register for signal `\top_tm1638_demo.\scroll_buffer[31]' using process `\top_tm1638_demo.$proc$rtl/top_tm1638_demo.v:187$194'.
  created $dff cell `$procdff$3483' with positive edge clock.
Creating register for signal `\top_tm1638_demo.\scroll_buffer[32]' using process `\top_tm1638_demo.$proc$rtl/top_tm1638_demo.v:187$194'.
  created $dff cell `$procdff$3484' with positive edge clock.
Creating register for signal `\top_tm1638_demo.\scroll_buffer[33]' using process `\top_tm1638_demo.$proc$rtl/top_tm1638_demo.v:187$194'.
  created $dff cell `$procdff$3485' with positive edge clock.
Creating register for signal `\top_tm1638_demo.\scroll_buffer[34]' using process `\top_tm1638_demo.$proc$rtl/top_tm1638_demo.v:187$194'.
  created $dff cell `$procdff$3486' with positive edge clock.
Creating register for signal `\top_tm1638_demo.\scroll_buffer[35]' using process `\top_tm1638_demo.$proc$rtl/top_tm1638_demo.v:187$194'.
  created $dff cell `$procdff$3487' with positive edge clock.
Creating register for signal `\top_tm1638_demo.\scroll_buffer[36]' using process `\top_tm1638_demo.$proc$rtl/top_tm1638_demo.v:187$194'.
  created $dff cell `$procdff$3488' with positive edge clock.
Creating register for signal `\top_tm1638_demo.\scroll_buffer[37]' using process `\top_tm1638_demo.$proc$rtl/top_tm1638_demo.v:187$194'.
  created $dff cell `$procdff$3489' with positive edge clock.
Creating register for signal `\top_tm1638_demo.\scroll_buffer[38]' using process `\top_tm1638_demo.$proc$rtl/top_tm1638_demo.v:187$194'.
  created $dff cell `$procdff$3490' with positive edge clock.
Creating register for signal `\top_tm1638_demo.\scroll_buffer[39]' using process `\top_tm1638_demo.$proc$rtl/top_tm1638_demo.v:187$194'.
  created $dff cell `$procdff$3491' with positive edge clock.
Creating register for signal `\top_tm1638_demo.\scroll_buffer[40]' using process `\top_tm1638_demo.$proc$rtl/top_tm1638_demo.v:187$194'.
  created $dff cell `$procdff$3492' with positive edge clock.
Creating register for signal `\top_tm1638_demo.\scroll_buffer[41]' using process `\top_tm1638_demo.$proc$rtl/top_tm1638_demo.v:187$194'.
  created $dff cell `$procdff$3493' with positive edge clock.
Creating register for signal `\top_tm1638_demo.\scroll_buffer[42]' using process `\top_tm1638_demo.$proc$rtl/top_tm1638_demo.v:187$194'.
  created $dff cell `$procdff$3494' with positive edge clock.
Creating register for signal `\top_tm1638_demo.\scroll_buffer[43]' using process `\top_tm1638_demo.$proc$rtl/top_tm1638_demo.v:187$194'.
  created $dff cell `$procdff$3495' with positive edge clock.
Creating register for signal `\tm1638.\dio_out' using process `\tm1638.$proc$rtl/tm1638.v:82$17'.
  created $dff cell `$procdff$3496' with positive edge clock.
Creating register for signal `\tm1638.\cur_state' using process `\tm1638.$proc$rtl/tm1638.v:82$17'.
  created $dff cell `$procdff$3497' with positive edge clock.
Creating register for signal `\tm1638.\sclk_q' using process `\tm1638.$proc$rtl/tm1638.v:82$17'.
  created $dff cell `$procdff$3498' with positive edge clock.
Creating register for signal `\tm1638.\data_q' using process `\tm1638.$proc$rtl/tm1638.v:82$17'.
  created $dff cell `$procdff$3499' with positive edge clock.
Creating register for signal `\tm1638.\data_out_q' using process `\tm1638.$proc$rtl/tm1638.v:82$17'.
  created $dff cell `$procdff$3500' with positive edge clock.
Creating register for signal `\tm1638.\ctr_q' using process `\tm1638.$proc$rtl/tm1638.v:82$17'.
  created $dff cell `$procdff$3501' with positive edge clock.

3.3.10. Executing PROC_MEMWR pass (convert process memory writes to cells).

3.3.11. Executing PROC_CLEAN pass (remove empty switches from decision trees).
Removing empty process `top_tm1638_demo.$proc$rtl/top_tm1638_demo.v:49$252'.
Found and cleaned up 6 empty switches in `\top_tm1638_demo.$proc$rtl/top_tm1638_demo.v:253$246'.
Removing empty process `top_tm1638_demo.$proc$rtl/top_tm1638_demo.v:253$246'.
Found and cleaned up 10 empty switches in `\top_tm1638_demo.$proc$rtl/top_tm1638_demo.v:187$194'.
Removing empty process `top_tm1638_demo.$proc$rtl/top_tm1638_demo.v:187$194'.
Found and cleaned up 1 empty switch in `\tm1638.$proc$rtl/tm1638.v:82$17'.
Removing empty process `tm1638.$proc$rtl/tm1638.v:82$17'.
Found and cleaned up 7 empty switches in `\tm1638.$proc$rtl/tm1638.v:35$7'.
Removing empty process `tm1638.$proc$rtl/tm1638.v:35$7'.
Cleaned up 24 empty switches.

3.3.12. Executing OPT_EXPR pass (perform const folding).
Optimizing module top_tm1638_demo.
<suppressed ~5 debug messages>
Optimizing module tm1638.
<suppressed ~7 debug messages>

3.4. Executing CHECK pass (checking for obvious problems).
Checking module top_tm1638_demo...
Checking module tm1638...
Found and reported 0 problems.

3.5. Executing FLATTEN pass (flatten design).
Deleting now unused module tm1638.
<suppressed ~1 debug messages>

3.6. Executing TRIBUF pass.

3.7. Executing DEMINOUT pass (demote inout ports to input or output).

3.8. Executing OPT_EXPR pass (perform const folding).
Optimizing module top_tm1638_demo.

3.9. Executing OPT_CLEAN pass (remove unused cells and wires).
Finding unused cells or wires in module \top_tm1638_demo..
Removed 142 unused cells and 1028 unused wires.
<suppressed ~151 debug messages>

3.10. Executing CHECK pass (checking for obvious problems).
Checking module top_tm1638_demo...
Found and reported 0 problems.

3.11. Executing OPT pass (performing simple optimizations).

3.11.1. Executing OPT_EXPR pass (perform const folding).
Optimizing module top_tm1638_demo.

3.11.2. Executing OPT_MERGE pass (detect identical cells).
Finding identical cells in module `\top_tm1638_demo'.
Computing hashes of 854 cells of `\top_tm1638_demo'.
Finding duplicate cells in `\top_tm1638_demo'.
Computing hashes of 775 cells of `\top_tm1638_demo'.
Finding duplicate cells in `\top_tm1638_demo'.
<suppressed ~237 debug messages>
Removed a total of 79 cells.

3.11.3. Executing OPT_MUXTREE pass (detect dead branches in mux trees).
Running muxtree optimizer on module \top_tm1638_demo..
  Creating internal representation of mux trees.
  Evaluating internal representation of mux trees.
      Replacing known input bits on port A of cell $procmux$1437: \rst -> 1'0
      Replacing known input bits on port A of cell $procmux$1283: \tm_latch -> 1'0
      Replacing known input bits on port A of cell $procmux$1278: \tm_latch -> 1'0
      Replacing known input bits on port A of cell $procmux$3144: \scroll_dir -> 1'1
      Replacing known input bits on port A of cell $procmux$3140: \scroll_dir -> 1'0
  Analyzing evaluation results.
    dead port 2/2 on $mux $flatten\u_tm1638.$procmux$3399.
    dead port 2/2 on $mux $flatten\u_tm1638.$procmux$3391.
    dead port 2/2 on $mux $flatten\u_tm1638.$procmux$3383.
    dead port 2/2 on $mux $flatten\u_tm1638.$procmux$3376.
    dead port 2/2 on $mux $flatten\u_tm1638.$procmux$3369.
    dead port 2/2 on $mux $flatten\u_tm1638.$procmux$3363.
    dead port 2/2 on $mux $flatten\u_tm1638.$procmux$3357.
    dead port 2/2 on $mux $flatten\u_tm1638.$procmux$3351.
    dead port 2/2 on $mux $flatten\u_tm1638.$procmux$3345.
    dead port 2/2 on $mux $flatten\u_tm1638.$procmux$3339.
    dead port 1/2 on $mux $flatten\u_tm1638.$procmux$3337.
    dead port 2/2 on $mux $flatten\u_tm1638.$procmux$3330.
    dead port 1/2 on $mux $flatten\u_tm1638.$procmux$3328.
    dead port 2/2 on $mux $flatten\u_tm1638.$procmux$3321.
    dead port 1/2 on $mux $flatten\u_tm1638.$procmux$3319.
    dead port 2/2 on $mux $flatten\u_tm1638.$procmux$3312.
    dead port 1/2 on $mux $flatten\u_tm1638.$procmux$3310.
    dead port 2/2 on $mux $flatten\u_tm1638.$procmux$3303.
    dead port 1/2 on $mux $flatten\u_tm1638.$procmux$3301.
    dead port 2/2 on $mux $flatten\u_tm1638.$procmux$3294.
    dead port 1/2 on $mux $flatten\u_tm1638.$procmux$3292.
    dead port 1/2 on $mux $flatten\u_tm1638.$procmux$3289.
    dead port 2/2 on $mux $flatten\u_tm1638.$procmux$3282.
    dead port 1/2 on $mux $flatten\u_tm1638.$procmux$3280.
    dead port 1/2 on $mux $flatten\u_tm1638.$procmux$3277.
    dead port 2/2 on $mux $flatten\u_tm1638.$procmux$3270.
    dead port 1/2 on $mux $flatten\u_tm1638.$procmux$3268.
    dead port 1/2 on $mux $flatten\u_tm1638.$procmux$3265.
    dead port 2/2 on $mux $flatten\u_tm1638.$procmux$3258.
    dead port 1/2 on $mux $flatten\u_tm1638.$procmux$3256.
    dead port 1/2 on $mux $flatten\u_tm1638.$procmux$3253.
    dead port 2/2 on $mux $flatten\u_tm1638.$procmux$3246.
    dead port 1/2 on $mux $flatten\u_tm1638.$procmux$3244.
    dead port 1/2 on $mux $flatten\u_tm1638.$procmux$3241.
    dead port 2/2 on $mux $flatten\u_tm1638.$procmux$3238.
    dead port 2/2 on $mux $flatten\u_tm1638.$procmux$3231.
    dead port 1/2 on $mux $flatten\u_tm1638.$procmux$3229.
    dead port 1/2 on $mux $flatten\u_tm1638.$procmux$3226.
    dead port 2/2 on $mux $flatten\u_tm1638.$procmux$3223.
    dead port 2/2 on $mux $flatten\u_tm1638.$procmux$3216.
    dead port 1/2 on $mux $flatten\u_tm1638.$procmux$3214.
    dead port 1/2 on $mux $flatten\u_tm1638.$procmux$3211.
    dead port 2/2 on $mux $flatten\u_tm1638.$procmux$3208.
Removed 43 multiplexer ports.
<suppressed ~757 debug messages>

3.11.4. Executing OPT_REDUCE pass (consolidate $*mux and $reduce_* inputs).
  Optimizing cells in module \top_tm1638_demo.
    New ctrl vector for $pmux cell $procmux$1419: { $auto$opt_reduce.cc:137:opt_pmux$3510 $auto$opt_reduce.cc:137:opt_pmux$3508 }
    New ctrl vector for $pmux cell $procmux$1320: { $auto$opt_reduce.cc:137:opt_pmux$3512 $procmux$1325_CMP }
    New ctrl vector for $pmux cell $procmux$1283: $auto$opt_reduce.cc:137:opt_pmux$3514
  Optimizing cells in module \top_tm1638_demo.
Performed a total of 5 changes.

3.11.5. Executing OPT_MERGE pass (detect identical cells).
Finding identical cells in module `\top_tm1638_demo'.
Computing hashes of 734 cells of `\top_tm1638_demo'.
Finding duplicate cells in `\top_tm1638_demo'.
Computing hashes of 732 cells of `\top_tm1638_demo'.
Finding duplicate cells in `\top_tm1638_demo'.
<suppressed ~6 debug messages>
Removed a total of 2 cells.

3.11.6. Executing OPT_DFF pass (perform DFF optimizations).

3.11.7. Executing OPT_CLEAN pass (remove unused cells and wires).
Finding unused cells or wires in module \top_tm1638_demo..
Removed 0 unused cells and 126 unused wires.
<suppressed ~1 debug messages>

3.11.8. Executing OPT_EXPR pass (perform const folding).
Optimizing module top_tm1638_demo.

3.11.9. Rerunning OPT passes. (Maybe there is more to do..)

3.11.10. Executing OPT_MUXTREE pass (detect dead branches in mux trees).
Running muxtree optimizer on module \top_tm1638_demo..
  Creating internal representation of mux trees.
  Evaluating internal representation of mux trees.
  Analyzing evaluation results.
Removed 0 multiplexer ports.
<suppressed ~715 debug messages>

3.11.11. Executing OPT_REDUCE pass (consolidate $*mux and $reduce_* inputs).
  Optimizing cells in module \top_tm1638_demo.
Performed a total of 0 changes.

3.11.12. Executing OPT_MERGE pass (detect identical cells).
Finding identical cells in module `\top_tm1638_demo'.
Computing hashes of 732 cells of `\top_tm1638_demo'.
Finding duplicate cells in `\top_tm1638_demo'.
Removed a total of 0 cells.

3.11.13. Executing OPT_DFF pass (perform DFF optimizations).

3.11.14. Executing OPT_CLEAN pass (remove unused cells and wires).
Finding unused cells or wires in module \top_tm1638_demo..

3.11.15. Executing OPT_EXPR pass (perform const folding).
Optimizing module top_tm1638_demo.

3.11.16. Finished fast OPT passes. (There is nothing left to do.)

3.12. Executing FSM pass (extract and optimize FSM).

3.12.1. Executing FSM_DETECT pass (finding FSMs in design).
Not marking top_tm1638_demo.u_tm1638.cur_state as FSM state register:
    Users of register don't seem to benefit from recoding.

3.12.2. Executing FSM_EXTRACT pass (extracting FSM from design).

3.12.3. Executing FSM_OPT pass (simple optimizations of FSMs).

3.12.4. Executing OPT_CLEAN pass (remove unused cells and wires).
Finding unused cells or wires in module \top_tm1638_demo..

3.12.5. Executing FSM_OPT pass (simple optimizations of FSMs).

3.12.6. Executing FSM_RECODE pass (re-assigning FSM state encoding).

3.12.7. Executing FSM_INFO pass (dumping all available information on FSM cells).

3.12.8. Executing FSM_MAP pass (mapping FSMs to basic logic).

3.13. Executing OPT pass (performing simple optimizations).

3.13.1. Executing OPT_EXPR pass (perform const folding).
Optimizing module top_tm1638_demo.

3.13.2. Executing OPT_MERGE pass (detect identical cells).
Finding identical cells in module `\top_tm1638_demo'.
Computing hashes of 732 cells of `\top_tm1638_demo'.
Finding duplicate cells in `\top_tm1638_demo'.
Removed a total of 0 cells.

3.13.3. Executing OPT_MUXTREE pass (detect dead branches in mux trees).
Running muxtree optimizer on module \top_tm1638_demo..
  Creating internal representation of mux trees.
  Evaluating internal representation of mux trees.
  Analyzing evaluation results.
Removed 0 multiplexer ports.
<suppressed ~715 debug messages>

3.13.4. Executing OPT_REDUCE pass (consolidate $*mux and $reduce_* inputs).
  Optimizing cells in module \top_tm1638_demo.
Performed a total of 0 changes.

3.13.5. Executing OPT_MERGE pass (detect identical cells).
Finding identical cells in module `\top_tm1638_demo'.
Computing hashes of 732 cells of `\top_tm1638_demo'.
Finding duplicate cells in `\top_tm1638_demo'.
Removed a total of 0 cells.

3.13.6. Executing OPT_DFF pass (perform DFF optimizations).
Adding SRST signal on $procdff$3425 ($dff) from module top_tm1638_demo (D = $procmux$1431_Y, Q = \tm_cs, rval = 1'1).
Adding EN signal on $auto$ff.cc:337:slice$3515 ($sdff) from module top_tm1638_demo (D = $procmux$1419_Y, Q = \tm_cs).
Adding SRST signal on $procdff$3426 ($dff) from module top_tm1638_demo (D = $procmux$1412_Y, Q = \instruction_step, rval = 6'000000).
Adding EN signal on $auto$ff.cc:337:slice$3523 ($sdff) from module top_tm1638_demo (D = $procmux$1407_Y, Q = \instruction_step).
Adding SRST signal on $procdff$3427 ($dff) from module top_tm1638_demo (D = $procmux$1400_Y, Q = \keys, rval = 8'00000000).
Adding EN signal on $auto$ff.cc:337:slice$3529 ($sdff) from module top_tm1638_demo (D = \key_scan, Q = \keys).
Adding SRST signal on $procdff$3428 ($dff) from module top_tm1638_demo (D = { $procmux$666_Y $procmux$706_Y $procmux$788_Y $procmux$874_Y $procmux$912_Y $procmux$746_Y $procmux$830_Y $procmux$956_Y }, Q = \key_scan, rval = 8'00000000).
Adding EN signal on $auto$ff.cc:337:slice$3535 ($sdff) from module top_tm1638_demo (D = { \u_tm1638.data [4] \u_tm1638.data [0] }, Q = { \key_scan [7] \key_scan [3] }).
Adding EN signal on $auto$ff.cc:337:slice$3535 ($sdff) from module top_tm1638_demo (D = { \u_tm1638.data [4] \u_tm1638.data [0] }, Q = { \key_scan [6] \key_scan [2] }).
Adding EN signal on $auto$ff.cc:337:slice$3535 ($sdff) from module top_tm1638_demo (D = { \u_tm1638.data [4] \u_tm1638.data [0] }, Q = { \key_scan [5] \key_scan [1] }).
Adding EN signal on $auto$ff.cc:337:slice$3535 ($sdff) from module top_tm1638_demo (D = { \u_tm1638.data [4] \u_tm1638.data [0] }, Q = { \key_scan [4] \key_scan [0] }).
Adding SRST signal on $procdff$3490 ($dff) from module top_tm1638_demo (D = $procmux$1986_Y, Q = \scroll_buffer[38], rval = 7'1000000).
Adding EN signal on $auto$ff.cc:337:slice$3556 ($sdff) from module top_tm1638_demo (D = $procmux$1984_Y, Q = \scroll_buffer[38]).
Adding SRST signal on $procdff$3430 ($dff) from module top_tm1638_demo (D = $procmux$1330_Y, Q = \tm_rw, rval = 1'1).
Adding EN signal on $auto$ff.cc:337:slice$3562 ($sdff) from module top_tm1638_demo (D = $procmux$1320_Y, Q = \tm_rw).
Adding SRST signal on $procdff$3431 ($dff) from module top_tm1638_demo (D = $procmux$1283_Y, Q = \tm_latch, rval = 1'0).
Adding SRST signal on $procdff$3432 ($dff) from module top_tm1638_demo (D = $procmux$1273_Y, Q = \tm_out, rval = 8'00000000).
Adding EN signal on $auto$ff.cc:337:slice$3575 ($sdff) from module top_tm1638_demo (D = $procmux$1249_Y, Q = \tm_out).
Adding SRST signal on $procdff$3433 ($dff) from module top_tm1638_demo (D = $add$rtl/top_tm1638_demo.v:267$247_Y, Q = \scan_div, rval = 6'000000).
Adding SRST signal on $procdff$3434 ($dff) from module top_tm1638_demo (D = $procmux$1241_Y, Q = \frame[0], rval = 7'0000000).
Adding EN signal on $auto$ff.cc:337:slice$3584 ($sdff) from module top_tm1638_demo (D = \scroll_buffer[18], Q = \frame[0]).
Adding SRST signal on $procdff$3435 ($dff) from module top_tm1638_demo (D = $procmux$1208_Y, Q = \frame[1], rval = 7'0000000).
Adding EN signal on $auto$ff.cc:337:slice$3590 ($sdff) from module top_tm1638_demo (D = \scroll_buffer[19], Q = \frame[1]).
Adding SRST signal on $procdff$3436 ($dff) from module top_tm1638_demo (D = $procmux$1175_Y, Q = \frame[2], rval = 7'0000000).
Adding EN signal on $auto$ff.cc:337:slice$3596 ($sdff) from module top_tm1638_demo (D = \scroll_buffer[20], Q = \frame[2]).
Adding SRST signal on $procdff$3437 ($dff) from module top_tm1638_demo (D = $procmux$1142_Y, Q = \frame[3], rval = 7'0000000).
Adding EN signal on $auto$ff.cc:337:slice$3602 ($sdff) from module top_tm1638_demo (D = \scroll_buffer[21], Q = \frame[3]).
Adding SRST signal on $procdff$3438 ($dff) from module top_tm1638_demo (D = $procmux$1109_Y, Q = \frame[4], rval = 7'0000000).
Adding EN signal on $auto$ff.cc:337:slice$3608 ($sdff) from module top_tm1638_demo (D = \scroll_buffer[22], Q = \frame[4]).
Adding SRST signal on $procdff$3439 ($dff) from module top_tm1638_demo (D = $procmux$1076_Y, Q = \frame[5], rval = 7'0000000).
Adding EN signal on $auto$ff.cc:337:slice$3614 ($sdff) from module top_tm1638_demo (D = \scroll_buffer[23], Q = \frame[5]).
Adding SRST signal on $procdff$3440 ($dff) from module top_tm1638_demo (D = $procmux$1043_Y, Q = \frame[6], rval = 7'0000000).
Adding EN signal on $auto$ff.cc:337:slice$3620 ($sdff) from module top_tm1638_demo (D = \scroll_buffer[24], Q = \frame[6]).
Adding SRST signal on $procdff$3441 ($dff) from module top_tm1638_demo (D = $procmux$1010_Y, Q = \frame[7], rval = 7'0000000).
Adding EN signal on $auto$ff.cc:337:slice$3626 ($sdff) from module top_tm1638_demo (D = \scroll_buffer[25], Q = \frame[7]).
Adding SRST signal on $procdff$3442 ($dff) from module top_tm1638_demo (D = $add$rtl/top_tm1638_demo.v:245$245_Y, Q = \anim_counter, rval = 24'000000000000000000000000).
Adding SRST signal on $procdff$3443 ($dff) from module top_tm1638_demo (D = $procmux$3180_Y, Q = \scroll_pos, rval = 6'000000).
Adding EN signal on $auto$ff.cc:337:slice$3635 ($sdff) from module top_tm1638_demo (D = $procmux$3178_Y, Q = \scroll_pos).
Adding SRST signal on $procdff$3444 ($dff) from module top_tm1638_demo (D = $procmux$3150_Y, Q = \scroll_dir, rval = 1'1).
Adding EN signal on $auto$ff.cc:337:slice$3641 ($sdff) from module top_tm1638_demo (D = $procmux$3148_Y, Q = \scroll_dir).
Adding SRST signal on $procdff$3489 ($dff) from module top_tm1638_demo (D = $procmux$2016_Y, Q = \scroll_buffer[37], rval = 7'1111001).
Adding EN signal on $auto$ff.cc:337:slice$3647 ($sdff) from module top_tm1638_demo (D = $procmux$2014_Y, Q = \scroll_buffer[37]).
Adding SRST signal on $procdff$3488 ($dff) from module top_tm1638_demo (D = $procmux$2046_Y, Q = \scroll_buffer[36], rval = 7'1110000).
Adding EN signal on $auto$ff.cc:337:slice$3653 ($sdff) from module top_tm1638_demo (D = $procmux$2044_Y, Q = \scroll_buffer[36]).
Adding SRST signal on $procdff$3487 ($dff) from module top_tm1638_demo (D = $procmux$2076_Y, Q = \scroll_buffer[35], rval = 7'1000000).
Adding EN signal on $auto$ff.cc:337:slice$3659 ($sdff) from module top_tm1638_demo (D = $procmux$2074_Y, Q = \scroll_buffer[35]).
Adding SRST signal on $procdff$3486 ($dff) from module top_tm1638_demo (D = $procmux$2106_Y, Q = \scroll_buffer[34], rval = 7'1111111).
Adding EN signal on $auto$ff.cc:337:slice$3665 ($sdff) from module top_tm1638_demo (D = $procmux$2104_Y, Q = \scroll_buffer[34]).
Adding SRST signal on $procdff$3485 ($dff) from module top_tm1638_demo (D = $procmux$2136_Y, Q = \scroll_buffer[33], rval = 7'0111111).
Adding EN signal on $auto$ff.cc:337:slice$3671 ($sdff) from module top_tm1638_demo (D = $procmux$2134_Y, Q = \scroll_buffer[33]).
Adding SRST signal on $procdff$3484 ($dff) from module top_tm1638_demo (D = $procmux$2166_Y, Q = \scroll_buffer[32], rval = 7'1101111).
Adding EN signal on $auto$ff.cc:337:slice$3677 ($sdff) from module top_tm1638_demo (D = $procmux$2164_Y, Q = \scroll_buffer[32]).
Adding SRST signal on $procdff$3483 ($dff) from module top_tm1638_demo (D = $procmux$2196_Y, Q = \scroll_buffer[31], rval = 7'1101101).
Adding EN signal on $auto$ff.cc:337:slice$3683 ($sdff) from module top_tm1638_demo (D = $procmux$2194_Y, Q = \scroll_buffer[31]).
Adding SRST signal on $procdff$3452 ($dff) from module top_tm1638_demo (D = $procmux$3126_Y, Q = \scroll_buffer[0], rval = 7'0000000).
Adding EN signal on $auto$ff.cc:337:slice$3689 ($sdff) from module top_tm1638_demo (D = $procmux$3124_Y, Q = \scroll_buffer[0]).
Adding SRST signal on $procdff$3453 ($dff) from module top_tm1638_demo (D = $procmux$3096_Y, Q = \scroll_buffer[1], rval = 7'0000000).
Adding EN signal on $auto$ff.cc:337:slice$3695 ($sdff) from module top_tm1638_demo (D = $procmux$3094_Y, Q = \scroll_buffer[1]).
Adding SRST signal on $procdff$3454 ($dff) from module top_tm1638_demo (D = $procmux$3066_Y, Q = \scroll_buffer[2], rval = 7'0000000).
Adding EN signal on $auto$ff.cc:337:slice$3701 ($sdff) from module top_tm1638_demo (D = $procmux$3064_Y, Q = \scroll_buffer[2]).
Adding SRST signal on $procdff$3455 ($dff) from module top_tm1638_demo (D = $procmux$3036_Y, Q = \scroll_buffer[3], rval = 7'0000000).
Adding EN signal on $auto$ff.cc:337:slice$3707 ($sdff) from module top_tm1638_demo (D = $procmux$3034_Y, Q = \scroll_buffer[3]).
Adding SRST signal on $procdff$3456 ($dff) from module top_tm1638_demo (D = $procmux$3006_Y, Q = \scroll_buffer[4], rval = 7'0000000).
Adding EN signal on $auto$ff.cc:337:slice$3713 ($sdff) from module top_tm1638_demo (D = $procmux$3004_Y, Q = \scroll_buffer[4]).
Adding SRST signal on $procdff$3457 ($dff) from module top_tm1638_demo (D = $procmux$2976_Y, Q = \scroll_buffer[5], rval = 7'0000000).
Adding EN signal on $auto$ff.cc:337:slice$3719 ($sdff) from module top_tm1638_demo (D = $procmux$2974_Y, Q = \scroll_buffer[5]).
Adding SRST signal on $procdff$3458 ($dff) from module top_tm1638_demo (D = $procmux$2946_Y, Q = \scroll_buffer[6], rval = 7'0000000).
Adding EN signal on $auto$ff.cc:337:slice$3725 ($sdff) from module top_tm1638_demo (D = $procmux$2944_Y, Q = \scroll_buffer[6]).
Adding SRST signal on $procdff$3459 ($dff) from module top_tm1638_demo (D = $procmux$2916_Y, Q = \scroll_buffer[7], rval = 7'0000000).
Adding EN signal on $auto$ff.cc:337:slice$3731 ($sdff) from module top_tm1638_demo (D = $procmux$2914_Y, Q = \scroll_buffer[7]).
Adding SRST signal on $procdff$3460 ($dff) from module top_tm1638_demo (D = $procmux$2886_Y, Q = \scroll_buffer[8], rval = 7'0000000).
Adding EN signal on $auto$ff.cc:337:slice$3737 ($sdff) from module top_tm1638_demo (D = $procmux$2884_Y, Q = \scroll_buffer[8]).
Adding SRST signal on $procdff$3461 ($dff) from module top_tm1638_demo (D = $procmux$2856_Y, Q = \scroll_buffer[9], rval = 7'0000000).
Adding EN signal on $auto$ff.cc:337:slice$3743 ($sdff) from module top_tm1638_demo (D = $procmux$2854_Y, Q = \scroll_buffer[9]).
Adding SRST signal on $procdff$3462 ($dff) from module top_tm1638_demo (D = $procmux$2826_Y, Q = \scroll_buffer[10], rval = 7'0000000).
Adding EN signal on $auto$ff.cc:337:slice$3749 ($sdff) from module top_tm1638_demo (D = $procmux$2824_Y, Q = \scroll_buffer[10]).
Adding SRST signal on $procdff$3463 ($dff) from module top_tm1638_demo (D = $procmux$2796_Y, Q = \scroll_buffer[11], rval = 7'0000000).
Adding EN signal on $auto$ff.cc:337:slice$3755 ($sdff) from module top_tm1638_demo (D = $procmux$2794_Y, Q = \scroll_buffer[11]).
Adding SRST signal on $procdff$3464 ($dff) from module top_tm1638_demo (D = $procmux$2766_Y, Q = \scroll_buffer[12], rval = 7'0000000).
Adding EN signal on $auto$ff.cc:337:slice$3761 ($sdff) from module top_tm1638_demo (D = $procmux$2764_Y, Q = \scroll_buffer[12]).
Adding SRST signal on $procdff$3465 ($dff) from module top_tm1638_demo (D = $procmux$2736_Y, Q = \scroll_buffer[13], rval = 7'0000000).
Adding EN signal on $auto$ff.cc:337:slice$3767 ($sdff) from module top_tm1638_demo (D = $procmux$2734_Y, Q = \scroll_buffer[13]).
Adding SRST signal on $procdff$3466 ($dff) from module top_tm1638_demo (D = $procmux$2706_Y, Q = \scroll_buffer[14], rval = 7'0000000).
Adding EN signal on $auto$ff.cc:337:slice$3773 ($sdff) from module top_tm1638_demo (D = $procmux$2704_Y, Q = \scroll_buffer[14]).
Adding SRST signal on $procdff$3467 ($dff) from module top_tm1638_demo (D = $procmux$2676_Y, Q = \scroll_buffer[15], rval = 7'0000000).
Adding EN signal on $auto$ff.cc:337:slice$3779 ($sdff) from module top_tm1638_demo (D = $procmux$2674_Y, Q = \scroll_buffer[15]).
Adding SRST signal on $procdff$3468 ($dff) from module top_tm1638_demo (D = $procmux$2646_Y, Q = \scroll_buffer[16], rval = 7'0000000).
Adding EN signal on $auto$ff.cc:337:slice$3785 ($sdff) from module top_tm1638_demo (D = $procmux$2644_Y, Q = \scroll_buffer[16]).
Adding SRST signal on $procdff$3469 ($dff) from module top_tm1638_demo (D = $procmux$2616_Y, Q = \scroll_buffer[17], rval = 7'0000000).
Adding EN signal on $auto$ff.cc:337:slice$3791 ($sdff) from module top_tm1638_demo (D = $procmux$2614_Y, Q = \scroll_buffer[17]).
Adding SRST signal on $procdff$3470 ($dff) from module top_tm1638_demo (D = $procmux$2586_Y, Q = \scroll_buffer[18], rval = 7'0000000).
Adding EN signal on $auto$ff.cc:337:slice$3797 ($sdff) from module top_tm1638_demo (D = $procmux$2584_Y, Q = \scroll_buffer[18]).
Adding SRST signal on $procdff$3471 ($dff) from module top_tm1638_demo (D = $procmux$2556_Y, Q = \scroll_buffer[19], rval = 7'0000000).
Adding EN signal on $auto$ff.cc:337:slice$3803 ($sdff) from module top_tm1638_demo (D = $procmux$2554_Y, Q = \scroll_buffer[19]).
Adding SRST signal on $procdff$3472 ($dff) from module top_tm1638_demo (D = $procmux$2526_Y, Q = \scroll_buffer[20], rval = 7'0000000).
Adding EN signal on $auto$ff.cc:337:slice$3809 ($sdff) from module top_tm1638_demo (D = $procmux$2524_Y, Q = \scroll_buffer[20]).
Adding SRST signal on $procdff$3473 ($dff) from module top_tm1638_demo (D = $procmux$2496_Y, Q = \scroll_buffer[21], rval = 7'0000000).
Adding EN signal on $auto$ff.cc:337:slice$3815 ($sdff) from module top_tm1638_demo (D = $procmux$2494_Y, Q = \scroll_buffer[21]).
Adding SRST signal on $procdff$3474 ($dff) from module top_tm1638_demo (D = $procmux$2466_Y, Q = \scroll_buffer[22], rval = 7'0000000).
Adding EN signal on $auto$ff.cc:337:slice$3821 ($sdff) from module top_tm1638_demo (D = $procmux$2464_Y, Q = \scroll_buffer[22]).
Adding SRST signal on $procdff$3475 ($dff) from module top_tm1638_demo (D = $procmux$2436_Y, Q = \scroll_buffer[23], rval = 7'0000000).
Adding EN signal on $auto$ff.cc:337:slice$3827 ($sdff) from module top_tm1638_demo (D = $procmux$2434_Y, Q = \scroll_buffer[23]).
Adding SRST signal on $procdff$3476 ($dff) from module top_tm1638_demo (D = $procmux$2406_Y, Q = \scroll_buffer[24], rval = 7'0000000).
Adding EN signal on $auto$ff.cc:337:slice$3833 ($sdff) from module top_tm1638_demo (D = $procmux$2404_Y, Q = \scroll_buffer[24]).
Adding SRST signal on $procdff$3477 ($dff) from module top_tm1638_demo (D = $procmux$2376_Y, Q = \scroll_buffer[25], rval = 7'0000000).
Adding EN signal on $auto$ff.cc:337:slice$3839 ($sdff) from module top_tm1638_demo (D = $procmux$2374_Y, Q = \scroll_buffer[25]).
Adding SRST signal on $procdff$3478 ($dff) from module top_tm1638_demo (D = $procmux$2346_Y, Q = \scroll_buffer[26], rval = 7'1011011).
Adding EN signal on $auto$ff.cc:337:slice$3845 ($sdff) from module top_tm1638_demo (D = $procmux$2344_Y, Q = \scroll_buffer[26]).
Adding SRST signal on $procdff$3479 ($dff) from module top_tm1638_demo (D = $procmux$2316_Y, Q = \scroll_buffer[27], rval = 7'1011011).
Adding EN signal on $auto$ff.cc:337:slice$3851 ($sdff) from module top_tm1638_demo (D = $procmux$2314_Y, Q = \scroll_buffer[27]).
Adding SRST signal on $procdff$3480 ($dff) from module top_tm1638_demo (D = $procmux$2286_Y, Q = \scroll_buffer[28], rval = 7'1000000).
Adding EN signal on $auto$ff.cc:337:slice$3857 ($sdff) from module top_tm1638_demo (D = $procmux$2284_Y, Q = \scroll_buffer[28]).
Adding SRST signal on $procdff$3481 ($dff) from module top_tm1638_demo (D = $procmux$2256_Y, Q = \scroll_buffer[29], rval = 7'1101101).
Adding EN signal on $auto$ff.cc:337:slice$3863 ($sdff) from module top_tm1638_demo (D = $procmux$2254_Y, Q = \scroll_buffer[29]).
Adding SRST signal on $procdff$3482 ($dff) from module top_tm1638_demo (D = $procmux$2226_Y, Q = \scroll_buffer[30], rval = 7'0111111).
Adding EN signal on $auto$ff.cc:337:slice$3869 ($sdff) from module top_tm1638_demo (D = $procmux$2224_Y, Q = \scroll_buffer[30]).
Adding SRST signal on $flatten\u_tm1638.$procdff$3496 ($dff) from module top_tm1638_demo (D = \u_tm1638.dio_out_d, Q = \u_tm1638.dio_out, rval = 1'0).
Adding EN signal on $auto$ff.cc:337:slice$3875 ($sdff) from module top_tm1638_demo (D = $flatten\u_tm1638.$2\dio_out_d[0:0], Q = \u_tm1638.dio_out).
Adding SRST signal on $flatten\u_tm1638.$procdff$3497 ($dff) from module top_tm1638_demo (D = \u_tm1638.next_state, Q = \u_tm1638.cur_state, rval = 2'00).
Adding EN signal on $auto$ff.cc:337:slice$3885 ($sdff) from module top_tm1638_demo (D = \u_tm1638.next_state, Q = \u_tm1638.cur_state).
Adding SRST signal on $flatten\u_tm1638.$procdff$3498 ($dff) from module top_tm1638_demo (D = \u_tm1638.sclk_d, Q = \u_tm1638.sclk_q, rval = 6'000000).
Adding EN signal on $auto$ff.cc:337:slice$3901 ($sdff) from module top_tm1638_demo (D = \u_tm1638.sclk_d, Q = \u_tm1638.sclk_q).
Adding SRST signal on $flatten\u_tm1638.$procdff$3499 ($dff) from module top_tm1638_demo (D = \u_tm1638.data_d, Q = \u_tm1638.data_q, rval = 8'00000000).
Adding EN signal on $auto$ff.cc:337:slice$3905 ($sdff) from module top_tm1638_demo (D = \u_tm1638.data_d, Q = \u_tm1638.data_q).
Adding SRST signal on $flatten\u_tm1638.$procdff$3500 ($dff) from module top_tm1638_demo (D = \u_tm1638.data_out_d, Q = \u_tm1638.data_out_q, rval = 8'00000000).
Adding EN signal on $auto$ff.cc:337:slice$3917 ($sdff) from module top_tm1638_demo (D = \u_tm1638.data_q, Q = \u_tm1638.data_out_q).
Adding SRST signal on $flatten\u_tm1638.$procdff$3501 ($dff) from module top_tm1638_demo (D = \u_tm1638.ctr_d, Q = \u_tm1638.ctr_q, rval = 3'000).
Adding EN signal on $auto$ff.cc:337:slice$3925 ($sdff) from module top_tm1638_demo (D = $flatten\u_tm1638.$add$rtl/tm1638.v:68$15_Y [2:0], Q = \u_tm1638.ctr_q).
Adding SRST signal on $procdff$3495 ($dff) from module top_tm1638_demo (D = $procmux$1836_Y, Q = \scroll_buffer[43], rval = 7'1101111).
Adding EN signal on $auto$ff.cc:337:slice$3933 ($sdff) from module top_tm1638_demo (D = $procmux$1834_Y, Q = \scroll_buffer[43]).
Adding SRST signal on $procdff$3494 ($dff) from module top_tm1638_demo (D = $procmux$1866_Y, Q = \scroll_buffer[42], rval = 7'1101111).
Adding EN signal on $auto$ff.cc:337:slice$3939 ($sdff) from module top_tm1638_demo (D = $procmux$1864_Y, Q = \scroll_buffer[42]).
Adding SRST signal on $procdff$3493 ($dff) from module top_tm1638_demo (D = $procmux$1896_Y, Q = \scroll_buffer[41], rval = 7'1001111).
Adding EN signal on $auto$ff.cc:337:slice$3945 ($sdff) from module top_tm1638_demo (D = $procmux$1894_Y, Q = \scroll_buffer[41]).
Adding SRST signal on $procdff$3492 ($dff) from module top_tm1638_demo (D = $procmux$1926_Y, Q = \scroll_buffer[40], rval = 7'1101101).
Adding EN signal on $auto$ff.cc:337:slice$3951 ($sdff) from module top_tm1638_demo (D = $procmux$1924_Y, Q = \scroll_buffer[40]).
Adding SRST signal on $procdff$3491 ($dff) from module top_tm1638_demo (D = $procmux$1956_Y, Q = \scroll_buffer[39], rval = 7'1101101).
Adding EN signal on $auto$ff.cc:337:slice$3957 ($sdff) from module top_tm1638_demo (D = $procmux$1954_Y, Q = \scroll_buffer[39]).

3.13.7. Executing OPT_CLEAN pass (remove unused cells and wires).
Finding unused cells or wires in module \top_tm1638_demo..
Removed 194 unused cells and 187 unused wires.
<suppressed ~198 debug messages>

3.13.8. Executing OPT_EXPR pass (perform const folding).
Optimizing module top_tm1638_demo.
<suppressed ~53 debug messages>

3.13.9. Rerunning OPT passes. (Maybe there is more to do..)

3.13.10. Executing OPT_MUXTREE pass (detect dead branches in mux trees).
Running muxtree optimizer on module \top_tm1638_demo..
  Creating internal representation of mux trees.
  Evaluating internal representation of mux trees.
  Analyzing evaluation results.
Removed 0 multiplexer ports.
<suppressed ~491 debug messages>

3.13.11. Executing OPT_REDUCE pass (consolidate $*mux and $reduce_* inputs).
  Optimizing cells in module \top_tm1638_demo.
    New input vector for $reduce_and cell $auto$opt_dff.cc:368:make_patterns_logic$3932: { \u_tm1638.sclk_q $flatten\u_tm1638.$eq$rtl/tm1638.v:33$4_Y $auto$rtlil.cc:3251:Not$3928 $auto$rtlil.cc:3251:Not$3930 }
    New input vector for $reduce_and cell $auto$opt_dff.cc:368:make_patterns_logic$3924: { \u_tm1638.sclk_q \u_tm1638.ctr_q $flatten\u_tm1638.$eq$rtl/tm1638.v:33$4_Y $auto$rtlil.cc:3251:Not$3920 $auto$rtlil.cc:3251:Not$3922 }
  Optimizing cells in module \top_tm1638_demo.
Performed a total of 2 changes.

3.13.12. Executing OPT_MERGE pass (detect identical cells).
Finding identical cells in module `\top_tm1638_demo'.
Computing hashes of 696 cells of `\top_tm1638_demo'.
Finding duplicate cells in `\top_tm1638_demo'.
Computing hashes of 631 cells of `\top_tm1638_demo'.
Finding duplicate cells in `\top_tm1638_demo'.
Computing hashes of 579 cells of `\top_tm1638_demo'.
Finding duplicate cells in `\top_tm1638_demo'.
<suppressed ~351 debug messages>
Removed a total of 117 cells.

3.13.13. Executing OPT_DFF pass (perform DFF optimizations).

3.13.14. Executing OPT_CLEAN pass (remove unused cells and wires).
Finding unused cells or wires in module \top_tm1638_demo..
Removed 0 unused cells and 117 unused wires.
<suppressed ~1 debug messages>

3.13.15. Executing OPT_EXPR pass (perform const folding).
Optimizing module top_tm1638_demo.

3.13.16. Rerunning OPT passes. (Maybe there is more to do..)

3.13.17. Executing OPT_MUXTREE pass (detect dead branches in mux trees).
Running muxtree optimizer on module \top_tm1638_demo..
  Creating internal representation of mux trees.
  Evaluating internal representation of mux trees.
  Analyzing evaluation results.
Removed 0 multiplexer ports.
<suppressed ~491 debug messages>

3.13.18. Executing OPT_REDUCE pass (consolidate $*mux and $reduce_* inputs).
  Optimizing cells in module \top_tm1638_demo.
Performed a total of 0 changes.

3.13.19. Executing OPT_MERGE pass (detect identical cells).
Finding identical cells in module `\top_tm1638_demo'.
Computing hashes of 579 cells of `\top_tm1638_demo'.
Finding duplicate cells in `\top_tm1638_demo'.
Removed a total of 0 cells.

3.13.20. Executing OPT_DFF pass (perform DFF optimizations).

3.13.21. Executing OPT_CLEAN pass (remove unused cells and wires).
Finding unused cells or wires in module \top_tm1638_demo..

3.13.22. Executing OPT_EXPR pass (perform const folding).
Optimizing module top_tm1638_demo.

3.13.23. Finished fast OPT passes. (There is nothing left to do.)

3.14. Executing WREDUCE pass (reducing word size of cells).
Removed top 1 bits (of 2) from port B of cell top_tm1638_demo.$auto$opt_dff.cc:351:make_patterns_logic$3890 ($ne).
Removed top 5 bits (of 8) from FF cell top_tm1638_demo.$auto$ff.cc:337:slice$3530 ($sdffe).
Removed top 5 bits (of 8) from mux cell top_tm1638_demo.$ternary$rtl/top_tm1638_demo.v:80$188 ($mux).
Removed top 5 bits (of 8) from mux cell top_tm1638_demo.$ternary$rtl/top_tm1638_demo.v:79$189 ($mux).
Removed top 5 bits (of 8) from mux cell top_tm1638_demo.$ternary$rtl/top_tm1638_demo.v:78$190 ($mux).
Removed top 5 bits (of 8) from mux cell top_tm1638_demo.$ternary$rtl/top_tm1638_demo.v:77$191 ($mux).
Removed top 8 bits (of 32) from port B of cell top_tm1638_demo.$ge$rtl/top_tm1638_demo.v:185$193 ($ge).
Removed top 1 bits (of 2) from port B of cell top_tm1638_demo.$eq$rtl/top_tm1638_demo.v:221$234 ($eq).
Removed top 1 bits (of 6) from port B of cell top_tm1638_demo.$ge$rtl/top_tm1638_demo.v:223$237 ($ge).
Removed top 2 bits (of 6) from port B of cell top_tm1638_demo.$procmux$742_CMP0 ($eq).
Removed top 3 bits (of 6) from port B of cell top_tm1638_demo.$procmux$826_CMP0 ($eq).
Removed top 2 bits (of 6) from port B of cell top_tm1638_demo.$procmux$908_CMP0 ($eq).
Removed top 3 bits (of 6) from port B of cell top_tm1638_demo.$procmux$952_CMP0 ($eq).
Removed top 1 bits (of 6) from port B of cell top_tm1638_demo.$procmux$1286_CMP0 ($eq).
Removed top 1 bits (of 6) from port B of cell top_tm1638_demo.$procmux$1287_CMP0 ($eq).
Removed top 1 bits (of 6) from port B of cell top_tm1638_demo.$procmux$1288_CMP0 ($eq).
Removed top 1 bits (of 6) from port B of cell top_tm1638_demo.$procmux$1289_CMP0 ($eq).
Removed top 1 bits (of 6) from port B of cell top_tm1638_demo.$procmux$1290_CMP0 ($eq).
Removed top 1 bits (of 6) from port B of cell top_tm1638_demo.$procmux$1291_CMP0 ($eq).
Removed top 1 bits (of 6) from port B of cell top_tm1638_demo.$procmux$1292_CMP0 ($eq).
Removed top 1 bits (of 6) from port B of cell top_tm1638_demo.$procmux$1293_CMP0 ($eq).
Removed top 1 bits (of 6) from port B of cell top_tm1638_demo.$procmux$1294_CMP0 ($eq).
Removed top 1 bits (of 6) from port B of cell top_tm1638_demo.$procmux$1295_CMP0 ($eq).
Removed top 1 bits (of 6) from port B of cell top_tm1638_demo.$procmux$1296_CMP0 ($eq).
Removed top 1 bits (of 6) from port B of cell top_tm1638_demo.$procmux$1297_CMP0 ($eq).
Removed top 1 bits (of 6) from port B of cell top_tm1638_demo.$procmux$1298_CMP0 ($eq).
Removed top 1 bits (of 6) from port B of cell top_tm1638_demo.$procmux$1299_CMP0 ($eq).
Removed top 1 bits (of 6) from port B of cell top_tm1638_demo.$procmux$1300_CMP0 ($eq).
Removed top 1 bits (of 6) from port B of cell top_tm1638_demo.$procmux$1301_CMP0 ($eq).
Removed top 2 bits (of 6) from port B of cell top_tm1638_demo.$procmux$1302_CMP0 ($eq).
Removed top 2 bits (of 6) from port B of cell top_tm1638_demo.$procmux$1303_CMP0 ($eq).
Removed top 3 bits (of 6) from port B of cell top_tm1638_demo.$procmux$1304_CMP0 ($eq).
Removed top 3 bits (of 6) from port B of cell top_tm1638_demo.$procmux$1305_CMP0 ($eq).
Removed top 4 bits (of 6) from port B of cell top_tm1638_demo.$procmux$1307_CMP0 ($eq).
Removed top 4 bits (of 6) from port B of cell top_tm1638_demo.$procmux$1325_CMP0 ($eq).
Removed top 2 bits (of 6) from port B of cell top_tm1638_demo.$procmux$1423_CMP0 ($eq).
Removed top 2 bits (of 6) from port B of cell top_tm1638_demo.$procmux$1424_CMP0 ($eq).
Removed top 2 bits (of 6) from port B of cell top_tm1638_demo.$procmux$1425_CMP0 ($eq).
Removed top 2 bits (of 6) from port B of cell top_tm1638_demo.$procmux$1426_CMP0 ($eq).
Removed top 5 bits (of 6) from port B of cell top_tm1638_demo.$procmux$1427_CMP0 ($eq).
Removed top 1 bits (of 2) from port B of cell top_tm1638_demo.$flatten\u_tm1638.$procmux$3413_CMP0 ($eq).
Removed top 31 bits (of 32) from port B of cell top_tm1638_demo.$flatten\u_tm1638.$add$rtl/tm1638.v:68$15 ($add).
Removed top 29 bits (of 32) from port Y of cell top_tm1638_demo.$flatten\u_tm1638.$add$rtl/tm1638.v:68$15 ($add).
Removed top 1 bits (of 6) from port B of cell top_tm1638_demo.$flatten\u_tm1638.$eq$rtl/tm1638.v:65$13 ($eq).
Removed top 31 bits (of 32) from port B of cell top_tm1638_demo.$flatten\u_tm1638.$add$rtl/tm1638.v:62$11 ($add).
Removed top 26 bits (of 32) from port Y of cell top_tm1638_demo.$flatten\u_tm1638.$add$rtl/tm1638.v:62$11 ($add).
Removed top 1 bits (of 2) from FF cell top_tm1638_demo.$auto$ff.cc:337:slice$3551 ($sdffe).
Removed top 1 bits (of 2) from FF cell top_tm1638_demo.$auto$ff.cc:337:slice$3546 ($sdffe).
Removed top 1 bits (of 2) from FF cell top_tm1638_demo.$auto$ff.cc:337:slice$3541 ($sdffe).
Removed cell top_tm1638_demo.$auto$ff.cc:337:slice$3536 ($sdffe).
Removed top 29 bits (of 32) from wire top_tm1638_demo.$flatten\u_tm1638.$add$rtl/tm1638.v:68$15_Y.
Removed top 26 bits (of 32) from wire top_tm1638_demo.$flatten\u_tm1638.$add$rtl/tm1638.v:54$9_Y.
Removed top 5 bits (of 8) from wire top_tm1638_demo.$ternary$rtl/top_tm1638_demo.v:78$190_Y.
Removed top 5 bits (of 8) from wire top_tm1638_demo.$ternary$rtl/top_tm1638_demo.v:79$189_Y.
Removed top 5 bits (of 8) from wire top_tm1638_demo.$ternary$rtl/top_tm1638_demo.v:80$188_Y.
Removed top 5 bits (of 8) from wire top_tm1638_demo.led_data.
Removed top 5 bits (of 8) from wire top_tm1638_demo.key_scan.
Removed top 5 bits (of 8) from wire top_tm1638_demo.keys.

3.15. Executing PEEPOPT pass (run peephole optimizers).

3.16. Executing OPT_CLEAN pass (remove unused cells and wires).
Finding unused cells or wires in module \top_tm1638_demo..
Removed 2 unused cells and 10 unused wires.
<suppressed ~3 debug messages>

3.17. Executing SHARE pass (SAT-based resource sharing).

3.18. Executing TECHMAP pass (map to technology primitives).

3.18.1. Executing Verilog-2005 frontend: D:\tools\oss-cad-suite\bin\../share/yosys/cmp2lut.v
Parsing Verilog input from `D:\tools\oss-cad-suite\bin\../share/yosys/cmp2lut.v' to AST representation.
Generating RTLIL representation for module `\_90_lut_cmp_'.
Successfully finished Verilog frontend.

3.18.2. Continuing TECHMAP pass.
No more expansions possible.
<suppressed ~62 debug messages>

3.19. Executing OPT_EXPR pass (perform const folding).
Optimizing module top_tm1638_demo.

3.20. Executing OPT_CLEAN pass (remove unused cells and wires).
Finding unused cells or wires in module \top_tm1638_demo..

3.21. Executing ALUMACC pass (create $alu and $macc cells).
Extracting $alu and $macc cells in module top_tm1638_demo:
  creating $macc model for $flatten\u_tm1638.$add$rtl/tm1638.v:68$15 ($add).
  creating $macc model for $flatten\u_tm1638.$add$rtl/tm1638.v:62$11 ($add).
  creating $macc model for $add$rtl/top_tm1638_demo.v:331$251 ($add).
  creating $macc model for $add$rtl/top_tm1638_demo.v:267$247 ($add).
  creating $macc model for $add$rtl/top_tm1638_demo.v:245$245 ($add).
  creating $macc model for $sub$rtl/top_tm1638_demo.v:240$244 ($sub).
  creating $macc model for $add$rtl/top_tm1638_demo.v:228$239 ($add).
  creating $alu model for $macc $add$rtl/top_tm1638_demo.v:228$239.
  creating $alu model for $macc $sub$rtl/top_tm1638_demo.v:240$244.
  creating $alu model for $macc $add$rtl/top_tm1638_demo.v:245$245.
  creating $alu model for $macc $add$rtl/top_tm1638_demo.v:267$247.
  creating $alu model for $macc $add$rtl/top_tm1638_demo.v:331$251.
  creating $alu model for $macc $flatten\u_tm1638.$add$rtl/tm1638.v:62$11.
  creating $alu model for $macc $flatten\u_tm1638.$add$rtl/tm1638.v:68$15.
  creating $alu model for $ge$rtl/top_tm1638_demo.v:223$237 ($ge): new $alu
  creating $alu model for $ge$rtl/top_tm1638_demo.v:185$193 ($ge): new $alu
  creating $alu cell for $ge$rtl/top_tm1638_demo.v:185$193: $auto$alumacc.cc:548:replace_alu$3974
  creating $alu cell for $ge$rtl/top_tm1638_demo.v:223$237: $auto$alumacc.cc:548:replace_alu$3987
  creating $alu cell for $flatten\u_tm1638.$add$rtl/tm1638.v:68$15: $auto$alumacc.cc:548:replace_alu$4000
  creating $alu cell for $flatten\u_tm1638.$add$rtl/tm1638.v:62$11: $auto$alumacc.cc:548:replace_alu$4003
  creating $alu cell for $add$rtl/top_tm1638_demo.v:331$251: $auto$alumacc.cc:548:replace_alu$4006
  creating $alu cell for $add$rtl/top_tm1638_demo.v:267$247: $auto$alumacc.cc:548:replace_alu$4009
  creating $alu cell for $add$rtl/top_tm1638_demo.v:245$245: $auto$alumacc.cc:548:replace_alu$4012
  creating $alu cell for $sub$rtl/top_tm1638_demo.v:240$244: $auto$alumacc.cc:548:replace_alu$4015
  creating $alu cell for $add$rtl/top_tm1638_demo.v:228$239: $auto$alumacc.cc:548:replace_alu$4018
  created 9 $alu and 0 $macc cells.

3.22. Executing OPT pass (performing simple optimizations).

3.22.1. Executing OPT_EXPR pass (perform const folding).
Optimizing module top_tm1638_demo.

3.22.2. Executing OPT_MERGE pass (detect identical cells).
Finding identical cells in module `\top_tm1638_demo'.
Computing hashes of 586 cells of `\top_tm1638_demo'.
Finding duplicate cells in `\top_tm1638_demo'.
Removed a total of 0 cells.

3.22.3. Executing OPT_MUXTREE pass (detect dead branches in mux trees).
Running muxtree optimizer on module \top_tm1638_demo..
  Creating internal representation of mux trees.
  Evaluating internal representation of mux trees.
  Analyzing evaluation results.
Removed 0 multiplexer ports.
<suppressed ~471 debug messages>

3.22.4. Executing OPT_REDUCE pass (consolidate $*mux and $reduce_* inputs).
  Optimizing cells in module \top_tm1638_demo.
    New input vector for $reduce_or cell $auto$opt_dff.cc:393:combine_resets$3634: { \rst $auto$rtlil.cc:3254:ReduceAnd$3980 $auto$rtlil.cc:3251:Not$3984 }
    New ctrl vector for $pmux cell $procmux$1249: { $procmux$1250_CMP $auto$opt_reduce.cc:137:opt_pmux$4022 $procmux$1252_CMP $procmux$1254_CMP $procmux$1256_CMP $procmux$1258_CMP $procmux$1260_CMP $procmux$1261_CMP $procmux$1262_CMP $procmux$1263_CMP $procmux$1264_CMP $procmux$1265_CMP $procmux$1266_CMP $procmux$1267_CMP $procmux$1268_CMP $procmux$1269_CMP }
  Optimizing cells in module \top_tm1638_demo.
Performed a total of 2 changes.

3.22.5. Executing OPT_MERGE pass (detect identical cells).
Finding identical cells in module `\top_tm1638_demo'.
Computing hashes of 587 cells of `\top_tm1638_demo'.
Finding duplicate cells in `\top_tm1638_demo'.
Removed a total of 0 cells.

3.22.6. Executing OPT_DFF pass (perform DFF optimizations).

3.22.7. Executing OPT_CLEAN pass (remove unused cells and wires).
Finding unused cells or wires in module \top_tm1638_demo..
Removed 0 unused cells and 2 unused wires.
<suppressed ~1 debug messages>

3.22.8. Executing OPT_EXPR pass (perform const folding).
Optimizing module top_tm1638_demo.

3.22.9. Rerunning OPT passes. (Maybe there is more to do..)

3.22.10. Executing OPT_MUXTREE pass (detect dead branches in mux trees).
Running muxtree optimizer on module \top_tm1638_demo..
  Creating internal representation of mux trees.
  Evaluating internal representation of mux trees.
  Analyzing evaluation results.
Removed 0 multiplexer ports.
<suppressed ~471 debug messages>

3.22.11. Executing OPT_REDUCE pass (consolidate $*mux and $reduce_* inputs).
  Optimizing cells in module \top_tm1638_demo.
Performed a total of 0 changes.

3.22.12. Executing OPT_MERGE pass (detect identical cells).
Finding identical cells in module `\top_tm1638_demo'.
Computing hashes of 587 cells of `\top_tm1638_demo'.
Finding duplicate cells in `\top_tm1638_demo'.
Removed a total of 0 cells.

3.22.13. Executing OPT_DFF pass (perform DFF optimizations).

3.22.14. Executing OPT_CLEAN pass (remove unused cells and wires).
Finding unused cells or wires in module \top_tm1638_demo..

3.22.15. Executing OPT_EXPR pass (perform const folding).
Optimizing module top_tm1638_demo.

3.22.16. Finished fast OPT passes. (There is nothing left to do.)

3.23. Executing MEMORY pass.

3.23.1. Executing OPT_MEM pass (optimize memories).
Performed a total of 0 transformations.

3.23.2. Executing OPT_MEM_PRIORITY pass (removing unnecessary memory write priority relations).
Performed a total of 0 transformations.

3.23.3. Executing OPT_MEM_FEEDBACK pass (finding memory read-to-write feedback paths).

3.23.4. Executing MEMORY_BMUX2ROM pass (converting muxes to ROMs).

3.23.5. Executing MEMORY_DFF pass (merging $dff cells to $memrd).

3.23.6. Executing OPT_CLEAN pass (remove unused cells and wires).
Finding unused cells or wires in module \top_tm1638_demo..

3.23.7. Executing MEMORY_SHARE pass (consolidating $memrd/$memwr cells).

3.23.8. Executing OPT_MEM_WIDEN pass (optimize memories where all ports are wide).
Performed a total of 0 transformations.

3.23.9. Executing OPT_CLEAN pass (remove unused cells and wires).
Finding unused cells or wires in module \top_tm1638_demo..

3.23.10. Executing MEMORY_COLLECT pass (generating $mem cells).

3.24. Executing OPT_CLEAN pass (remove unused cells and wires).
Finding unused cells or wires in module \top_tm1638_demo..

3.25. Executing MEMORY_LIBMAP pass (mapping memories to cells).

3.26. Executing TECHMAP pass (map to technology primitives).

3.26.1. Executing Verilog-2005 frontend: D:\tools\oss-cad-suite\bin\../share/yosys/ice40/brams_map.v
Parsing Verilog input from `D:\tools\oss-cad-suite\bin\../share/yosys/ice40/brams_map.v' to AST representation.
Generating RTLIL representation for module `$__ICE40_RAM4K_'.
Successfully finished Verilog frontend.

3.26.2. Executing Verilog-2005 frontend: D:\tools\oss-cad-suite\bin\../share/yosys/ice40/spram_map.v
Parsing Verilog input from `D:\tools\oss-cad-suite\bin\../share/yosys/ice40/spram_map.v' to AST representation.
Generating RTLIL representation for module `$__ICE40_SPRAM_'.
Successfully finished Verilog frontend.

3.26.3. Continuing TECHMAP pass.
No more expansions possible.
<suppressed ~4 debug messages>

3.27. Executing ICE40_BRAMINIT pass.

3.28. Executing OPT pass (performing simple optimizations).

3.28.1. Executing OPT_EXPR pass (perform const folding).
Optimizing module top_tm1638_demo.
<suppressed ~68 debug messages>

3.28.2. Executing OPT_MERGE pass (detect identical cells).
Finding identical cells in module `\top_tm1638_demo'.
Computing hashes of 528 cells of `\top_tm1638_demo'.
Finding duplicate cells in `\top_tm1638_demo'.
Removed a total of 0 cells.

3.28.3. Executing OPT_DFF pass (perform DFF optimizations).

3.28.4. Executing OPT_CLEAN pass (remove unused cells and wires).
Finding unused cells or wires in module \top_tm1638_demo..
Removed 1 unused cells and 62 unused wires.
<suppressed ~2 debug messages>

3.28.5. Finished fast OPT passes.

3.29. Executing MEMORY_MAP pass (converting memories to logic and flip-flops).

3.30. Executing OPT pass (performing simple optimizations).

3.30.1. Executing OPT_EXPR pass (perform const folding).
Optimizing module top_tm1638_demo.

3.30.2. Executing OPT_MERGE pass (detect identical cells).
Finding identical cells in module `\top_tm1638_demo'.
Computing hashes of 527 cells of `\top_tm1638_demo'.
Finding duplicate cells in `\top_tm1638_demo'.
Removed a total of 0 cells.

3.30.3. Executing OPT_MUXTREE pass (detect dead branches in mux trees).
Running muxtree optimizer on module \top_tm1638_demo..
  Creating internal representation of mux trees.
  Evaluating internal representation of mux trees.
  Analyzing evaluation results.
Removed 0 multiplexer ports.
<suppressed ~410 debug messages>

3.30.4. Executing OPT_REDUCE pass (consolidate $*mux and $reduce_* inputs).
  Optimizing cells in module \top_tm1638_demo.
    Consolidated identical input bits for $mux cell $procmux$1820:
      Old ports: A=7'0000000, B=7'1101111, Y=$procmux$1820_Y
      New ports: A=1'0, B=1'1, Y=$procmux$1820_Y [0]
      New connections: $procmux$1820_Y [6:1] = { $procmux$1820_Y [0] $procmux$1820_Y [0] 1'0 $procmux$1820_Y [0] $procmux$1820_Y [0] $procmux$1820_Y [0] }
    New ctrl vector for $pmux cell $flatten\u_tm1638.$procmux$3406: { $flatten\u_tm1638.$procmux$3377_CMP $flatten\u_tm1638.$procmux$3392_CMP }
    Consolidated identical input bits for $mux cell $procmux$3104:
      Old ports: A=7'0000000, B=7'1011011, Y=$procmux$3104_Y
      New ports: A=1'0, B=1'1, Y=$procmux$3104_Y [0]
      New connections: $procmux$3104_Y [6:1] = { $procmux$3104_Y [0] 1'0 $procmux$3104_Y [0] $procmux$3104_Y [0] 1'0 $procmux$3104_Y [0] }
    Consolidated identical input bits for $mux cell $ternary$rtl/top_tm1638_demo.v:80$188:
      Old ports: A=3'000, B=3'100, Y=$auto$wreduce.cc:513:run$3967 [2:0]
      New ports: A=1'0, B=1'1, Y=$auto$wreduce.cc:513:run$3967 [2]
      New connections: $auto$wreduce.cc:513:run$3967 [1:0] = 2'00
    Consolidated identical input bits for $mux cell $ternary$rtl/top_tm1638_demo.v:72$181:
      Old ports: A=2'00, B=2'10, Y=$ternary$rtl/top_tm1638_demo.v:72$181_Y
      New ports: A=1'0, B=1'1, Y=$ternary$rtl/top_tm1638_demo.v:72$181_Y [1]
      New connections: $ternary$rtl/top_tm1638_demo.v:72$181_Y [0] = 1'0
  Optimizing cells in module \top_tm1638_demo.
    Consolidated identical input bits for $mux cell $ternary$rtl/top_tm1638_demo.v:79$189:
      Old ports: A=$auto$wreduce.cc:513:run$3967 [2:0], B=3'010, Y=$auto$wreduce.cc:513:run$3966 [2:0]
      New ports: A={ $auto$wreduce.cc:513:run$3967 [2] 1'0 }, B=2'01, Y=$auto$wreduce.cc:513:run$3966 [2:1]
      New connections: $auto$wreduce.cc:513:run$3966 [0] = 1'0
  Optimizing cells in module \top_tm1638_demo.
Performed a total of 6 changes.

3.30.5. Executing OPT_MERGE pass (detect identical cells).
Finding identical cells in module `\top_tm1638_demo'.
Computing hashes of 527 cells of `\top_tm1638_demo'.
Finding duplicate cells in `\top_tm1638_demo'.
Removed a total of 0 cells.

3.30.6. Executing OPT_DFF pass (perform DFF optimizations).

3.30.7. Executing OPT_CLEAN pass (remove unused cells and wires).
Finding unused cells or wires in module \top_tm1638_demo..

3.30.8. Executing OPT_EXPR pass (perform const folding).
Optimizing module top_tm1638_demo.

3.30.9. Rerunning OPT passes. (Maybe there is more to do..)

3.30.10. Executing OPT_MUXTREE pass (detect dead branches in mux trees).
Running muxtree optimizer on module \top_tm1638_demo..
  Creating internal representation of mux trees.
  Evaluating internal representation of mux trees.
  Analyzing evaluation results.
Removed 0 multiplexer ports.
<suppressed ~410 debug messages>

3.30.11. Executing OPT_REDUCE pass (consolidate $*mux and $reduce_* inputs).
  Optimizing cells in module \top_tm1638_demo.
Performed a total of 0 changes.

3.30.12. Executing OPT_MERGE pass (detect identical cells).
Finding identical cells in module `\top_tm1638_demo'.
Computing hashes of 527 cells of `\top_tm1638_demo'.
Finding duplicate cells in `\top_tm1638_demo'.
Removed a total of 0 cells.

3.30.13. Executing OPT_DFF pass (perform DFF optimizations).

3.30.14. Executing OPT_CLEAN pass (remove unused cells and wires).
Finding unused cells or wires in module \top_tm1638_demo..

3.30.15. Executing OPT_EXPR pass (perform const folding).
Optimizing module top_tm1638_demo.

3.30.16. Finished fast OPT passes. (There is nothing left to do.)

3.31. Executing ICE40_WRAPCARRY pass (wrap carries).

3.32. Executing TECHMAP pass (map to technology primitives).

3.32.1. Executing Verilog-2005 frontend: D:\tools\oss-cad-suite\bin\../share/yosys/techmap.v
Parsing Verilog input from `D:\tools\oss-cad-suite\bin\../share/yosys/techmap.v' to AST representation.
Generating RTLIL representation for module `\_90_simplemap_bool_ops'.
Generating RTLIL representation for module `\_90_simplemap_reduce_ops'.
Generating RTLIL representation for module `\_90_simplemap_logic_ops'.
Generating RTLIL representation for module `\_90_simplemap_compare_ops'.
Generating RTLIL representation for module `\_90_simplemap_various'.
Generating RTLIL representation for module `\_90_simplemap_registers'.
Generating RTLIL representation for module `\_90_shift_ops_shr_shl_sshl_sshr'.
Generating RTLIL representation for module `\_90_shift_shiftx'.
Generating RTLIL representation for module `\_90_fa'.
Generating RTLIL representation for module `\_90_lcu_brent_kung'.
Generating RTLIL representation for module `\_90_alu'.
Generating RTLIL representation for module `\_90_macc'.
Generating RTLIL representation for module `\_90_alumacc'.
Generating RTLIL representation for module `$__div_mod_u'.
Generating RTLIL representation for module `$__div_mod_trunc'.
Generating RTLIL representation for module `\_90_div'.
Generating RTLIL representation for module `\_90_mod'.
Generating RTLIL representation for module `$__div_mod_floor'.
Generating RTLIL representation for module `\_90_divfloor'.
Generating RTLIL representation for module `\_90_modfloor'.
Generating RTLIL representation for module `\_90_pow'.
Generating RTLIL representation for module `\_90_demux'.
Generating RTLIL representation for module `\_90_lut'.
Generating RTLIL representation for module `$connect'.
Generating RTLIL representation for module `$input_port'.
Successfully finished Verilog frontend.

3.32.2. Executing Verilog-2005 frontend: D:\tools\oss-cad-suite\bin\../share/yosys/ice40/arith_map.v
Parsing Verilog input from `D:\tools\oss-cad-suite\bin\../share/yosys/ice40/arith_map.v' to AST representation.
Generating RTLIL representation for module `\_80_ice40_alu'.
Successfully finished Verilog frontend.

3.32.3. Continuing TECHMAP pass.
Using extmapper simplemap for cells of type $not.
Using extmapper simplemap for cells of type $reduce_or.
Using template $paramod$32efbfac1c4dc57230cf86180788fdfd12e3b511\_80_ice40_alu for cells of type $alu.
Using template $paramod$a04dd9d4d8b430140c4ff94b50470fb380fda2a0\_80_ice40_alu for cells of type $alu.
Using template $paramod$79aa992f2eb7f354d4aaf651790713cf239111fa\_80_ice40_alu for cells of type $alu.
Using template $paramod$3ef7d3dd227da7627a99c5e5a6a4deb817573e39\_80_ice40_alu for cells of type $alu.
Using extmapper simplemap for cells of type $or.
Using extmapper simplemap for cells of type $reduce_and.
Using template $paramod$dad13a281fa6a9ffd6dd427a87dc9a952e80e9ea\_80_ice40_alu for cells of type $alu.
Using template $paramod$e82d3fc1811c5751348a3964470632b35a435fc7\_80_ice40_alu for cells of type $alu.
Using extmapper simplemap for cells of type $sdffe.
Using extmapper simplemap for cells of type $ne.
Using extmapper simplemap for cells of type $reduce_bool.
Using extmapper simplemap for cells of type $sdff.
Using extmapper simplemap for cells of type $mux.
Using extmapper simplemap for cells of type $logic_not.
Using extmapper simplemap for cells of type $logic_or.
Using extmapper simplemap for cells of type $eq.
Using extmapper simplemap for cells of type $logic_and.
Using extmapper simplemap for cells of type $pmux.
Using extmapper simplemap for cells of type $dff.
Using extmapper simplemap for cells of type $and.
Using extmapper simplemap for cells of type $pos.
Using extmapper simplemap for cells of type $xor.
No more expansions possible.
<suppressed ~761 debug messages>

3.33. Executing OPT pass (performing simple optimizations).

3.33.1. Executing OPT_EXPR pass (perform const folding).
Optimizing module top_tm1638_demo.
<suppressed ~1544 debug messages>

3.33.2. Executing OPT_MERGE pass (detect identical cells).
Finding identical cells in module `\top_tm1638_demo'.
Computing hashes of 3520 cells of `\top_tm1638_demo'.
Finding duplicate cells in `\top_tm1638_demo'.
Computing hashes of 3335 cells of `\top_tm1638_demo'.
Finding duplicate cells in `\top_tm1638_demo'.
Computing hashes of 3263 cells of `\top_tm1638_demo'.
Finding duplicate cells in `\top_tm1638_demo'.
Computing hashes of 3243 cells of `\top_tm1638_demo'.
Finding duplicate cells in `\top_tm1638_demo'.
Computing hashes of 3242 cells of `\top_tm1638_demo'.
Finding duplicate cells in `\top_tm1638_demo'.
<suppressed ~834 debug messages>
Removed a total of 278 cells.

3.33.3. Executing OPT_DFF pass (perform DFF optimizations).

3.33.4. Executing OPT_CLEAN pass (remove unused cells and wires).
Finding unused cells or wires in module \top_tm1638_demo..
Removed 29 unused cells and 552 unused wires.
<suppressed ~30 debug messages>

3.33.5. Finished fast OPT passes.

3.34. Executing ICE40_OPT pass (performing simple optimizations).

3.34.1. Running ICE40 specific optimizations.
Optimized $__ICE40_CARRY_WRAPPER cell back to logic (without SB_CARRY) top_tm1638_demo.$auto$alumacc.cc:548:replace_alu$3974.slice[0].carry: CO=\anim_counter [0]
Optimized $__ICE40_CARRY_WRAPPER cell back to logic (without SB_CARRY) top_tm1638_demo.$auto$alumacc.cc:548:replace_alu$3987.slice[0].carry: CO=\scroll_pos [1]
Optimized $__ICE40_CARRY_WRAPPER cell back to logic (without SB_CARRY) top_tm1638_demo.$auto$alumacc.cc:548:replace_alu$4000.slice[0].carry: CO=\u_tm1638.ctr_q [0]
Optimized $__ICE40_CARRY_WRAPPER cell back to logic (without SB_CARRY) top_tm1638_demo.$auto$alumacc.cc:548:replace_alu$4003.slice[0].carry: CO=\u_tm1638.sclk_q [0]
Optimized $__ICE40_CARRY_WRAPPER cell back to logic (without SB_CARRY) top_tm1638_demo.$auto$alumacc.cc:548:replace_alu$4006.slice[0].carry: CO=\instruction_step [0]
Optimized $__ICE40_CARRY_WRAPPER cell back to logic (without SB_CARRY) top_tm1638_demo.$auto$alumacc.cc:548:replace_alu$4009.slice[0].carry: CO=\scan_div [0]
Optimized $__ICE40_CARRY_WRAPPER cell back to logic (without SB_CARRY) top_tm1638_demo.$auto$alumacc.cc:548:replace_alu$4012.slice[0].carry: CO=\anim_counter [0]
Optimized $__ICE40_CARRY_WRAPPER cell back to logic (without SB_CARRY) top_tm1638_demo.$auto$alumacc.cc:548:replace_alu$4015.slice[0].carry: CO=\scroll_pos [0]
Optimized $__ICE40_CARRY_WRAPPER cell back to logic (without SB_CARRY) top_tm1638_demo.$auto$alumacc.cc:548:replace_alu$4018.slice[0].carry: CO=\scroll_pos [0]

3.34.2. Executing OPT_EXPR pass (perform const folding).
Optimizing module top_tm1638_demo.

3.34.3. Executing OPT_MERGE pass (detect identical cells).
Finding identical cells in module `\top_tm1638_demo'.
Computing hashes of 3213 cells of `\top_tm1638_demo'.
Finding duplicate cells in `\top_tm1638_demo'.
Removed a total of 0 cells.

3.34.4. Executing OPT_DFF pass (perform DFF optimizations).

3.34.5. Executing OPT_CLEAN pass (remove unused cells and wires).
Finding unused cells or wires in module \top_tm1638_demo..
Removed 2 unused cells and 0 unused wires.
<suppressed ~2 debug messages>

3.34.6. Rerunning OPT passes. (Removed registers in this run.)

3.34.7. Running ICE40 specific optimizations.

3.34.8. Executing OPT_EXPR pass (perform const folding).
Optimizing module top_tm1638_demo.

3.34.9. Executing OPT_MERGE pass (detect identical cells).
Finding identical cells in module `\top_tm1638_demo'.
Computing hashes of 3211 cells of `\top_tm1638_demo'.
Finding duplicate cells in `\top_tm1638_demo'.
Removed a total of 0 cells.

3.34.10. Executing OPT_DFF pass (perform DFF optimizations).

3.34.11. Executing OPT_CLEAN pass (remove unused cells and wires).
Finding unused cells or wires in module \top_tm1638_demo..

3.34.12. Finished OPT passes. (There is nothing left to do.)

3.35. Executing DFFLEGALIZE pass (convert FFs and LATCHes to types supported by the target).

3.36. Executing TECHMAP pass (map to technology primitives).

3.36.1. Executing Verilog-2005 frontend: D:\tools\oss-cad-suite\bin\../share/yosys/ice40/ff_map.v
Parsing Verilog input from `D:\tools\oss-cad-suite\bin\../share/yosys/ice40/ff_map.v' to AST representation.
Generating RTLIL representation for module `$_DFF_N_'.
Generating RTLIL representation for module `$_DFF_P_'.
Generating RTLIL representation for module `$_DFFE_NP_'.
Generating RTLIL representation for module `$_DFFE_PP_'.
Generating RTLIL representation for module `$_DFF_NP0_'.
Generating RTLIL representation for module `$_DFF_NP1_'.
Generating RTLIL representation for module `$_DFF_PP0_'.
Generating RTLIL representation for module `$_DFF_PP1_'.
Generating RTLIL representation for module `$_DFFE_NP0P_'.
Generating RTLIL representation for module `$_DFFE_NP1P_'.
Generating RTLIL representation for module `$_DFFE_PP0P_'.
Generating RTLIL representation for module `$_DFFE_PP1P_'.
Generating RTLIL representation for module `$_SDFF_NP0_'.
Generating RTLIL representation for module `$_SDFF_NP1_'.
Generating RTLIL representation for module `$_SDFF_PP0_'.
Generating RTLIL representation for module `$_SDFF_PP1_'.
Generating RTLIL representation for module `$_SDFFCE_NP0P_'.
Generating RTLIL representation for module `$_SDFFCE_NP1P_'.
Generating RTLIL representation for module `$_SDFFCE_PP0P_'.
Generating RTLIL representation for module `$_SDFFCE_PP1P_'.
Successfully finished Verilog frontend.

3.36.2. Continuing TECHMAP pass.
Using template $_DFF_P_ for cells of type $_DFF_P_.
Using template $_SDFFCE_PP1P_ for cells of type $_SDFFCE_PP1P_.
Using template $_SDFFCE_PP0P_ for cells of type $_SDFFCE_PP0P_.
Using template $_SDFF_PP0_ for cells of type $_SDFF_PP0_.
No more expansions possible.
<suppressed ~475 debug messages>

3.37. Executing OPT_EXPR pass (perform const folding).
Optimizing module top_tm1638_demo.
<suppressed ~1 debug messages>

3.38. Executing SIMPLEMAP pass (map simple cells to gate primitives).
Mapping top_tm1638_demo.$auto$alumacc.cc:548:replace_alu$4000.slice[0].carry ($lut).
Mapping top_tm1638_demo.$auto$alumacc.cc:548:replace_alu$4003.slice[0].carry ($lut).
Mapping top_tm1638_demo.$auto$alumacc.cc:548:replace_alu$4006.slice[0].carry ($lut).
Mapping top_tm1638_demo.$auto$alumacc.cc:548:replace_alu$4009.slice[0].carry ($lut).
Mapping top_tm1638_demo.$auto$alumacc.cc:548:replace_alu$4012.slice[0].carry ($lut).
Mapping top_tm1638_demo.$auto$alumacc.cc:548:replace_alu$4015.slice[0].carry ($lut).
Mapping top_tm1638_demo.$auto$alumacc.cc:548:replace_alu$4018.slice[0].carry ($lut).

3.39. Executing ICE40_OPT pass (performing simple optimizations).

3.39.1. Running ICE40 specific optimizations.

3.39.2. Executing OPT_EXPR pass (perform const folding).
Optimizing module top_tm1638_demo.
<suppressed ~451 debug messages>

3.39.3. Executing OPT_MERGE pass (detect identical cells).
Finding identical cells in module `\top_tm1638_demo'.
Computing hashes of 3634 cells of `\top_tm1638_demo'.
Finding duplicate cells in `\top_tm1638_demo'.
Computing hashes of 3224 cells of `\top_tm1638_demo'.
Finding duplicate cells in `\top_tm1638_demo'.
<suppressed ~1230 debug messages>
Removed a total of 410 cells.

3.39.4. Executing OPT_DFF pass (perform DFF optimizations).

3.39.5. Executing OPT_CLEAN pass (remove unused cells and wires).
Finding unused cells or wires in module \top_tm1638_demo..
Removed 0 unused cells and 3120 unused wires.
<suppressed ~1 debug messages>

3.39.6. Rerunning OPT passes. (Removed registers in this run.)

3.39.7. Running ICE40 specific optimizations.

3.39.8. Executing OPT_EXPR pass (perform const folding).
Optimizing module top_tm1638_demo.

3.39.9. Executing OPT_MERGE pass (detect identical cells).
Finding identical cells in module `\top_tm1638_demo'.
Computing hashes of 3224 cells of `\top_tm1638_demo'.
Finding duplicate cells in `\top_tm1638_demo'.
Removed a total of 0 cells.

3.39.10. Executing OPT_DFF pass (perform DFF optimizations).

3.39.11. Executing OPT_CLEAN pass (remove unused cells and wires).
Finding unused cells or wires in module \top_tm1638_demo..

3.39.12. Finished OPT passes. (There is nothing left to do.)

3.40. Executing CHECK pass (checking for obvious problems).
Checking module top_tm1638_demo...
Found and reported 0 problems.

3.41. Executing TECHMAP pass (map to technology primitives).

3.41.1. Executing Verilog-2005 frontend: D:\tools\oss-cad-suite\bin\../share/yosys/ice40/latches_map.v
Parsing Verilog input from `D:\tools\oss-cad-suite\bin\../share/yosys/ice40/latches_map.v' to AST representation.
Generating RTLIL representation for module `$_DLATCH_N_'.
Generating RTLIL representation for module `$_DLATCH_P_'.
Successfully finished Verilog frontend.

3.41.2. Continuing TECHMAP pass.
No more expansions possible.
<suppressed ~4 debug messages>

3.42. Executing Verilog-2005 frontend: D:\tools\oss-cad-suite\bin\../share/yosys/ice40/abc9_model.v
Parsing Verilog input from `D:\tools\oss-cad-suite\bin\../share/yosys/ice40/abc9_model.v' to AST representation.
Generating RTLIL representation for module `$__ICE40_CARRY_WRAPPER'.
Successfully finished Verilog frontend.

3.43. Executing ABC9 pass.

3.43.1. Executing ABC9_OPS pass (helper functions for ABC9).

3.43.2. Executing ABC9_OPS pass (helper functions for ABC9).

3.43.3. Executing SCC pass (detecting logic loops).
Found 0 SCCs in module top_tm1638_demo.
Found 0 SCCs.

3.43.4. Executing ABC9_OPS pass (helper functions for ABC9).

3.43.5. Executing TECHMAP pass (map to technology primitives).

3.43.5.1. Executing Verilog-2005 frontend: D:\tools\oss-cad-suite\bin\../share/yosys/techmap.v
Parsing Verilog input from `D:\tools\oss-cad-suite\bin\../share/yosys/techmap.v' to AST representation.
Generating RTLIL representation for module `\_90_simplemap_bool_ops'.
Generating RTLIL representation for module `\_90_simplemap_reduce_ops'.
Generating RTLIL representation for module `\_90_simplemap_logic_ops'.
Generating RTLIL representation for module `\_90_simplemap_compare_ops'.
Generating RTLIL representation for module `\_90_simplemap_various'.
Generating RTLIL representation for module `\_90_simplemap_registers'.
Generating RTLIL representation for module `\_90_shift_ops_shr_shl_sshl_sshr'.
Generating RTLIL representation for module `\_90_shift_shiftx'.
Generating RTLIL representation for module `\_90_fa'.
Generating RTLIL representation for module `\_90_lcu_brent_kung'.
Generating RTLIL representation for module `\_90_alu'.
Generating RTLIL representation for module `\_90_macc'.
Generating RTLIL representation for module `\_90_alumacc'.
Generating RTLIL representation for module `$__div_mod_u'.
Generating RTLIL representation for module `$__div_mod_trunc'.
Generating RTLIL representation for module `\_90_div'.
Generating RTLIL representation for module `\_90_mod'.
Generating RTLIL representation for module `$__div_mod_floor'.
Generating RTLIL representation for module `\_90_divfloor'.
Generating RTLIL representation for module `\_90_modfloor'.
Generating RTLIL representation for module `\_90_pow'.
Generating RTLIL representation for module `\_90_demux'.
Generating RTLIL representation for module `\_90_lut'.
Generating RTLIL representation for module `$connect'.
Generating RTLIL representation for module `$input_port'.
Successfully finished Verilog frontend.

3.43.5.2. Continuing TECHMAP pass.
No more expansions possible.
<suppressed ~130 debug messages>

3.43.6. Executing OPT pass (performing simple optimizations).

3.43.6.1. Executing OPT_EXPR pass (perform const folding).

3.43.6.2. Executing OPT_MERGE pass (detect identical cells).
Removed a total of 0 cells.

3.43.6.3. Executing OPT_MUXTREE pass (detect dead branches in mux trees).
Removed 0 multiplexer ports.

3.43.6.4. Executing OPT_REDUCE pass (consolidate $*mux and $reduce_* inputs).
Performed a total of 0 changes.

3.43.6.5. Executing OPT_MERGE pass (detect identical cells).
Removed a total of 0 cells.

3.43.6.6. Executing OPT_DFF pass (perform DFF optimizations).

3.43.6.7. Executing OPT_CLEAN pass (remove unused cells and wires).

3.43.6.8. Executing OPT_EXPR pass (perform const folding).

3.43.6.9. Finished fast OPT passes. (There is nothing left to do.)

3.43.7. Executing TECHMAP pass (map to technology primitives).

3.43.7.1. Executing Verilog-2005 frontend: D:\tools\oss-cad-suite\bin\../share/yosys/abc9_map.v
Parsing Verilog input from `D:\tools\oss-cad-suite\bin\../share/yosys/abc9_map.v' to AST representation.
Successfully finished Verilog frontend.

3.43.7.2. Continuing TECHMAP pass.
No more expansions possible.
<suppressed ~2 debug messages>

3.43.8. Executing Verilog-2005 frontend: D:\tools\oss-cad-suite\bin\../share/yosys/abc9_model.v
Parsing Verilog input from `D:\tools\oss-cad-suite\bin\../share/yosys/abc9_model.v' to AST representation.
Generating RTLIL representation for module `$__ABC9_DELAY'.
Generating RTLIL representation for module `$__ABC9_SCC_BREAKER'.
Generating RTLIL representation for module `$__DFF_N__$abc9_flop'.
Generating RTLIL representation for module `$__DFF_P__$abc9_flop'.
Successfully finished Verilog frontend.

3.43.9. Executing ABC9_OPS pass (helper functions for ABC9).
<suppressed ~907 debug messages>

3.43.10. Executing ABC9_OPS pass (helper functions for ABC9).

3.43.11. Executing ABC9_OPS pass (helper functions for ABC9).
<suppressed ~2 debug messages>

3.43.12. Executing TECHMAP pass (map to technology primitives).

3.43.12.1. Executing Verilog-2005 frontend: D:\tools\oss-cad-suite\bin\../share/yosys/techmap.v
Parsing Verilog input from `D:\tools\oss-cad-suite\bin\../share/yosys/techmap.v' to AST representation.
Generating RTLIL representation for module `\_90_simplemap_bool_ops'.
Generating RTLIL representation for module `\_90_simplemap_reduce_ops'.
Generating RTLIL representation for module `\_90_simplemap_logic_ops'.
Generating RTLIL representation for module `\_90_simplemap_compare_ops'.
Generating RTLIL representation for module `\_90_simplemap_various'.
Generating RTLIL representation for module `\_90_simplemap_registers'.
Generating RTLIL representation for module `\_90_shift_ops_shr_shl_sshl_sshr'.
Generating RTLIL representation for module `\_90_shift_shiftx'.
Generating RTLIL representation for module `\_90_fa'.
Generating RTLIL representation for module `\_90_lcu_brent_kung'.
Generating RTLIL representation for module `\_90_alu'.
Generating RTLIL representation for module `\_90_macc'.
Generating RTLIL representation for module `\_90_alumacc'.
Generating RTLIL representation for module `$__div_mod_u'.
Generating RTLIL representation for module `$__div_mod_trunc'.
Generating RTLIL representation for module `\_90_div'.
Generating RTLIL representation for module `\_90_mod'.
Generating RTLIL representation for module `$__div_mod_floor'.
Generating RTLIL representation for module `\_90_divfloor'.
Generating RTLIL representation for module `\_90_modfloor'.
Generating RTLIL representation for module `\_90_pow'.
Generating RTLIL representation for module `\_90_demux'.
Generating RTLIL representation for module `\_90_lut'.
Generating RTLIL representation for module `$connect'.
Generating RTLIL representation for module `$input_port'.
Successfully finished Verilog frontend.

3.43.12.2. Continuing TECHMAP pass.
Using template $paramod$__ICE40_CARRY_WRAPPER\LUT=16'0110100110010110\I3_IS_CI=1'1 for cells of type $paramod$__ICE40_CARRY_WRAPPER\LUT=16'0110100110010110\I3_IS_CI=1'1.
Using template SB_CARRY for cells of type SB_CARRY.
Using template $paramod\SB_LUT4\LUT_INIT=16'0110100110010110 for cells of type SB_LUT4.
Using extmapper simplemap for cells of type $mux.
Using extmapper simplemap for cells of type $logic_or.
Using extmapper simplemap for cells of type $logic_and.
No more expansions possible.
<suppressed ~151 debug messages>

3.43.13. Executing OPT pass (performing simple optimizations).

3.43.13.1. Executing OPT_EXPR pass (perform const folding).
Optimizing module top_tm1638_demo.
<suppressed ~4 debug messages>

3.43.13.2. Executing OPT_MERGE pass (detect identical cells).
Finding identical cells in module `\top_tm1638_demo'.
Computing hashes of 30 cells of `\top_tm1638_demo'.
Finding duplicate cells in `\top_tm1638_demo'.
Computing hashes of 20 cells of `\top_tm1638_demo'.
Finding duplicate cells in `\top_tm1638_demo'.
Computing hashes of 18 cells of `\top_tm1638_demo'.
Finding duplicate cells in `\top_tm1638_demo'.
<suppressed ~29 debug messages>
Removed a total of 12 cells.

3.43.13.3. Executing OPT_MUXTREE pass (detect dead branches in mux trees).
Running muxtree optimizer on module \top_tm1638_demo..
  Creating internal representation of mux trees.
  No muxes found in this module.
Removed 0 multiplexer ports.

3.43.13.4. Executing OPT_REDUCE pass (consolidate $*mux and $reduce_* inputs).
  Optimizing cells in module \top_tm1638_demo.
Performed a total of 0 changes.

3.43.13.5. Executing OPT_MERGE pass (detect identical cells).
Finding identical cells in module `\top_tm1638_demo'.
Computing hashes of 18 cells of `\top_tm1638_demo'.
Finding duplicate cells in `\top_tm1638_demo'.
Removed a total of 0 cells.

3.43.13.6. Executing OPT_DFF pass (perform DFF optimizations).

3.43.13.7. Executing OPT_CLEAN pass (remove unused cells and wires).
Finding unused cells or wires in module \top_tm1638_demo..
Removed 0 unused cells and 24 unused wires.
<suppressed ~1 debug messages>

3.43.13.8. Executing OPT_EXPR pass (perform const folding).
Optimizing module top_tm1638_demo.

3.43.13.9. Rerunning OPT passes. (Maybe there is more to do..)

3.43.13.10. Executing OPT_MUXTREE pass (detect dead branches in mux trees).
Running muxtree optimizer on module \top_tm1638_demo..
  Creating internal representation of mux trees.
  No muxes found in this module.
Removed 0 multiplexer ports.

3.43.13.11. Executing OPT_REDUCE pass (consolidate $*mux and $reduce_* inputs).
  Optimizing cells in module \top_tm1638_demo.
Performed a total of 0 changes.

3.43.13.12. Executing OPT_MERGE pass (detect identical cells).
Finding identical cells in module `\top_tm1638_demo'.
Computing hashes of 18 cells of `\top_tm1638_demo'.
Finding duplicate cells in `\top_tm1638_demo'.
Removed a total of 0 cells.

3.43.13.13. Executing OPT_DFF pass (perform DFF optimizations).

3.43.13.14. Executing OPT_CLEAN pass (remove unused cells and wires).
Finding unused cells or wires in module \top_tm1638_demo..

3.43.13.15. Executing OPT_EXPR pass (perform const folding).
Optimizing module top_tm1638_demo.

3.43.13.16. Finished fast OPT passes. (There is nothing left to do.)

3.43.14. Executing AIGMAP pass (map logic to AIG).
Module top_tm1638_demo: replaced 7 cells with 43 new cells, skipped 11 cells.
  replaced 2 cell types:
       5 $_MUX_
       2 $_OR_
  not replaced 3 cell types:
       2 $_AND_
       1 $_NOT_
       8 $specify2

3.43.15. Executing AIGMAP pass (map logic to AIG).
Module top_tm1638_demo: replaced 2187 cells with 14373 new cells, skipped 1942 cells.
  replaced 2 cell types:
    1875 $_MUX_
     312 $_OR_
  not replaced 11 cell types:
     421 $_AND_
      84 $_NOT_
       1 $scopeinfo
       1 SB_IO
       1 SB_DFF
      31 SB_DFFSR
     335 SB_DFFESR
      86 SB_DFFESS
     453 $paramod$__ABC9_DELAY\DELAY=32'00000000000000000000000000010101
     452 $paramod$__ABC9_DELAY\DELAY=32'00000000000000000000000011001011
      77 $paramod$__ICE40_CARRY_WRAPPER\LUT=16'0110100110010110\I3_IS_CI=1'1

3.43.15.1. Executing ABC9_OPS pass (helper functions for ABC9).

3.43.15.2. Executing ABC9_OPS pass (helper functions for ABC9).

3.43.15.3. Executing XAIGER backend.
<suppressed ~464 debug messages>
Extracted 6358 AND gates and 16739 wires from module `top_tm1638_demo' to a netlist network with 456 inputs and 926 outputs.

3.43.15.4. Executing ABC9_EXE pass (technology mapping using ABC9).

3.43.15.5. Executing ABC9.
Running ABC command: "<yosys-exe-dir>/yosys-abc" -s -f <abc-temp-dir>/abc.script 2>&1
ABC: ======== ABC command line "source <abc-temp-dir>/abc.script"
ABC: + read_lut <abc-temp-dir>/input.lut 
ABC: + read_box <abc-temp-dir>/input.box 
ABC: + &read <abc-temp-dir>/input.xaig 
ABC: + &ps 
ABC: <abc-temp-dir>/input : i/o =    456/    926  and =    5258  lev =   13 (   1.79)  mem = 0.12 MB  box = 982  bb = 905
ABC: + &scorr 
ABC: Warning: The network is combinational.
ABC: + &sweep 
ABC: + &dc2 
ABC: + &dch -f -r 
ABC: + &ps 
ABC: <abc-temp-dir>/input : i/o =    456/    926  and =    7253  lev =   10 (   1.40)  mem = 0.14 MB  ch =  778  box = 981  bb = 905
ABC: cst =       0  cls =    594  lit =     778  unused =    7394  proof =     0
ABC: + &if -W 250 -v 
ABC: K = 4. Memory (bytes): Truth =    0. Cut =   64. Obj =  144. Set =  672. CutMin = no
ABC: Node =    7253.  Ch =   594.  Total mem =    1.68 MB. Peak cut mem =    0.05 MB.
ABC: P:  Del = 4340.00.  Ar =    1528.0.  Edge =     5613.  Cut =    42995.  T =     0.01 sec
ABC: P:  Del = 4340.00.  Ar =    1331.0.  Edge =     4974.  Cut =    40853.  T =     0.01 sec
ABC: P:  Del = 4340.00.  Ar =     890.0.  Edge =     3070.  Cut =    47006.  T =     0.01 sec
ABC: F:  Del = 4340.00.  Ar =     804.0.  Edge =     2862.  Cut =    47045.  T =     0.01 sec
ABC: A:  Del = 4340.00.  Ar =     776.0.  Edge =     2776.  Cut =    46416.  T =     0.01 sec
ABC: A:  Del = 4340.00.  Ar =     776.0.  Edge =     2774.  Cut =    47451.  T =     0.02 sec
ABC: Total time =     0.06 sec
ABC: + &write -n <abc-temp-dir>/output.aig 
ABC: + &mfs 
ABC: + &ps -l 
ABC: <abc-temp-dir>/input : i/o =    456/    926  and =    2134  lev =   10 (   1.41)  mem = 0.08 MB  box = 981  bb = 905
ABC: Mapping (K=4)  :  lut =    764  edge =    2689  lev =    6 (0.91)  levB =   25  mem = 0.04 MB
ABC: LUT = 764 : 2=51 6.7 %  3=265 34.7 %  4=448 58.6 %  Ave = 3.52
ABC: + &write -n <abc-temp-dir>/output.aig 
ABC: + &verify 
ABC: Networks are equivalent.  Time =     0.13 sec
ABC: + time 
ABC: elapse: 0.73 seconds, total: 0.73 seconds

3.43.15.6. Executing AIGER frontend.
<suppressed ~11 debug messages>
Removed 2907 unused cells and 6628 unused wires.

3.43.15.7. Executing ABC_OPS_REINTEGRATE pass (reintegrate ABC mapped design into module).
ABC RESULTS:              $lut cells:      768
ABC RESULTS:   $paramod$__ICE40_CARRY_WRAPPER\LUT=16'0110100110010110\I3_IS_CI=1'1 cells:       76
ABC RESULTS:           input signals:       70
ABC RESULTS:          output signals:      926
<suppressed ~2765 debug messages>
Removing temp directory.

3.43.16. Executing TECHMAP pass (map to technology primitives).

3.43.16.1. Executing Verilog-2005 frontend: D:\tools\oss-cad-suite\bin\../share/yosys/abc9_unmap.v
Parsing Verilog input from `D:\tools\oss-cad-suite\bin\../share/yosys/abc9_unmap.v' to AST representation.
Generating RTLIL representation for module `$__DFF_x__$abc9_flop'.
Generating RTLIL representation for module `$__ABC9_SCC_BREAKER'.
Successfully finished Verilog frontend.

3.43.16.2. Continuing TECHMAP pass.
Using template $paramod$__ICE40_CARRY_WRAPPER\LUT=16'0110100110010110\I3_IS_CI=1'1 for cells of type $paramod$__ICE40_CARRY_WRAPPER\LUT=16'0110100110010110\I3_IS_CI=1'1.
No more expansions possible.
<suppressed ~82 debug messages>

3.44. Executing ICE40_WRAPCARRY pass (wrap carries).

3.45. Executing TECHMAP pass (map to technology primitives).

3.45.1. Executing Verilog-2005 frontend: D:\tools\oss-cad-suite\bin\../share/yosys/ice40/ff_map.v
Parsing Verilog input from `D:\tools\oss-cad-suite\bin\../share/yosys/ice40/ff_map.v' to AST representation.
Generating RTLIL representation for module `$_DFF_N_'.
Generating RTLIL representation for module `$_DFF_P_'.
Generating RTLIL representation for module `$_DFFE_NP_'.
Generating RTLIL representation for module `$_DFFE_PP_'.
Generating RTLIL representation for module `$_DFF_NP0_'.
Generating RTLIL representation for module `$_DFF_NP1_'.
Generating RTLIL representation for module `$_DFF_PP0_'.
Generating RTLIL representation for module `$_DFF_PP1_'.
Generating RTLIL representation for module `$_DFFE_NP0P_'.
Generating RTLIL representation for module `$_DFFE_NP1P_'.
Generating RTLIL representation for module `$_DFFE_PP0P_'.
Generating RTLIL representation for module `$_DFFE_PP1P_'.
Generating RTLIL representation for module `$_SDFF_NP0_'.
Generating RTLIL representation for module `$_SDFF_NP1_'.
Generating RTLIL representation for module `$_SDFF_PP0_'.
Generating RTLIL representation for module `$_SDFF_PP1_'.
Generating RTLIL representation for module `$_SDFFCE_NP0P_'.
Generating RTLIL representation for module `$_SDFFCE_NP1P_'.
Generating RTLIL representation for module `$_SDFFCE_PP0P_'.
Generating RTLIL representation for module `$_SDFFCE_PP1P_'.
Successfully finished Verilog frontend.

3.45.2. Continuing TECHMAP pass.
No more expansions possible.
<suppressed ~22 debug messages>
Removed 306 unused cells and 18224 unused wires.

3.46. Executing OPT_LUT pass (optimize LUTs).
Discovering LUTs.
Number of LUTs:      811
  1-LUT                4
  2-LUT               57
  3-LUT              302
  4-LUT              448
  with \SB_CARRY    (#0)   37
  with \SB_CARRY    (#1)  104

Eliminating LUTs.
Number of LUTs:      811
  1-LUT                4
  2-LUT               57
  3-LUT              302
  4-LUT              448
  with \SB_CARRY    (#0)   37
  with \SB_CARRY    (#1)  104

Combining LUTs.
Number of LUTs:      808
  1-LUT                4
  2-LUT               52
  3-LUT              303
  4-LUT              449
  with \SB_CARRY    (#0)   37
  with \SB_CARRY    (#1)  104

Eliminated 0 LUTs.
Combined 3 LUTs.
<suppressed ~4342 debug messages>

3.47. Executing TECHMAP pass (map to technology primitives).

3.47.1. Executing Verilog-2005 frontend: D:\tools\oss-cad-suite\bin\../share/yosys/ice40/cells_map.v
Parsing Verilog input from `D:\tools\oss-cad-suite\bin\../share/yosys/ice40/cells_map.v' to AST representation.
Generating RTLIL representation for module `$lut'.
Successfully finished Verilog frontend.

3.47.2. Continuing TECHMAP pass.
Using template $paramod$fd904e9e35cfd343a9df248824bd3f1408724879$lut for cells of type $lut.
Using template $paramod$658b9ed803f0d3d335616d3858b53e0a2522f1e8$lut for cells of type $lut.
Using template $paramod$lut\WIDTH=32'00000000000000000000000000000011\LUT=8'00010000 for cells of type $lut.
Using template $paramod$lut\WIDTH=32'00000000000000000000000000000010\LUT=4'0010 for cells of type $lut.
Using template $paramod$lut\WIDTH=32'00000000000000000000000000000011\LUT=8'00000010 for cells of type $lut.
Using template $paramod$lut\WIDTH=32'00000000000000000000000000000010\LUT=4'0001 for cells of type $lut.
Using template $paramod$be48d952fcad8a16b8d84daa4c48a3065f343e5e$lut for cells of type $lut.
Using template $paramod$0de052767abdccc3aefc818722bdc3c7850d25d6$lut for cells of type $lut.
Using template $paramod$lut\WIDTH=32'00000000000000000000000000000011\LUT=8'01000000 for cells of type $lut.
Using template $paramod$lut\WIDTH=32'00000000000000000000000000000011\LUT=8'00100000 for cells of type $lut.
Using template $paramod$a59507d273cd827eb6c46c37820d50a1b717efdf$lut for cells of type $lut.
Using template $paramod$lut\WIDTH=32'00000000000000000000000000000011\LUT=8'01110010 for cells of type $lut.
Using template $paramod$lut\WIDTH=32'00000000000000000000000000000010\LUT=4'1000 for cells of type $lut.
Using template $paramod$lut\WIDTH=32'00000000000000000000000000000011\LUT=8'00001101 for cells of type $lut.
Using template $paramod$6d473153bc0717e92e23b21a92c71fa7e337bf4b$lut for cells of type $lut.
Using template $paramod$c1e4179198d86bbaf8ac5c0cd5967e4052e49ffe$lut for cells of type $lut.
Using template $paramod$b419810ab1d51da1962917a1949cecc5f27935eb$lut for cells of type $lut.
Using template $paramod$93f74d366819d1f86e5e8b91d159aa6b1cd7e9fb$lut for cells of type $lut.
Using template $paramod$89f931611b66d827751f4a175a88569d5ab95376$lut for cells of type $lut.
Using template $paramod$lut\WIDTH=32'00000000000000000000000000000011\LUT=8'00111011 for cells of type $lut.
Using template $paramod$lut\WIDTH=32'00000000000000000000000000000011\LUT=8'10000000 for cells of type $lut.
Using template $paramod$571404c0889eaf57f492cb5e37f8acb5df5852f9$lut for cells of type $lut.
Using template $paramod$lut\WIDTH=32'00000000000000000000000000000011\LUT=8'11010101 for cells of type $lut.
Using template $paramod$4bf055ca8a75a6b2e0a7cc21f3141b6576bbc879$lut for cells of type $lut.
Using template $paramod$lut\WIDTH=32'00000000000000000000000000000011\LUT=8'01111111 for cells of type $lut.
Using template $paramod$b254004e52e31d6991f04f6113897c64fa1650ce$lut for cells of type $lut.
Using template $paramod$e4c3984b0f292ec38c153e6818d5f5a1c58e4f5f$lut for cells of type $lut.
Using template $paramod$lut\WIDTH=32'00000000000000000000000000000010\LUT=4'0100 for cells of type $lut.
Using template $paramod$22401499cdd44f3533d03c4b246566376c46a67b$lut for cells of type $lut.
Using template $paramod$lut\WIDTH=32'00000000000000000000000000000010\LUT=4'1101 for cells of type $lut.
Using template $paramod$98f2bc4d150d1bb1fa42ece74207354e52d366fd$lut for cells of type $lut.
Using template $paramod$08731891a7ba47af170a108a660b6a0a9bb30fb9$lut for cells of type $lut.
Using template $paramod$lut\WIDTH=32'00000000000000000000000000000011\LUT=8'11001110 for cells of type $lut.
Using template $paramod$lut\WIDTH=32'00000000000000000000000000000011\LUT=8'11111000 for cells of type $lut.
Using template $paramod$30ac34c8aec0b2873f94068ec3ef892754420503$lut for cells of type $lut.
Using template $paramod$a175789408df1730afdaf4183d06de700f9dd2fb$lut for cells of type $lut.
Using template $paramod$fdcae86fcfd036c1880a04306ae771a9d7579c31$lut for cells of type $lut.
Using template $paramod$64c98a93c00f2932cdb01ce29e3a216b58ad51fe$lut for cells of type $lut.
Using template $paramod$c471af5667a682bd131a5b479e58e470d1b2b7cd$lut for cells of type $lut.
Using template $paramod$92c3899764cd8074859d6a5a5b733cffe8a391b3$lut for cells of type $lut.
Using template $paramod$lut\WIDTH=32'00000000000000000000000000000011\LUT=8'00010011 for cells of type $lut.
Using template $paramod$lut\WIDTH=32'00000000000000000000000000000011\LUT=8'10001111 for cells of type $lut.
Using template $paramod$lut\WIDTH=32'00000000000000000000000000000010\LUT=4'0111 for cells of type $lut.
Using template $paramod$32abbd1d449a67fb913b4733374e345d4c17175b$lut for cells of type $lut.
Using template $paramod$9c3de69e343d804697cb906dcd9abbaf6aa544dd$lut for cells of type $lut.
Using template $paramod$5321e04f7ce32c091123c3570ab562efb1c81402$lut for cells of type $lut.
Using template $paramod$583294f05aaec818beb341e1ee966bc090a0a81c$lut for cells of type $lut.
Using template $paramod$lut\WIDTH=32'00000000000000000000000000000010\LUT=4'1110 for cells of type $lut.
Using template $paramod$47a8214374025465e226fa66bee690ff33268a25$lut for cells of type $lut.
Using template $paramod$lut\WIDTH=32'00000000000000000000000000000011\LUT=8'01110000 for cells of type $lut.
Using template $paramod$6d6beead1425af15cf78b27fd9b11b41b5d4bce8$lut for cells of type $lut.
Using template $paramod$873c285bdccf0ac2b60d2304ea5cd14bf211d2a6$lut for cells of type $lut.
Using template $paramod$bba54c1ef87367812b4c15f4aed5ac70773df775$lut for cells of type $lut.
Using template $paramod$364c9ffbffac467d60dfec81bba4e18476c15602$lut for cells of type $lut.
Using template $paramod$f8f63b209b7230e81958663ff24fef1613156af7$lut for cells of type $lut.
Using template $paramod$fb5ee0bdef1c4e74aaf1fd8efae98b46a2f5e564$lut for cells of type $lut.
Using template $paramod$179512a187da069f3b79ef6612a41e494e7d54b6$lut for cells of type $lut.
Using template $paramod$097592bb16245531f0716c5ddb18d7090f9c7d9d$lut for cells of type $lut.
Using template $paramod$eb764785a67ae0903625e17df40813438d0457e8$lut for cells of type $lut.
Using template $paramod$8b24407096beec47292ddeb1567a058197a320b9$lut for cells of type $lut.
Using template $paramod$lut\WIDTH=32'00000000000000000000000000000011\LUT=8'10111111 for cells of type $lut.
Using template $paramod$8e44661def013b6bf9fe6f8b049ef2c838d749f9$lut for cells of type $lut.
Using template $paramod$82b4a585d1edcb5c6e755dc9bd3392228a1c1304$lut for cells of type $lut.
Using template $paramod$865395c0228487a64a8e4011cecafc2c64b79f2b$lut for cells of type $lut.
Using template $paramod$1843b3c15f2447d117e2d5de9b00f791ef5f9fa3$lut for cells of type $lut.
Using template $paramod$lut\WIDTH=32'00000000000000000000000000000011\LUT=8'01010100 for cells of type $lut.
Using template $paramod$e76151b422bad8bc81a4515c18f7489f7b34cd59$lut for cells of type $lut.
Using template $paramod$b2e8d279775d333b39e310bd45fd5952acdde290$lut for cells of type $lut.
Using template $paramod$48ed08ac863093cb81be5bfb1a860b60659d37e0$lut for cells of type $lut.
Using template $paramod$lut\WIDTH=32'00000000000000000000000000000011\LUT=8'10100010 for cells of type $lut.
Using template $paramod$lut\WIDTH=32'00000000000000000000000000000011\LUT=8'10101100 for cells of type $lut.
Using template $paramod$7491e7206ae8c682d288373efe06a43b67c277cf$lut for cells of type $lut.
Using template $paramod$0d3ac82cf5b8a192d5ff4c23e3143360366ae882$lut for cells of type $lut.
Using template $paramod$8bd77eda64330899faf33061d1e0dcd4e5af0564$lut for cells of type $lut.
Using template $paramod$2b81c22187dcd49311a976bb63273aa43c4d3b68$lut for cells of type $lut.
Using template $paramod$4bf0340e251e6b71bc0d5237b346c714f1b8119e$lut for cells of type $lut.
Using template $paramod$lut\WIDTH=32'00000000000000000000000000000011\LUT=8'00000111 for cells of type $lut.
Using template $paramod$6677814fbc597043896985ebf94c3ecbcd411098$lut for cells of type $lut.
Using template $paramod$lut\WIDTH=32'00000000000000000000000000000010\LUT=4'1011 for cells of type $lut.
Using template $paramod$lut\WIDTH=32'00000000000000000000000000000001\LUT=2'01 for cells of type $lut.
Using template $paramod$b2192df6f90569fea4015d0a6658bdc192199f95$lut for cells of type $lut.
Using template $paramod$e2372f20dfa8b54b21637ffb5cbd5a4f43a05e34$lut for cells of type $lut.
Using template $paramod$547ac4d3aa2d0cc2dd61462e70e48b5e3e336609$lut for cells of type $lut.
Using template $paramod$891d17c049ef97ffbed57a5d4edf3f9e83d4f776$lut for cells of type $lut.
Using template $paramod$67913137ca3f966ff2f569165be4786b1518b76c$lut for cells of type $lut.
Using template $paramod$31114d87be01f977936de4d238d2be8c5bca7194$lut for cells of type $lut.
Using template $paramod$lut\WIDTH=32'00000000000000000000000000000011\LUT=8'11001010 for cells of type $lut.
Using template $paramod$lut\WIDTH=32'00000000000000000000000000000011\LUT=8'10001101 for cells of type $lut.
Using template $paramod$f55f4b90ec8e3e648d5c29eab1fa5ddd64b3f973$lut for cells of type $lut.
Using template $paramod$9e394303e290a474880b56f98766417009256d93$lut for cells of type $lut.
Using template $paramod$lut\WIDTH=32'00000000000000000000000000000011\LUT=8'10110001 for cells of type $lut.
Using template $paramod$lut\WIDTH=32'00000000000000000000000000000011\LUT=8'00000110 for cells of type $lut.
Using template $paramod$d7c634c964a868577f926c0690c937ab5b147f6e$lut for cells of type $lut.
Using template $paramod$cf93df6a751c015d454aef52e32716809f254f3e$lut for cells of type $lut.
Using template $paramod$lut\WIDTH=32'00000000000000000000000000000011\LUT=8'11001000 for cells of type $lut.
Using template $paramod$lut\WIDTH=32'00000000000000000000000000000011\LUT=8'00101010 for cells of type $lut.
Using template $paramod$d7856980c8e3df62f97c26ab34037f33a9e831b5$lut for cells of type $lut.
Using template $paramod$ac78e91c6492508f94568b4ef1379bf835475694$lut for cells of type $lut.
Using template $paramod$lut\WIDTH=32'00000000000000000000000000000011\LUT=8'01100000 for cells of type $lut.
Using template $paramod$lut\WIDTH=32'00000000000000000000000000000011\LUT=8'00000001 for cells of type $lut.
Using template $paramod$03da3dcc7c75ea9c9148a6fc634f76a9d0cbefef$lut for cells of type $lut.
Using template $paramod$lut\WIDTH=32'00000000000000000000000000000011\LUT=8'00001011 for cells of type $lut.
Using template $paramod$9fc14cb0ba5120a1da0c687a9fb19472f206fdfe$lut for cells of type $lut.
Using template $paramod$lut\WIDTH=32'00000000000000000000000000000011\LUT=8'11010000 for cells of type $lut.
Using template $paramod$lut\WIDTH=32'00000000000000000000000000000011\LUT=8'11011000 for cells of type $lut.
Using template $paramod$lut\WIDTH=32'00000000000000000000000000000011\LUT=8'01001100 for cells of type $lut.
No more expansions possible.
<suppressed ~2189 debug messages>
Removed 0 unused cells and 1736 unused wires.

3.48. Executing AUTONAME pass.
Renamed 2070 objects in module top_tm1638_demo.
<suppressed ~2070 debug messages>

3.49. Executing HIERARCHY pass (managing design hierarchy).
Attribute `top' found on module `top_tm1638_demo'. Setting top module to top_tm1638_demo.

3.49.1. Analyzing design hierarchy..
Top module:  \top_tm1638_demo

3.49.2. Analyzing design hierarchy..
Top module:  \top_tm1638_demo
Removed 0 unused modules.

3.50. Printing statistics.

=== top_tm1638_demo ===

        +----------Local Count, excluding submodules.
        | 
      838 wires
     1905 wire bits
      838 public wires
     1905 public wire bits
        4 ports
        4 port bits
        2 cells
        1   $scopeinfo
        1   SB_IO
     1314 submodules
       65   SB_CARRY
        1   SB_DFF
      328   SB_DFFESR
       86   SB_DFFESS
       26   SB_DFFSR
      808   SB_LUT4

=== design hierarchy ===

        +----------Count including submodules.
        | 
        2 top_tm1638_demo

        +----------Count including submodules.
        | 
      838 wires
     1905 wire bits
      838 public wires
     1905 public wire bits
        4 ports
        4 port bits
        - memories
        - memory bits
        - processes
        2 cells
        1   $scopeinfo
        1   SB_IO
     1314 submodules
       65   SB_CARRY
        1   SB_DFF
      328   SB_DFFESR
       86   SB_DFFESS
       26   SB_DFFSR
      808   SB_LUT4

3.51. Executing CHECK pass (checking for obvious problems).
Checking module top_tm1638_demo...
Found and reported 0 problems.

3.52. Executing JSON backend.

4. Executing CHECK pass (checking for obvious problems).
Checking module top_tm1638_demo...
Found and reported 0 problems.
