if not exist build mkdir build
yosys -p "synth_ice40 -top top_tm1638_demo -json build/top_tm1638_demo_netlist.json" rtl/tm1638.v rtl/top_tm1638_demo.v

 /----------------------------------------------------------------------------\
 |  yosys -- Yosys Open SYnthesis Suite                                       |
 |  Copyright (C) 2012 - 2026  Claire Xenia Wolf <claire@yosyshq.com>         |
 |  Distributed under an ISC-like license, type "license" to see terms        |
 \----------------------------------------------------------------------------/
 Yosys 0.68+136 (git sha1 c30457480-dirty, Release, GNU /usr/bin/x86_64-w64-mingw32-g++ 15.2.1)

-- Parsing `rtl/tm1638.v' using frontend ` -vlog2k' --

1. Executing Verilog-2005 frontend: rtl/tm1638.v
Parsing Verilog input from `rtl/tm1638.v' to AST representation.
rtl/tm1638.v:31: Warning: Yosys has only limited support for tri-state logic at the moment.
Storing AST representation for module `$abstract\tm1638'.
Successfully finished Verilog frontend.

-- Parsing `rtl/top_tm1638_demo.v' using frontend ` -vlog2k' --

2. Executing Verilog-2005 frontend: rtl/top_tm1638_demo.v
Parsing Verilog input from `rtl/top_tm1638_demo.v' to AST representation.
rtl/top_tm1638_demo.v:100: Warning: Yosys has only limited support for tri-state logic at the moment.
Storing AST representation for module `$abstract\top_tm1638_demo'.
Successfully finished Verilog frontend.

-- Running command `synth_ice40 -top top_tm1638_demo -json build/top_tm1638_demo_netlist.json' --

3. Executing SYNTH_ICE40 pass.

3.1. Executing Verilog-2005 frontend: d:\tools\oss-cad-suite\bin\../share/yosys/ice40/cells_sim.v
Parsing Verilog input from `d:\tools\oss-cad-suite\bin\../share/yosys/ice40/cells_sim.v' to AST representation.
Generating RTLIL representation for module `\SB_IO'.
Generating RTLIL representation for module `\SB_GB_IO'.
Generating RTLIL representation for module `\SB_GB'.
Generating RTLIL representation for module `\SB_LUT4'.
Generating RTLIL representation for module `\SB_CARRY'.
Generating RTLIL representation for module `\SB_DFF'.
Generating RTLIL representation for module `\SB_DFFE'.
Generating RTLIL representation for module `\SB_DFFSR'.
Generating RTLIL representation for module `\SB_DFFR'.
Generating RTLIL representation for module `\SB_DFFSS'.
Generating RTLIL representation for module `\SB_DFFS'.
Generating RTLIL representation for module `\SB_DFFESR'.
Generating RTLIL representation for module `\SB_DFFER'.
Generating RTLIL representation for module `\SB_DFFESS'.
Generating RTLIL representation for module `\SB_DFFES'.
Generating RTLIL representation for module `\SB_DFFN'.
Generating RTLIL representation for module `\SB_DFFNE'.
Generating RTLIL representation for module `\SB_DFFNSR'.
Generating RTLIL representation for module `\SB_DFFNR'.
Generating RTLIL representation for module `\SB_DFFNSS'.
Generating RTLIL representation for module `\SB_DFFNS'.
Generating RTLIL representation for module `\SB_DFFNESR'.
Generating RTLIL representation for module `\SB_DFFNER'.
Generating RTLIL representation for module `\SB_DFFNESS'.
Generating RTLIL representation for module `\SB_DFFNES'.
Generating RTLIL representation for module `\SB_RAM40_4K'.
Generating RTLIL representation for module `\SB_RAM40_4KNR'.
Generating RTLIL representation for module `\SB_RAM40_4KNW'.
Generating RTLIL representation for module `\SB_RAM40_4KNRNW'.
Generating RTLIL representation for module `\ICESTORM_LC'.
Generating RTLIL representation for module `\SB_PLL40_CORE'.
Generating RTLIL representation for module `\SB_PLL40_PAD'.
Generating RTLIL representation for module `\SB_PLL40_2_PAD'.
Generating RTLIL representation for module `\SB_PLL40_2F_CORE'.
Generating RTLIL representation for module `\SB_PLL40_2F_PAD'.
Generating RTLIL representation for module `\SB_WARMBOOT'.
Generating RTLIL representation for module `\SB_SPRAM256KA'.
Generating RTLIL representation for module `\SB_HFOSC'.
Generating RTLIL representation for module `\SB_LFOSC'.
Generating RTLIL representation for module `\SB_RGBA_DRV'.
Generating RTLIL representation for module `\SB_LED_DRV_CUR'.
Generating RTLIL representation for module `\SB_RGB_DRV'.
Generating RTLIL representation for module `\SB_I2C'.
Generating RTLIL representation for module `\SB_SPI'.
Generating RTLIL representation for module `\SB_LEDDA_IP'.
Generating RTLIL representation for module `\SB_FILTER_50NS'.
Generating RTLIL representation for module `\SB_IO_I3C'.
Generating RTLIL representation for module `\SB_IO_OD'.
Generating RTLIL representation for module `\SB_MAC16'.
Generating RTLIL representation for module `\ICESTORM_RAM'.
Successfully finished Verilog frontend.

3.2. Executing HIERARCHY pass (managing design hierarchy).

3.3. Executing AST frontend in derive mode using pre-parsed AST for module `\top_tm1638_demo'.
Generating RTLIL representation for module `\top_tm1638_demo'.

3.3.1. Analyzing design hierarchy..
Top module:  \top_tm1638_demo

3.3.2. Executing AST frontend in derive mode using pre-parsed AST for module `\tm1638'.
Generating RTLIL representation for module `\tm1638'.

3.3.3. Analyzing design hierarchy..
Top module:  \top_tm1638_demo
Used module:     \tm1638

3.3.4. Analyzing design hierarchy..
Top module:  \top_tm1638_demo
Used module:     \tm1638
Removing unused module `$abstract\top_tm1638_demo'.
Removing unused module `$abstract\tm1638'.
Removed 2 unused modules.

3.4. Executing PROC pass (convert processes to netlists).

3.4.1. Executing PROC_CLEAN pass (remove empty switches from decision trees).
Cleaned up 0 empty switches.

3.4.2. Executing PROC_RMDEAD pass (remove dead branches from decision trees).
Marked 1 switch rules as full_case in process $proc$rtl/tm1638.v:82$743 in module tm1638.
Marked 7 switch rules as full_case in process $proc$rtl/tm1638.v:35$733 in module tm1638.
Marked 21 switch rules as full_case in process $proc$rtl/top_tm1638_demo.v:229$448 in module top_tm1638_demo.
Marked 9 switch rules as full_case in process $proc$rtl/top_tm1638_demo.v:177$433 in module top_tm1638_demo.
Removed a total of 0 dead cases.

3.4.3. Executing PROC_PRUNE pass (remove redundant assignments in processes).
Removed 8 redundant assignments.
Promoted 47 assignments to connections.

3.4.4. Executing PROC_INIT pass (extract init attributes).
Found init rule in `\top_tm1638_demo.$proc$rtl/top_tm1638_demo.v:48$726'.
  Set init value: \rst = 1'1

3.4.5. Executing PROC_ARST pass (detect async resets in processes).

3.4.6. Executing PROC_ROM pass (convert switches to ROMs).
Converted 8 switches.
<suppressed ~32 debug messages>

3.4.7. Executing PROC_MUX pass (convert decision trees to multiplexers).
Creating decoders for process `\tm1638.$proc$rtl/tm1638.v:82$743'.
     1/6: $0\data_out_q[7:0]
     2/6: $0\data_q[7:0]
     3/6: $0\dio_out[0:0]
     4/6: $0\ctr_q[2:0]
     5/6: $0\sclk_q[5:0]
     6/6: $0\cur_state[1:0]
Creating decoders for process `\tm1638.$proc$rtl/tm1638.v:35$733'.
     1/27: $5\dio_out_d[0:0]
     2/27: $5\data_out_d[7:0]
     3/27: $7\next_state[1:0]
     4/27: $4\dio_out_d[0:0]
     5/27: $4\data_out_d[7:0]
     6/27: $6\next_state[1:0]
     7/27: $4\ctr_d[2:0]
     8/27: $4\data_d[7:0]
     9/27: $3\ctr_d[2:0]
    10/27: $3\dio_out_d[0:0]
    11/27: $3\data_out_d[7:0]
    12/27: $5\next_state[1:0]
    13/27: $2\dio_out_d[0:0]
    14/27: $2\ctr_d[2:0]
    15/27: $2\data_out_d[7:0]
    16/27: $3\data_d[7:0]
    17/27: $4\next_state[1:0]
    18/27: $3\next_state[1:0]
    19/27: $2\sclk_d[5:0]
    20/27: $2\next_state[1:0]
    21/27: $2\data_d[7:0]
    22/27: $1\data_d[7:0]
    23/27: $1\next_state[1:0]
    24/27: $1\sclk_d[5:0]
    25/27: $1\ctr_d[2:0]
    26/27: $1\dio_out_d[0:0]
    27/27: $1\data_out_d[7:0]
Creating decoders for process `\top_tm1638_demo.$proc$rtl/top_tm1638_demo.v:48$726'.
Creating decoders for process `\top_tm1638_demo.$proc$rtl/top_tm1638_demo.v:229$448'.
     1/207: $6\text_char$func$rtl/top_tm1638_demo.v:150$411.$result[6:0]$723
     2/207: $5\window_char$func$rtl/top_tm1638_demo.v:160$410.$result[6:0]$720
     3/207: $5\text_char$func$rtl/top_tm1638_demo.v:150$411.$result[6:0]$721
     4/207: $5\text_char$func$rtl/top_tm1638_demo.v:150$411.index[31:0]$722
     5/207: $6\text_char$func$rtl/top_tm1638_demo.v:150$407.$result[6:0]$714
     6/207: $5\window_char$func$rtl/top_tm1638_demo.v:160$406.$result[6:0]$711
     7/207: $5\text_char$func$rtl/top_tm1638_demo.v:150$407.$result[6:0]$712
     8/207: $5\text_char$func$rtl/top_tm1638_demo.v:150$407.index[31:0]$713
     9/207: $6\text_char$func$rtl/top_tm1638_demo.v:150$403.$result[6:0]$705
    10/207: $5\window_char$func$rtl/top_tm1638_demo.v:160$402.$result[6:0]$702
    11/207: $5\text_char$func$rtl/top_tm1638_demo.v:150$403.$result[6:0]$703
    12/207: $5\text_char$func$rtl/top_tm1638_demo.v:150$403.index[31:0]$704
    13/207: $6\text_char$func$rtl/top_tm1638_demo.v:150$399.$result[6:0]$696
    14/207: $5\window_char$func$rtl/top_tm1638_demo.v:160$398.$result[6:0]$693
    15/207: $5\text_char$func$rtl/top_tm1638_demo.v:150$399.$result[6:0]$694
    16/207: $5\text_char$func$rtl/top_tm1638_demo.v:150$399.index[31:0]$695
    17/207: $6\text_char$func$rtl/top_tm1638_demo.v:150$395.$result[6:0]$687
    18/207: $5\window_char$func$rtl/top_tm1638_demo.v:160$394.$result[6:0]$684
    19/207: $5\text_char$func$rtl/top_tm1638_demo.v:150$395.$result[6:0]$685
    20/207: $5\text_char$func$rtl/top_tm1638_demo.v:150$395.index[31:0]$686
    21/207: $6\text_char$func$rtl/top_tm1638_demo.v:150$391.$result[6:0]$678
    22/207: $5\window_char$func$rtl/top_tm1638_demo.v:160$390.$result[6:0]$675
    23/207: $5\text_char$func$rtl/top_tm1638_demo.v:150$391.$result[6:0]$676
    24/207: $5\text_char$func$rtl/top_tm1638_demo.v:150$391.index[31:0]$677
    25/207: $6\text_char$func$rtl/top_tm1638_demo.v:150$387.$result[6:0]$669
    26/207: $5\window_char$func$rtl/top_tm1638_demo.v:160$386.$result[6:0]$666
    27/207: $5\text_char$func$rtl/top_tm1638_demo.v:150$387.$result[6:0]$667
    28/207: $5\text_char$func$rtl/top_tm1638_demo.v:150$387.index[31:0]$668
    29/207: $6\text_char$func$rtl/top_tm1638_demo.v:150$383.$result[6:0]$660
    30/207: $5\window_char$func$rtl/top_tm1638_demo.v:160$382.$result[6:0]$657
    31/207: $5\text_char$func$rtl/top_tm1638_demo.v:150$383.$result[6:0]$658
    32/207: $5\text_char$func$rtl/top_tm1638_demo.v:150$383.index[31:0]$659
    33/207: $0\keys[7:0] [1]
    34/207: $0\keys[7:0] [0]
    35/207: $0\keys[7:0] [4]
    36/207: $0\keys[7:0] [5]
    37/207: $0\keys[7:0] [2]
    38/207: $0\keys[7:0] [3]
    39/207: $0\keys[7:0] [6]
    40/207: $0\keys[7:0] [7]
    41/207: $4\text_char$func$rtl/top_tm1638_demo.v:150$411.$result[6:0]$650
    42/207: $4\window_char$func$rtl/top_tm1638_demo.v:160$410.text_index[31:0]$649
    43/207: $4\window_char$func$rtl/top_tm1638_demo.v:160$410.position[5:0]$648
    44/207: $4\window_char$func$rtl/top_tm1638_demo.v:160$410.$result[6:0]$647
    45/207: $4\text_char$func$rtl/top_tm1638_demo.v:150$407.index[31:0]$646
    46/207: $4\text_char$func$rtl/top_tm1638_demo.v:150$407.$result[6:0]$645
    47/207: $4\window_char$func$rtl/top_tm1638_demo.v:160$406.text_index[31:0]$644
    48/207: $4\window_char$func$rtl/top_tm1638_demo.v:160$406.position[5:0]$643
    49/207: $4\window_char$func$rtl/top_tm1638_demo.v:160$406.$result[6:0]$642
    50/207: $4\text_char$func$rtl/top_tm1638_demo.v:150$403.index[31:0]$641
    51/207: $4\text_char$func$rtl/top_tm1638_demo.v:150$403.$result[6:0]$640
    52/207: $4\window_char$func$rtl/top_tm1638_demo.v:160$402.text_index[31:0]$639
    53/207: $4\window_char$func$rtl/top_tm1638_demo.v:160$402.position[5:0]$638
    54/207: $4\window_char$func$rtl/top_tm1638_demo.v:160$402.$result[6:0]$637
    55/207: $4\text_char$func$rtl/top_tm1638_demo.v:150$399.index[31:0]$636
    56/207: $4\text_char$func$rtl/top_tm1638_demo.v:150$399.$result[6:0]$635
    57/207: $4\window_char$func$rtl/top_tm1638_demo.v:160$398.text_index[31:0]$634
    58/207: $4\window_char$func$rtl/top_tm1638_demo.v:160$398.position[5:0]$633
    59/207: $4\window_char$func$rtl/top_tm1638_demo.v:160$398.$result[6:0]$632
    60/207: $4\text_char$func$rtl/top_tm1638_demo.v:150$395.index[31:0]$631
    61/207: $4\text_char$func$rtl/top_tm1638_demo.v:150$395.$result[6:0]$630
    62/207: $4\window_char$func$rtl/top_tm1638_demo.v:160$394.text_index[31:0]$629
    63/207: $4\window_char$func$rtl/top_tm1638_demo.v:160$394.position[5:0]$628
    64/207: $4\window_char$func$rtl/top_tm1638_demo.v:160$394.$result[6:0]$627
    65/207: $4\text_char$func$rtl/top_tm1638_demo.v:150$391.index[31:0]$626
    66/207: $4\text_char$func$rtl/top_tm1638_demo.v:150$391.$result[6:0]$625
    67/207: $4\window_char$func$rtl/top_tm1638_demo.v:160$390.text_index[31:0]$624
    68/207: $4\window_char$func$rtl/top_tm1638_demo.v:160$390.position[5:0]$623
    69/207: $4\window_char$func$rtl/top_tm1638_demo.v:160$390.$result[6:0]$622
    70/207: $4\text_char$func$rtl/top_tm1638_demo.v:150$387.index[31:0]$621
    71/207: $4\text_char$func$rtl/top_tm1638_demo.v:150$387.$result[6:0]$620
    72/207: $4\window_char$func$rtl/top_tm1638_demo.v:160$386.text_index[31:0]$619
    73/207: $4\window_char$func$rtl/top_tm1638_demo.v:160$386.position[5:0]$618
    74/207: $4\window_char$func$rtl/top_tm1638_demo.v:160$386.$result[6:0]$617
    75/207: $4\text_char$func$rtl/top_tm1638_demo.v:150$383.index[31:0]$616
    76/207: $4\text_char$func$rtl/top_tm1638_demo.v:150$383.$result[6:0]$615
    77/207: $4\window_char$func$rtl/top_tm1638_demo.v:160$382.text_index[31:0]$614
    78/207: $4\window_char$func$rtl/top_tm1638_demo.v:160$382.position[5:0]$613
    79/207: $4\window_char$func$rtl/top_tm1638_demo.v:160$382.$result[6:0]$612
    80/207: $3\text_char$func$rtl/top_tm1638_demo.v:150$411.index[31:0]$611
    81/207: $3\text_char$func$rtl/top_tm1638_demo.v:150$411.$result[6:0]$610
    82/207: $3\window_char$func$rtl/top_tm1638_demo.v:160$410.text_index[31:0]$609
    83/207: $3\window_char$func$rtl/top_tm1638_demo.v:160$410.position[5:0]$608
    84/207: $3\window_char$func$rtl/top_tm1638_demo.v:160$410.$result[6:0]$607
    85/207: $3\text_char$func$rtl/top_tm1638_demo.v:150$407.index[31:0]$606
    86/207: $3\text_char$func$rtl/top_tm1638_demo.v:150$407.$result[6:0]$605
    87/207: $3\window_char$func$rtl/top_tm1638_demo.v:160$406.text_index[31:0]$604
    88/207: $3\window_char$func$rtl/top_tm1638_demo.v:160$406.position[5:0]$603
    89/207: $3\window_char$func$rtl/top_tm1638_demo.v:160$406.$result[6:0]$602
    90/207: $3\text_char$func$rtl/top_tm1638_demo.v:150$403.index[31:0]$601
    91/207: $3\text_char$func$rtl/top_tm1638_demo.v:150$403.$result[6:0]$600
    92/207: $3\window_char$func$rtl/top_tm1638_demo.v:160$402.text_index[31:0]$599
    93/207: $3\window_char$func$rtl/top_tm1638_demo.v:160$402.position[5:0]$598
    94/207: $3\window_char$func$rtl/top_tm1638_demo.v:160$402.$result[6:0]$597
    95/207: $3\text_char$func$rtl/top_tm1638_demo.v:150$399.index[31:0]$596
    96/207: $3\text_char$func$rtl/top_tm1638_demo.v:150$399.$result[6:0]$595
    97/207: $3\window_char$func$rtl/top_tm1638_demo.v:160$398.text_index[31:0]$594
    98/207: $3\window_char$func$rtl/top_tm1638_demo.v:160$398.position[5:0]$593
    99/207: $3\window_char$func$rtl/top_tm1638_demo.v:160$398.$result[6:0]$592
   100/207: $3\text_char$func$rtl/top_tm1638_demo.v:150$395.index[31:0]$591
   101/207: $3\text_char$func$rtl/top_tm1638_demo.v:150$395.$result[6:0]$590
   102/207: $3\window_char$func$rtl/top_tm1638_demo.v:160$394.text_index[31:0]$589
   103/207: $3\window_char$func$rtl/top_tm1638_demo.v:160$394.position[5:0]$588
   104/207: $3\window_char$func$rtl/top_tm1638_demo.v:160$394.$result[6:0]$587
   105/207: $3\text_char$func$rtl/top_tm1638_demo.v:150$391.index[31:0]$586
   106/207: $3\text_char$func$rtl/top_tm1638_demo.v:150$391.$result[6:0]$585
   107/207: $3\window_char$func$rtl/top_tm1638_demo.v:160$390.text_index[31:0]$584
   108/207: $3\window_char$func$rtl/top_tm1638_demo.v:160$390.position[5:0]$583
   109/207: $3\window_char$func$rtl/top_tm1638_demo.v:160$390.$result[6:0]$582
   110/207: $3\text_char$func$rtl/top_tm1638_demo.v:150$387.index[31:0]$581
   111/207: $3\text_char$func$rtl/top_tm1638_demo.v:150$387.$result[6:0]$580
   112/207: $3\window_char$func$rtl/top_tm1638_demo.v:160$386.text_index[31:0]$579
   113/207: $3\window_char$func$rtl/top_tm1638_demo.v:160$386.position[5:0]$578
   114/207: $3\window_char$func$rtl/top_tm1638_demo.v:160$386.$result[6:0]$577
   115/207: $3\text_char$func$rtl/top_tm1638_demo.v:150$383.index[31:0]$576
   116/207: $3\text_char$func$rtl/top_tm1638_demo.v:150$383.$result[6:0]$575
   117/207: $3\window_char$func$rtl/top_tm1638_demo.v:160$382.text_index[31:0]$574
   118/207: $3\window_char$func$rtl/top_tm1638_demo.v:160$382.position[5:0]$573
   119/207: $3\window_char$func$rtl/top_tm1638_demo.v:160$382.$result[6:0]$572
   120/207: $2\text_char$func$rtl/top_tm1638_demo.v:150$411.index[31:0]$569
   121/207: $2\text_char$func$rtl/top_tm1638_demo.v:150$411.$result[6:0]$568
   122/207: $2\window_char$func$rtl/top_tm1638_demo.v:160$410.text_index[31:0]$567
   123/207: $2\window_char$func$rtl/top_tm1638_demo.v:160$410.position[5:0]$566
   124/207: $2\window_char$func$rtl/top_tm1638_demo.v:160$410.$result[6:0]$565
   125/207: $2\text_char$func$rtl/top_tm1638_demo.v:150$407.index[31:0]$564
   126/207: $2\text_char$func$rtl/top_tm1638_demo.v:150$407.$result[6:0]$563
   127/207: $2\window_char$func$rtl/top_tm1638_demo.v:160$406.text_index[31:0]$562
   128/207: $2\window_char$func$rtl/top_tm1638_demo.v:160$406.position[5:0]$561
   129/207: $2\window_char$func$rtl/top_tm1638_demo.v:160$406.$result[6:0]$560
   130/207: $2\text_char$func$rtl/top_tm1638_demo.v:150$403.index[31:0]$559
   131/207: $2\text_char$func$rtl/top_tm1638_demo.v:150$403.$result[6:0]$558
   132/207: $2\window_char$func$rtl/top_tm1638_demo.v:160$402.text_index[31:0]$557
   133/207: $2\window_char$func$rtl/top_tm1638_demo.v:160$402.position[5:0]$556
   134/207: $2\window_char$func$rtl/top_tm1638_demo.v:160$402.$result[6:0]$555
   135/207: $2\text_char$func$rtl/top_tm1638_demo.v:150$399.index[31:0]$554
   136/207: $2\text_char$func$rtl/top_tm1638_demo.v:150$399.$result[6:0]$553
   137/207: $2\window_char$func$rtl/top_tm1638_demo.v:160$398.text_index[31:0]$552
   138/207: $2\window_char$func$rtl/top_tm1638_demo.v:160$398.position[5:0]$551
   139/207: $2\window_char$func$rtl/top_tm1638_demo.v:160$398.$result[6:0]$550
   140/207: $2\text_char$func$rtl/top_tm1638_demo.v:150$395.index[31:0]$549
   141/207: $2\text_char$func$rtl/top_tm1638_demo.v:150$395.$result[6:0]$548
   142/207: $2\window_char$func$rtl/top_tm1638_demo.v:160$394.text_index[31:0]$547
   143/207: $2\window_char$func$rtl/top_tm1638_demo.v:160$394.position[5:0]$546
   144/207: $2\window_char$func$rtl/top_tm1638_demo.v:160$394.$result[6:0]$545
   145/207: $2\text_char$func$rtl/top_tm1638_demo.v:150$391.index[31:0]$544
   146/207: $2\text_char$func$rtl/top_tm1638_demo.v:150$391.$result[6:0]$543
   147/207: $2\window_char$func$rtl/top_tm1638_demo.v:160$390.text_index[31:0]$542
   148/207: $2\window_char$func$rtl/top_tm1638_demo.v:160$390.position[5:0]$541
   149/207: $2\window_char$func$rtl/top_tm1638_demo.v:160$390.$result[6:0]$540
   150/207: $2\text_char$func$rtl/top_tm1638_demo.v:150$387.index[31:0]$539
   151/207: $2\text_char$func$rtl/top_tm1638_demo.v:150$387.$result[6:0]$538
   152/207: $2\window_char$func$rtl/top_tm1638_demo.v:160$386.text_index[31:0]$537
   153/207: $2\window_char$func$rtl/top_tm1638_demo.v:160$386.position[5:0]$536
   154/207: $2\window_char$func$rtl/top_tm1638_demo.v:160$386.$result[6:0]$535
   155/207: $2\text_char$func$rtl/top_tm1638_demo.v:150$383.index[31:0]$534
   156/207: $2\text_char$func$rtl/top_tm1638_demo.v:150$383.$result[6:0]$533
   157/207: $2\window_char$func$rtl/top_tm1638_demo.v:160$382.text_index[31:0]$532
   158/207: $2\window_char$func$rtl/top_tm1638_demo.v:160$382.position[5:0]$531
   159/207: $2\window_char$func$rtl/top_tm1638_demo.v:160$382.$result[6:0]$530
   160/207: $0\scan_div[5:0]
   161/207: $1\text_char$func$rtl/top_tm1638_demo.v:150$411.index[31:0]$528
   162/207: $1\text_char$func$rtl/top_tm1638_demo.v:150$411.$result[6:0]$527
   163/207: $1\window_char$func$rtl/top_tm1638_demo.v:160$410.text_index[31:0]$526
   164/207: $1\window_char$func$rtl/top_tm1638_demo.v:160$410.position[5:0]$525
   165/207: $1\window_char$func$rtl/top_tm1638_demo.v:160$410.$result[6:0]$524
   166/207: $1\text_char$func$rtl/top_tm1638_demo.v:150$407.index[31:0]$523
   167/207: $1\text_char$func$rtl/top_tm1638_demo.v:150$407.$result[6:0]$522
   168/207: $1\window_char$func$rtl/top_tm1638_demo.v:160$406.text_index[31:0]$521
   169/207: $1\window_char$func$rtl/top_tm1638_demo.v:160$406.position[5:0]$520
   170/207: $1\window_char$func$rtl/top_tm1638_demo.v:160$406.$result[6:0]$519
   171/207: $1\text_char$func$rtl/top_tm1638_demo.v:150$403.index[31:0]$518
   172/207: $1\text_char$func$rtl/top_tm1638_demo.v:150$403.$result[6:0]$517
   173/207: $1\window_char$func$rtl/top_tm1638_demo.v:160$402.text_index[31:0]$516
   174/207: $1\window_char$func$rtl/top_tm1638_demo.v:160$402.position[5:0]$515
   175/207: $1\window_char$func$rtl/top_tm1638_demo.v:160$402.$result[6:0]$514
   176/207: $1\text_char$func$rtl/top_tm1638_demo.v:150$399.index[31:0]$513
   177/207: $1\text_char$func$rtl/top_tm1638_demo.v:150$399.$result[6:0]$512
   178/207: $1\window_char$func$rtl/top_tm1638_demo.v:160$398.text_index[31:0]$511
   179/207: $1\window_char$func$rtl/top_tm1638_demo.v:160$398.position[5:0]$510
   180/207: $1\window_char$func$rtl/top_tm1638_demo.v:160$398.$result[6:0]$509
   181/207: $1\text_char$func$rtl/top_tm1638_demo.v:150$395.index[31:0]$508
   182/207: $1\text_char$func$rtl/top_tm1638_demo.v:150$395.$result[6:0]$507
   183/207: $1\window_char$func$rtl/top_tm1638_demo.v:160$394.text_index[31:0]$506
   184/207: $1\window_char$func$rtl/top_tm1638_demo.v:160$394.position[5:0]$505
   185/207: $1\window_char$func$rtl/top_tm1638_demo.v:160$394.$result[6:0]$504
   186/207: $1\text_char$func$rtl/top_tm1638_demo.v:150$391.index[31:0]$503
   187/207: $1\text_char$func$rtl/top_tm1638_demo.v:150$391.$result[6:0]$502
   188/207: $1\window_char$func$rtl/top_tm1638_demo.v:160$390.text_index[31:0]$501
   189/207: $1\window_char$func$rtl/top_tm1638_demo.v:160$390.position[5:0]$500
   190/207: $1\window_char$func$rtl/top_tm1638_demo.v:160$390.$result[6:0]$499
   191/207: $1\text_char$func$rtl/top_tm1638_demo.v:150$387.index[31:0]$498
   192/207: $1\text_char$func$rtl/top_tm1638_demo.v:150$387.$result[6:0]$497
   193/207: $1\window_char$func$rtl/top_tm1638_demo.v:160$386.text_index[31:0]$496
   194/207: $1\window_char$func$rtl/top_tm1638_demo.v:160$386.position[5:0]$495
   195/207: $1\window_char$func$rtl/top_tm1638_demo.v:160$386.$result[6:0]$494
   196/207: $1\text_char$func$rtl/top_tm1638_demo.v:150$383.index[31:0]$493
   197/207: $1\text_char$func$rtl/top_tm1638_demo.v:150$383.$result[6:0]$492
   198/207: $1\window_char$func$rtl/top_tm1638_demo.v:160$382.text_index[31:0]$491
   199/207: $1\window_char$func$rtl/top_tm1638_demo.v:160$382.position[5:0]$490
   200/207: $1\window_char$func$rtl/top_tm1638_demo.v:160$382.$result[6:0]$489
   201/207: $0\tm_out[7:0]
   202/207: $0\tm_latch[0:0]
   203/207: $0\tm_rw[0:0]
   204/207: $4\text_char$func$rtl/top_tm1638_demo.v:150$411.index[31:0]$651
   205/207: $0\instruction_step[5:0]
   206/207: $0\rst[0:0]
   207/207: $0\tm_cs[0:0]
Creating decoders for process `\top_tm1638_demo.$proc$rtl/top_tm1638_demo.v:177$433'.
     1/3: $0\anim_counter[23:0]
     2/3: $0\scroll_dir[0:0]
     3/3: $0\scroll_pos[5:0]

3.4.8. Executing PROC_DLATCH pass (convert process syncs to latches).
No latch inferred for signal `\tm1638.\next_state' from process `\tm1638.$proc$rtl/tm1638.v:35$733'.
No latch inferred for signal `\tm1638.\sclk_d' from process `\tm1638.$proc$rtl/tm1638.v:35$733'.
No latch inferred for signal `\tm1638.\data_d' from process `\tm1638.$proc$rtl/tm1638.v:35$733'.
No latch inferred for signal `\tm1638.\data_out_d' from process `\tm1638.$proc$rtl/tm1638.v:35$733'.
No latch inferred for signal `\tm1638.\dio_out_d' from process `\tm1638.$proc$rtl/tm1638.v:35$733'.
No latch inferred for signal `\tm1638.\ctr_d' from process `\tm1638.$proc$rtl/tm1638.v:35$733'.

3.4.9. Executing PROC_DFF pass (convert process syncs to FFs).
Creating register for signal `\tm1638.\dio_out' using process `\tm1638.$proc$rtl/tm1638.v:82$743'.
  created $dff cell `$procdff$4095' with positive edge clock.
Creating register for signal `\tm1638.\cur_state' using process `\tm1638.$proc$rtl/tm1638.v:82$743'.
  created $dff cell `$procdff$4096' with positive edge clock.
Creating register for signal `\tm1638.\sclk_q' using process `\tm1638.$proc$rtl/tm1638.v:82$743'.
  created $dff cell `$procdff$4097' with positive edge clock.
Creating register for signal `\tm1638.\data_q' using process `\tm1638.$proc$rtl/tm1638.v:82$743'.
  created $dff cell `$procdff$4098' with positive edge clock.
Creating register for signal `\tm1638.\data_out_q' using process `\tm1638.$proc$rtl/tm1638.v:82$743'.
  created $dff cell `$procdff$4099' with positive edge clock.
Creating register for signal `\tm1638.\ctr_q' using process `\tm1638.$proc$rtl/tm1638.v:82$743'.
  created $dff cell `$procdff$4100' with positive edge clock.
Creating register for signal `\top_tm1638_demo.\tm_cs' using process `\top_tm1638_demo.$proc$rtl/top_tm1638_demo.v:229$448'.
  created $dff cell `$procdff$4101' with positive edge clock.
Creating register for signal `\top_tm1638_demo.\rst' using process `\top_tm1638_demo.$proc$rtl/top_tm1638_demo.v:229$448'.
  created $dff cell `$procdff$4102' with positive edge clock.
Creating register for signal `\top_tm1638_demo.\instruction_step' using process `\top_tm1638_demo.$proc$rtl/top_tm1638_demo.v:229$448'.
  created $dff cell `$procdff$4103' with positive edge clock.
Creating register for signal `\top_tm1638_demo.\keys' using process `\top_tm1638_demo.$proc$rtl/top_tm1638_demo.v:229$448'.
  created $dff cell `$procdff$4104' with positive edge clock.
Creating register for signal `\top_tm1638_demo.\tm_rw' using process `\top_tm1638_demo.$proc$rtl/top_tm1638_demo.v:229$448'.
  created $dff cell `$procdff$4105' with positive edge clock.
Creating register for signal `\top_tm1638_demo.\tm_latch' using process `\top_tm1638_demo.$proc$rtl/top_tm1638_demo.v:229$448'.
  created $dff cell `$procdff$4106' with positive edge clock.
Creating register for signal `\top_tm1638_demo.\tm_out' using process `\top_tm1638_demo.$proc$rtl/top_tm1638_demo.v:229$448'.
  created $dff cell `$procdff$4107' with positive edge clock.
Creating register for signal `\top_tm1638_demo.\scan_div' using process `\top_tm1638_demo.$proc$rtl/top_tm1638_demo.v:229$448'.
  created $dff cell `$procdff$4108' with positive edge clock.
Creating register for signal `\top_tm1638_demo.\window_char$func$rtl/top_tm1638_demo.v:160$382.$result' using process `\top_tm1638_demo.$proc$rtl/top_tm1638_demo.v:229$448'.
  created $dff cell `$procdff$4109' with positive edge clock.
Creating register for signal `\top_tm1638_demo.\window_char$func$rtl/top_tm1638_demo.v:160$382.position' using process `\top_tm1638_demo.$proc$rtl/top_tm1638_demo.v:229$448'.
  created $dff cell `$procdff$4110' with positive edge clock.
Creating register for signal `\top_tm1638_demo.\window_char$func$rtl/top_tm1638_demo.v:160$382.text_index' using process `\top_tm1638_demo.$proc$rtl/top_tm1638_demo.v:229$448'.
  created $dff cell `$procdff$4111' with positive edge clock.
Creating register for signal `\top_tm1638_demo.\text_char$func$rtl/top_tm1638_demo.v:150$383.$result' using process `\top_tm1638_demo.$proc$rtl/top_tm1638_demo.v:229$448'.
  created $dff cell `$procdff$4112' with positive edge clock.
Creating register for signal `\top_tm1638_demo.\text_char$func$rtl/top_tm1638_demo.v:150$383.index' using process `\top_tm1638_demo.$proc$rtl/top_tm1638_demo.v:229$448'.
  created $dff cell `$procdff$4113' with positive edge clock.
Creating register for signal `\top_tm1638_demo.\window_char$func$rtl/top_tm1638_demo.v:160$386.$result' using process `\top_tm1638_demo.$proc$rtl/top_tm1638_demo.v:229$448'.
  created $dff cell `$procdff$4114' with positive edge clock.
Creating register for signal `\top_tm1638_demo.\window_char$func$rtl/top_tm1638_demo.v:160$386.position' using process `\top_tm1638_demo.$proc$rtl/top_tm1638_demo.v:229$448'.
  created $dff cell `$procdff$4115' with positive edge clock.
Creating register for signal `\top_tm1638_demo.\window_char$func$rtl/top_tm1638_demo.v:160$386.text_index' using process `\top_tm1638_demo.$proc$rtl/top_tm1638_demo.v:229$448'.
  created $dff cell `$procdff$4116' with positive edge clock.
Creating register for signal `\top_tm1638_demo.\text_char$func$rtl/top_tm1638_demo.v:150$387.$result' using process `\top_tm1638_demo.$proc$rtl/top_tm1638_demo.v:229$448'.
  created $dff cell `$procdff$4117' with positive edge clock.
Creating register for signal `\top_tm1638_demo.\text_char$func$rtl/top_tm1638_demo.v:150$387.index' using process `\top_tm1638_demo.$proc$rtl/top_tm1638_demo.v:229$448'.
  created $dff cell `$procdff$4118' with positive edge clock.
Creating register for signal `\top_tm1638_demo.\window_char$func$rtl/top_tm1638_demo.v:160$390.$result' using process `\top_tm1638_demo.$proc$rtl/top_tm1638_demo.v:229$448'.
  created $dff cell `$procdff$4119' with positive edge clock.
Creating register for signal `\top_tm1638_demo.\window_char$func$rtl/top_tm1638_demo.v:160$390.position' using process `\top_tm1638_demo.$proc$rtl/top_tm1638_demo.v:229$448'.
  created $dff cell `$procdff$4120' with positive edge clock.
Creating register for signal `\top_tm1638_demo.\window_char$func$rtl/top_tm1638_demo.v:160$390.text_index' using process `\top_tm1638_demo.$proc$rtl/top_tm1638_demo.v:229$448'.
  created $dff cell `$procdff$4121' with positive edge clock.
Creating register for signal `\top_tm1638_demo.\text_char$func$rtl/top_tm1638_demo.v:150$391.$result' using process `\top_tm1638_demo.$proc$rtl/top_tm1638_demo.v:229$448'.
  created $dff cell `$procdff$4122' with positive edge clock.
Creating register for signal `\top_tm1638_demo.\text_char$func$rtl/top_tm1638_demo.v:150$391.index' using process `\top_tm1638_demo.$proc$rtl/top_tm1638_demo.v:229$448'.
  created $dff cell `$procdff$4123' with positive edge clock.
Creating register for signal `\top_tm1638_demo.\window_char$func$rtl/top_tm1638_demo.v:160$394.$result' using process `\top_tm1638_demo.$proc$rtl/top_tm1638_demo.v:229$448'.
  created $dff cell `$procdff$4124' with positive edge clock.
Creating register for signal `\top_tm1638_demo.\window_char$func$rtl/top_tm1638_demo.v:160$394.position' using process `\top_tm1638_demo.$proc$rtl/top_tm1638_demo.v:229$448'.
  created $dff cell `$procdff$4125' with positive edge clock.
Creating register for signal `\top_tm1638_demo.\window_char$func$rtl/top_tm1638_demo.v:160$394.text_index' using process `\top_tm1638_demo.$proc$rtl/top_tm1638_demo.v:229$448'.
  created $dff cell `$procdff$4126' with positive edge clock.
Creating register for signal `\top_tm1638_demo.\text_char$func$rtl/top_tm1638_demo.v:150$395.$result' using process `\top_tm1638_demo.$proc$rtl/top_tm1638_demo.v:229$448'.
  created $dff cell `$procdff$4127' with positive edge clock.
Creating register for signal `\top_tm1638_demo.\text_char$func$rtl/top_tm1638_demo.v:150$395.index' using process `\top_tm1638_demo.$proc$rtl/top_tm1638_demo.v:229$448'.
  created $dff cell `$procdff$4128' with positive edge clock.
Creating register for signal `\top_tm1638_demo.\window_char$func$rtl/top_tm1638_demo.v:160$398.$result' using process `\top_tm1638_demo.$proc$rtl/top_tm1638_demo.v:229$448'.
  created $dff cell `$procdff$4129' with positive edge clock.
Creating register for signal `\top_tm1638_demo.\window_char$func$rtl/top_tm1638_demo.v:160$398.position' using process `\top_tm1638_demo.$proc$rtl/top_tm1638_demo.v:229$448'.
  created $dff cell `$procdff$4130' with positive edge clock.
Creating register for signal `\top_tm1638_demo.\window_char$func$rtl/top_tm1638_demo.v:160$398.text_index' using process `\top_tm1638_demo.$proc$rtl/top_tm1638_demo.v:229$448'.
  created $dff cell `$procdff$4131' with positive edge clock.
Creating register for signal `\top_tm1638_demo.\text_char$func$rtl/top_tm1638_demo.v:150$399.$result' using process `\top_tm1638_demo.$proc$rtl/top_tm1638_demo.v:229$448'.
  created $dff cell `$procdff$4132' with positive edge clock.
Creating register for signal `\top_tm1638_demo.\text_char$func$rtl/top_tm1638_demo.v:150$399.index' using process `\top_tm1638_demo.$proc$rtl/top_tm1638_demo.v:229$448'.
  created $dff cell `$procdff$4133' with positive edge clock.
Creating register for signal `\top_tm1638_demo.\window_char$func$rtl/top_tm1638_demo.v:160$402.$result' using process `\top_tm1638_demo.$proc$rtl/top_tm1638_demo.v:229$448'.
  created $dff cell `$procdff$4134' with positive edge clock.
Creating register for signal `\top_tm1638_demo.\window_char$func$rtl/top_tm1638_demo.v:160$402.position' using process `\top_tm1638_demo.$proc$rtl/top_tm1638_demo.v:229$448'.
  created $dff cell `$procdff$4135' with positive edge clock.
Creating register for signal `\top_tm1638_demo.\window_char$func$rtl/top_tm1638_demo.v:160$402.text_index' using process `\top_tm1638_demo.$proc$rtl/top_tm1638_demo.v:229$448'.
  created $dff cell `$procdff$4136' with positive edge clock.
Creating register for signal `\top_tm1638_demo.\text_char$func$rtl/top_tm1638_demo.v:150$403.$result' using process `\top_tm1638_demo.$proc$rtl/top_tm1638_demo.v:229$448'.
  created $dff cell `$procdff$4137' with positive edge clock.
Creating register for signal `\top_tm1638_demo.\text_char$func$rtl/top_tm1638_demo.v:150$403.index' using process `\top_tm1638_demo.$proc$rtl/top_tm1638_demo.v:229$448'.
  created $dff cell `$procdff$4138' with positive edge clock.
Creating register for signal `\top_tm1638_demo.\window_char$func$rtl/top_tm1638_demo.v:160$406.$result' using process `\top_tm1638_demo.$proc$rtl/top_tm1638_demo.v:229$448'.
  created $dff cell `$procdff$4139' with positive edge clock.
Creating register for signal `\top_tm1638_demo.\window_char$func$rtl/top_tm1638_demo.v:160$406.position' using process `\top_tm1638_demo.$proc$rtl/top_tm1638_demo.v:229$448'.
  created $dff cell `$procdff$4140' with positive edge clock.
Creating register for signal `\top_tm1638_demo.\window_char$func$rtl/top_tm1638_demo.v:160$406.text_index' using process `\top_tm1638_demo.$proc$rtl/top_tm1638_demo.v:229$448'.
  created $dff cell `$procdff$4141' with positive edge clock.
Creating register for signal `\top_tm1638_demo.\text_char$func$rtl/top_tm1638_demo.v:150$407.$result' using process `\top_tm1638_demo.$proc$rtl/top_tm1638_demo.v:229$448'.
  created $dff cell `$procdff$4142' with positive edge clock.
Creating register for signal `\top_tm1638_demo.\text_char$func$rtl/top_tm1638_demo.v:150$407.index' using process `\top_tm1638_demo.$proc$rtl/top_tm1638_demo.v:229$448'.
  created $dff cell `$procdff$4143' with positive edge clock.
Creating register for signal `\top_tm1638_demo.\window_char$func$rtl/top_tm1638_demo.v:160$410.$result' using process `\top_tm1638_demo.$proc$rtl/top_tm1638_demo.v:229$448'.
  created $dff cell `$procdff$4144' with positive edge clock.
Creating register for signal `\top_tm1638_demo.\window_char$func$rtl/top_tm1638_demo.v:160$410.position' using process `\top_tm1638_demo.$proc$rtl/top_tm1638_demo.v:229$448'.
  created $dff cell `$procdff$4145' with positive edge clock.
Creating register for signal `\top_tm1638_demo.\window_char$func$rtl/top_tm1638_demo.v:160$410.text_index' using process `\top_tm1638_demo.$proc$rtl/top_tm1638_demo.v:229$448'.
  created $dff cell `$procdff$4146' with positive edge clock.
Creating register for signal `\top_tm1638_demo.\text_char$func$rtl/top_tm1638_demo.v:150$411.$result' using process `\top_tm1638_demo.$proc$rtl/top_tm1638_demo.v:229$448'.
  created $dff cell `$procdff$4147' with positive edge clock.
Creating register for signal `\top_tm1638_demo.\text_char$func$rtl/top_tm1638_demo.v:150$411.index' using process `\top_tm1638_demo.$proc$rtl/top_tm1638_demo.v:229$448'.
  created $dff cell `$procdff$4148' with positive edge clock.
Creating register for signal `\top_tm1638_demo.\anim_counter' using process `\top_tm1638_demo.$proc$rtl/top_tm1638_demo.v:177$433'.
  created $dff cell `$procdff$4149' with positive edge clock.
Creating register for signal `\top_tm1638_demo.\scroll_pos' using process `\top_tm1638_demo.$proc$rtl/top_tm1638_demo.v:177$433'.
  created $dff cell `$procdff$4150' with positive edge clock.
Creating register for signal `\top_tm1638_demo.\scroll_dir' using process `\top_tm1638_demo.$proc$rtl/top_tm1638_demo.v:177$433'.
  created $dff cell `$procdff$4151' with positive edge clock.

3.4.10. Executing PROC_MEMWR pass (convert process memory writes to cells).

3.4.11. Executing PROC_CLEAN pass (remove empty switches from decision trees).
Found and cleaned up 1 empty switch in `\tm1638.$proc$rtl/tm1638.v:82$743'.
Removing empty process `tm1638.$proc$rtl/tm1638.v:82$743'.
Found and cleaned up 7 empty switches in `\tm1638.$proc$rtl/tm1638.v:35$733'.
Removing empty process `tm1638.$proc$rtl/tm1638.v:35$733'.
Removing empty process `top_tm1638_demo.$proc$rtl/top_tm1638_demo.v:48$726'.
Found and cleaned up 22 empty switches in `\top_tm1638_demo.$proc$rtl/top_tm1638_demo.v:229$448'.
Removing empty process `top_tm1638_demo.$proc$rtl/top_tm1638_demo.v:229$448'.
Found and cleaned up 10 empty switches in `\top_tm1638_demo.$proc$rtl/top_tm1638_demo.v:177$433'.
Removing empty process `top_tm1638_demo.$proc$rtl/top_tm1638_demo.v:177$433'.
Cleaned up 40 empty switches.

3.4.12. Executing OPT_EXPR pass (perform const folding).
Optimizing module tm1638.
<suppressed ~7 debug messages>
Optimizing module top_tm1638_demo.
<suppressed ~13 debug messages>

3.5. Executing CHECK pass (checking for obvious problems).
Checking module tm1638...
Checking module top_tm1638_demo...
Found and reported 0 problems.

3.6. Executing FLATTEN pass (flatten design).
Deleting now unused module tm1638.
<suppressed ~1 debug messages>

3.7. Executing TRIBUF pass.

3.8. Executing DEMINOUT pass (demote inout ports to input or output).

3.9. Executing OPT_EXPR pass (perform const folding).
Optimizing module top_tm1638_demo.
<suppressed ~1 debug messages>

3.10. Executing OPT_CLEAN pass (remove unused cells and wires).
Finding unused cells or wires in module \top_tm1638_demo..
Removed 577 unused cells and 1483 unused wires.
<suppressed ~603 debug messages>

3.11. Executing CHECK pass (checking for obvious problems).
Checking module top_tm1638_demo...
Found and reported 0 problems.

3.12. Executing OPT pass (performing simple optimizations).

3.12.1. Executing OPT_EXPR pass (perform const folding).
Optimizing module top_tm1638_demo.

3.12.2. Executing OPT_MERGE pass (detect identical cells).
Finding identical cells in module `\top_tm1638_demo'.
Computing hashes of 488 cells of `\top_tm1638_demo'.
Finding duplicate cells in `\top_tm1638_demo'.
Computing hashes of 401 cells of `\top_tm1638_demo'.
Finding duplicate cells in `\top_tm1638_demo'.
<suppressed ~261 debug messages>
Removed a total of 87 cells.

3.12.3. Executing OPT_MUXTREE pass (detect dead branches in mux trees).
Running muxtree optimizer on module \top_tm1638_demo..
  Creating internal representation of mux trees.
  Evaluating internal representation of mux trees.
      Replacing known input bits on port A of cell $procmux$3934: \tm_latch -> 1'0
      Replacing known input bits on port A of cell $procmux$3929: \tm_latch -> 1'0
      Replacing known input bits on port A of cell $procmux$4016: \rst -> 1'0
      Replacing known input bits on port A of cell $procmux$4055: \scroll_dir -> 1'1
      Replacing known input bits on port A of cell $procmux$4051: \scroll_dir -> 1'0
  Analyzing evaluation results.
    dead port 2/2 on $mux $flatten\u_tm1638.$procmux$990.
    dead port 2/2 on $mux $flatten\u_tm1638.$procmux$982.
    dead port 2/2 on $mux $flatten\u_tm1638.$procmux$974.
    dead port 2/2 on $mux $flatten\u_tm1638.$procmux$967.
    dead port 2/2 on $mux $flatten\u_tm1638.$procmux$960.
    dead port 2/2 on $mux $flatten\u_tm1638.$procmux$954.
    dead port 2/2 on $mux $flatten\u_tm1638.$procmux$948.
    dead port 1/2 on $mux $procmux$1833.
    dead port 1/2 on $mux $procmux$1830.
    dead port 2/2 on $mux $procmux$1827.
    dead port 2/2 on $mux $procmux$1825.
    dead port 1/2 on $mux $procmux$1799.
    dead port 1/2 on $mux $procmux$1796.
    dead port 2/2 on $mux $procmux$1793.
    dead port 2/2 on $mux $procmux$1791.
    dead port 2/2 on $mux $procmux$1789.
    dead port 2/2 on $mux $flatten\u_tm1638.$procmux$942.
    dead port 2/2 on $mux $flatten\u_tm1638.$procmux$936.
    dead port 2/2 on $mux $flatten\u_tm1638.$procmux$930.
    dead port 1/2 on $mux $flatten\u_tm1638.$procmux$928.
    dead port 2/2 on $mux $flatten\u_tm1638.$procmux$921.
    dead port 1/2 on $mux $procmux$1698.
    dead port 1/2 on $mux $procmux$1695.
    dead port 2/2 on $mux $procmux$1692.
    dead port 2/2 on $mux $procmux$1690.
    dead port 1/2 on $mux $procmux$1666.
    dead port 1/2 on $mux $procmux$1663.
    dead port 2/2 on $mux $procmux$1660.
    dead port 2/2 on $mux $procmux$1658.
    dead port 2/2 on $mux $procmux$1656.
    dead port 1/2 on $mux $flatten\u_tm1638.$procmux$919.
    dead port 2/2 on $mux $flatten\u_tm1638.$procmux$912.
    dead port 1/2 on $mux $flatten\u_tm1638.$procmux$910.
    dead port 2/2 on $mux $flatten\u_tm1638.$procmux$903.
    dead port 1/2 on $mux $flatten\u_tm1638.$procmux$901.
    dead port 2/2 on $mux $flatten\u_tm1638.$procmux$894.
    dead port 1/2 on $mux $procmux$1571.
    dead port 1/2 on $mux $procmux$1568.
    dead port 2/2 on $mux $procmux$1565.
    dead port 2/2 on $mux $procmux$1563.
    dead port 1/2 on $mux $procmux$1541.
    dead port 1/2 on $mux $procmux$1538.
    dead port 2/2 on $mux $procmux$1535.
    dead port 2/2 on $mux $procmux$1533.
    dead port 2/2 on $mux $procmux$1531.
    dead port 1/2 on $mux $flatten\u_tm1638.$procmux$892.
    dead port 2/2 on $mux $flatten\u_tm1638.$procmux$885.
    dead port 1/2 on $mux $flatten\u_tm1638.$procmux$883.
    dead port 1/2 on $mux $flatten\u_tm1638.$procmux$880.
    dead port 2/2 on $mux $flatten\u_tm1638.$procmux$873.
    dead port 1/2 on $mux $flatten\u_tm1638.$procmux$871.
    dead port 1/2 on $mux $flatten\u_tm1638.$procmux$868.
    dead port 1/2 on $mux $procmux$1452.
    dead port 1/2 on $mux $procmux$1449.
    dead port 2/2 on $mux $procmux$1446.
    dead port 2/2 on $mux $procmux$1444.
    dead port 1/2 on $mux $procmux$1424.
    dead port 1/2 on $mux $procmux$1421.
    dead port 2/2 on $mux $procmux$1418.
    dead port 2/2 on $mux $procmux$1416.
    dead port 2/2 on $mux $procmux$1414.
    dead port 2/2 on $mux $flatten\u_tm1638.$procmux$861.
    dead port 1/2 on $mux $flatten\u_tm1638.$procmux$859.
    dead port 1/2 on $mux $flatten\u_tm1638.$procmux$856.
    dead port 2/2 on $mux $flatten\u_tm1638.$procmux$849.
    dead port 1/2 on $mux $flatten\u_tm1638.$procmux$847.
    dead port 1/2 on $mux $flatten\u_tm1638.$procmux$844.
    dead port 2/2 on $mux $flatten\u_tm1638.$procmux$837.
    dead port 1/2 on $mux $procmux$1341.
    dead port 1/2 on $mux $procmux$1338.
    dead port 2/2 on $mux $procmux$1335.
    dead port 2/2 on $mux $procmux$1333.
    dead port 1/2 on $mux $procmux$1315.
    dead port 1/2 on $mux $procmux$1312.
    dead port 2/2 on $mux $procmux$1309.
    dead port 2/2 on $mux $procmux$1307.
    dead port 2/2 on $mux $procmux$1305.
    dead port 1/2 on $mux $flatten\u_tm1638.$procmux$835.
    dead port 1/2 on $mux $flatten\u_tm1638.$procmux$832.
    dead port 2/2 on $mux $flatten\u_tm1638.$procmux$829.
    dead port 2/2 on $mux $flatten\u_tm1638.$procmux$822.
    dead port 1/2 on $mux $flatten\u_tm1638.$procmux$820.
    dead port 1/2 on $mux $flatten\u_tm1638.$procmux$817.
    dead port 2/2 on $mux $flatten\u_tm1638.$procmux$814.
    dead port 2/2 on $mux $flatten\u_tm1638.$procmux$807.
    dead port 1/2 on $mux $procmux$1238.
    dead port 1/2 on $mux $procmux$1235.
    dead port 2/2 on $mux $procmux$1232.
    dead port 2/2 on $mux $procmux$1230.
    dead port 1/2 on $mux $procmux$1214.
    dead port 1/2 on $mux $procmux$1211.
    dead port 2/2 on $mux $procmux$1208.
    dead port 2/2 on $mux $procmux$1206.
    dead port 2/2 on $mux $procmux$1204.
    dead port 1/2 on $mux $flatten\u_tm1638.$procmux$805.
    dead port 1/2 on $mux $flatten\u_tm1638.$procmux$802.
    dead port 2/2 on $mux $flatten\u_tm1638.$procmux$799.
    dead port 1/2 on $mux $procmux$1143.
    dead port 1/2 on $mux $procmux$1140.
    dead port 2/2 on $mux $procmux$1137.
    dead port 2/2 on $mux $procmux$1135.
    dead port 1/2 on $mux $procmux$1121.
    dead port 1/2 on $mux $procmux$1118.
    dead port 2/2 on $mux $procmux$1115.
    dead port 2/2 on $mux $procmux$1113.
    dead port 2/2 on $mux $procmux$1111.
    dead port 1/2 on $mux $procmux$1056.
    dead port 1/2 on $mux $procmux$1053.
    dead port 2/2 on $mux $procmux$1050.
    dead port 2/2 on $mux $procmux$1048.
    dead port 1/2 on $mux $procmux$1036.
    dead port 1/2 on $mux $procmux$1033.
    dead port 2/2 on $mux $procmux$1030.
    dead port 2/2 on $mux $procmux$1028.
    dead port 2/2 on $mux $procmux$1026.
Removed 115 multiplexer ports.
<suppressed ~316 debug messages>

3.12.4. Executing OPT_REDUCE pass (consolidate $*mux and $reduce_* inputs).
  Optimizing cells in module \top_tm1638_demo.
    New ctrl vector for $pmux cell $procmux$4020: { $auto$opt_reduce.cc:137:opt_pmux$4160 $auto$opt_reduce.cc:137:opt_pmux$4158 }
    New ctrl vector for $pmux cell $procmux$3934: $auto$opt_reduce.cc:137:opt_pmux$4162
    New ctrl vector for $pmux cell $procmux$3971: { $auto$opt_reduce.cc:137:opt_pmux$4164 $procmux$3957_CMP }
  Optimizing cells in module \top_tm1638_demo.
Performed a total of 5 changes.

3.12.5. Executing OPT_MERGE pass (detect identical cells).
Finding identical cells in module `\top_tm1638_demo'.
Computing hashes of 288 cells of `\top_tm1638_demo'.
Finding duplicate cells in `\top_tm1638_demo'.
Removed a total of 0 cells.

3.12.6. Executing OPT_DFF pass (perform DFF optimizations).

3.12.7. Executing OPT_CLEAN pass (remove unused cells and wires).
Finding unused cells or wires in module \top_tm1638_demo..
Removed 0 unused cells and 204 unused wires.
<suppressed ~1 debug messages>

3.12.8. Executing OPT_EXPR pass (perform const folding).
Optimizing module top_tm1638_demo.

3.12.9. Rerunning OPT passes. (Maybe there is more to do..)

3.12.10. Executing OPT_MUXTREE pass (detect dead branches in mux trees).
Running muxtree optimizer on module \top_tm1638_demo..
  Creating internal representation of mux trees.
  Evaluating internal representation of mux trees.
  Analyzing evaluation results.
Removed 0 multiplexer ports.
<suppressed ~198 debug messages>

3.12.11. Executing OPT_REDUCE pass (consolidate $*mux and $reduce_* inputs).
  Optimizing cells in module \top_tm1638_demo.
Performed a total of 0 changes.

3.12.12. Executing OPT_MERGE pass (detect identical cells).
Finding identical cells in module `\top_tm1638_demo'.
Computing hashes of 288 cells of `\top_tm1638_demo'.
Finding duplicate cells in `\top_tm1638_demo'.
Removed a total of 0 cells.

3.12.13. Executing OPT_DFF pass (perform DFF optimizations).

3.12.14. Executing OPT_CLEAN pass (remove unused cells and wires).
Finding unused cells or wires in module \top_tm1638_demo..

3.12.15. Executing OPT_EXPR pass (perform const folding).
Optimizing module top_tm1638_demo.

3.12.16. Finished fast OPT passes. (There is nothing left to do.)

3.13. Executing FSM pass (extract and optimize FSM).

3.13.1. Executing FSM_DETECT pass (finding FSMs in design).
Not marking top_tm1638_demo.u_tm1638.cur_state as FSM state register:
    Users of register don't seem to benefit from recoding.

3.13.2. Executing FSM_EXTRACT pass (extracting FSM from design).

3.13.3. Executing FSM_OPT pass (simple optimizations of FSMs).

3.13.4. Executing OPT_CLEAN pass (remove unused cells and wires).
Finding unused cells or wires in module \top_tm1638_demo..

3.13.5. Executing FSM_OPT pass (simple optimizations of FSMs).

3.13.6. Executing FSM_RECODE pass (re-assigning FSM state encoding).

3.13.7. Executing FSM_INFO pass (dumping all available information on FSM cells).

3.13.8. Executing FSM_MAP pass (mapping FSMs to basic logic).

3.14. Executing OPT pass (performing simple optimizations).

3.14.1. Executing OPT_EXPR pass (perform const folding).
Optimizing module top_tm1638_demo.

3.14.2. Executing OPT_MERGE pass (detect identical cells).
Finding identical cells in module `\top_tm1638_demo'.
Computing hashes of 288 cells of `\top_tm1638_demo'.
Finding duplicate cells in `\top_tm1638_demo'.
Removed a total of 0 cells.

3.14.3. Executing OPT_MUXTREE pass (detect dead branches in mux trees).
Running muxtree optimizer on module \top_tm1638_demo..
  Creating internal representation of mux trees.
  Evaluating internal representation of mux trees.
  Analyzing evaluation results.
Removed 0 multiplexer ports.
<suppressed ~198 debug messages>

3.14.4. Executing OPT_REDUCE pass (consolidate $*mux and $reduce_* inputs).
  Optimizing cells in module \top_tm1638_demo.
Performed a total of 0 changes.

3.14.5. Executing OPT_MERGE pass (detect identical cells).
Finding identical cells in module `\top_tm1638_demo'.
Computing hashes of 288 cells of `\top_tm1638_demo'.
Finding duplicate cells in `\top_tm1638_demo'.
Removed a total of 0 cells.

3.14.6. Executing OPT_DFF pass (perform DFF optimizations).
Adding SRST signal on $procdff$4108 ($dff) from module top_tm1638_demo (D = $add$rtl/top_tm1638_demo.v:240$529_Y, Q = \scan_div, rval = 6'000000).
Adding SRST signal on $procdff$4107 ($dff) from module top_tm1638_demo (D = $procmux$3924_Y, Q = \tm_out, rval = 8'00000000).
Adding EN signal on $auto$ff.cc:337:slice$4166 ($sdff) from module top_tm1638_demo (D = $procmux$3900_Y, Q = \tm_out).
Adding SRST signal on $procdff$4106 ($dff) from module top_tm1638_demo (D = $procmux$3934_Y, Q = \tm_latch, rval = 1'0).
Adding SRST signal on $procdff$4105 ($dff) from module top_tm1638_demo (D = $procmux$3981_Y, Q = \tm_rw, rval = 1'1).
Adding EN signal on $auto$ff.cc:337:slice$4179 ($sdff) from module top_tm1638_demo (D = $procmux$3971_Y, Q = \tm_rw).
Adding SRST signal on $procdff$4104 ($dff) from module top_tm1638_demo (D = { $procmux$2226_Y $procmux$2182_Y $procmux$2054_Y $procmux$2014_Y $procmux$2140_Y $procmux$2096_Y $procmux$1938_Y $procmux$1976_Y }, Q = \keys, rval = 8'00000000).
Adding EN signal on $auto$ff.cc:337:slice$4187 ($sdff) from module top_tm1638_demo (D = { \u_tm1638.data [0] \u_tm1638.data [4] }, Q = { \keys [5] \keys [1] }).
Adding EN signal on $auto$ff.cc:337:slice$4187 ($sdff) from module top_tm1638_demo (D = { \u_tm1638.data [0] \u_tm1638.data [4] }, Q = { \keys [4] \keys [0] }).
Adding EN signal on $auto$ff.cc:337:slice$4187 ($sdff) from module top_tm1638_demo (D = { \u_tm1638.data [0] \u_tm1638.data [4] }, Q = { \keys [6] \keys [2] }).
Adding EN signal on $auto$ff.cc:337:slice$4187 ($sdff) from module top_tm1638_demo (D = { \u_tm1638.data [0] \u_tm1638.data [4] }, Q = { \keys [7] \keys [3] }).
Adding SRST signal on $procdff$4103 ($dff) from module top_tm1638_demo (D = $procmux$4010_Y, Q = \instruction_step, rval = 6'000000).
Adding EN signal on $auto$ff.cc:337:slice$4208 ($sdff) from module top_tm1638_demo (D = $procmux$4005_Y, Q = \instruction_step).
Adding SRST signal on $procdff$4101 ($dff) from module top_tm1638_demo (D = $procmux$4032_Y, Q = \tm_cs, rval = 1'1).
Adding EN signal on $auto$ff.cc:337:slice$4214 ($sdff) from module top_tm1638_demo (D = $procmux$4020_Y, Q = \tm_cs).
Adding SRST signal on $flatten\u_tm1638.$procdff$4095 ($dff) from module top_tm1638_demo (D = \u_tm1638.dio_out_d, Q = \u_tm1638.dio_out, rval = 1'0).
Adding EN signal on $auto$ff.cc:337:slice$4222 ($sdff) from module top_tm1638_demo (D = $flatten\u_tm1638.$2\dio_out_d[0:0], Q = \u_tm1638.dio_out).
Adding SRST signal on $flatten\u_tm1638.$procdff$4096 ($dff) from module top_tm1638_demo (D = \u_tm1638.next_state, Q = \u_tm1638.cur_state, rval = 2'00).
Adding EN signal on $auto$ff.cc:337:slice$4232 ($sdff) from module top_tm1638_demo (D = \u_tm1638.next_state, Q = \u_tm1638.cur_state).
Adding SRST signal on $flatten\u_tm1638.$procdff$4097 ($dff) from module top_tm1638_demo (D = \u_tm1638.sclk_d, Q = \u_tm1638.sclk_q, rval = 6'000000).
Adding EN signal on $auto$ff.cc:337:slice$4248 ($sdff) from module top_tm1638_demo (D = \u_tm1638.sclk_d, Q = \u_tm1638.sclk_q).
Adding SRST signal on $flatten\u_tm1638.$procdff$4098 ($dff) from module top_tm1638_demo (D = \u_tm1638.data_d, Q = \u_tm1638.data_q, rval = 8'00000000).
Adding EN signal on $auto$ff.cc:337:slice$4252 ($sdff) from module top_tm1638_demo (D = \u_tm1638.data_d, Q = \u_tm1638.data_q).
Adding SRST signal on $flatten\u_tm1638.$procdff$4099 ($dff) from module top_tm1638_demo (D = \u_tm1638.data_out_d, Q = \u_tm1638.data_out_q, rval = 8'00000000).
Adding EN signal on $auto$ff.cc:337:slice$4264 ($sdff) from module top_tm1638_demo (D = \u_tm1638.data_q, Q = \u_tm1638.data_out_q).
Adding SRST signal on $flatten\u_tm1638.$procdff$4100 ($dff) from module top_tm1638_demo (D = \u_tm1638.ctr_d, Q = \u_tm1638.ctr_q, rval = 3'000).
Adding EN signal on $auto$ff.cc:337:slice$4272 ($sdff) from module top_tm1638_demo (D = $flatten\u_tm1638.$add$rtl/tm1638.v:68$741_Y [2:0], Q = \u_tm1638.ctr_q).
Adding SRST signal on $procdff$4151 ($dff) from module top_tm1638_demo (D = $procmux$4061_Y, Q = \scroll_dir, rval = 1'1).
Adding EN signal on $auto$ff.cc:337:slice$4280 ($sdff) from module top_tm1638_demo (D = $procmux$4059_Y, Q = \scroll_dir).
Adding SRST signal on $procdff$4150 ($dff) from module top_tm1638_demo (D = $procmux$4090_Y, Q = \scroll_pos, rval = 6'000000).
Adding EN signal on $auto$ff.cc:337:slice$4286 ($sdff) from module top_tm1638_demo (D = $procmux$4088_Y, Q = \scroll_pos).
Adding SRST signal on $procdff$4149 ($dff) from module top_tm1638_demo (D = $add$rtl/top_tm1638_demo.v:221$447_Y, Q = \anim_counter, rval = 24'000000000000000000000000).

3.14.7. Executing OPT_CLEAN pass (remove unused cells and wires).
Finding unused cells or wires in module \top_tm1638_demo..
Removed 74 unused cells and 66 unused wires.
<suppressed ~78 debug messages>

3.14.8. Executing OPT_EXPR pass (perform const folding).
Optimizing module top_tm1638_demo.
<suppressed ~9 debug messages>

3.14.9. Rerunning OPT passes. (Maybe there is more to do..)

3.14.10. Executing OPT_MUXTREE pass (detect dead branches in mux trees).
Running muxtree optimizer on module \top_tm1638_demo..
  Creating internal representation of mux trees.
  Evaluating internal representation of mux trees.
  Analyzing evaluation results.
Removed 0 multiplexer ports.
<suppressed ~107 debug messages>

3.14.11. Executing OPT_REDUCE pass (consolidate $*mux and $reduce_* inputs).
  Optimizing cells in module \top_tm1638_demo.
    New input vector for $reduce_and cell $auto$opt_dff.cc:368:make_patterns_logic$4279: { \u_tm1638.sclk_q $flatten\u_tm1638.$eq$rtl/tm1638.v:33$730_Y $auto$rtlil.cc:3251:Not$4275 $auto$rtlil.cc:3251:Not$4277 }
    New input vector for $reduce_and cell $auto$opt_dff.cc:368:make_patterns_logic$4271: { \u_tm1638.sclk_q \u_tm1638.ctr_q $flatten\u_tm1638.$eq$rtl/tm1638.v:33$730_Y $auto$rtlil.cc:3251:Not$4267 $auto$rtlil.cc:3251:Not$4269 }
  Optimizing cells in module \top_tm1638_demo.
Performed a total of 2 changes.

3.14.12. Executing OPT_MERGE pass (detect identical cells).
Finding identical cells in module `\top_tm1638_demo'.
Computing hashes of 266 cells of `\top_tm1638_demo'.
Finding duplicate cells in `\top_tm1638_demo'.
Computing hashes of 255 cells of `\top_tm1638_demo'.
Finding duplicate cells in `\top_tm1638_demo'.
Computing hashes of 254 cells of `\top_tm1638_demo'.
Finding duplicate cells in `\top_tm1638_demo'.
<suppressed ~36 debug messages>
Removed a total of 12 cells.

3.14.13. Executing OPT_DFF pass (perform DFF optimizations).

3.14.14. Executing OPT_CLEAN pass (remove unused cells and wires).
Finding unused cells or wires in module \top_tm1638_demo..
Removed 0 unused cells and 12 unused wires.
<suppressed ~1 debug messages>

3.14.15. Executing OPT_EXPR pass (perform const folding).
Optimizing module top_tm1638_demo.

3.14.16. Rerunning OPT passes. (Maybe there is more to do..)

3.14.17. Executing OPT_MUXTREE pass (detect dead branches in mux trees).
Running muxtree optimizer on module \top_tm1638_demo..
  Creating internal representation of mux trees.
  Evaluating internal representation of mux trees.
  Analyzing evaluation results.
Removed 0 multiplexer ports.
<suppressed ~107 debug messages>

3.14.18. Executing OPT_REDUCE pass (consolidate $*mux and $reduce_* inputs).
  Optimizing cells in module \top_tm1638_demo.
Performed a total of 0 changes.

3.14.19. Executing OPT_MERGE pass (detect identical cells).
Finding identical cells in module `\top_tm1638_demo'.
Computing hashes of 254 cells of `\top_tm1638_demo'.
Finding duplicate cells in `\top_tm1638_demo'.
Removed a total of 0 cells.

3.14.20. Executing OPT_DFF pass (perform DFF optimizations).

3.14.21. Executing OPT_CLEAN pass (remove unused cells and wires).
Finding unused cells or wires in module \top_tm1638_demo..

3.14.22. Executing OPT_EXPR pass (perform const folding).
Optimizing module top_tm1638_demo.

3.14.23. Finished fast OPT passes. (There is nothing left to do.)

3.15. Executing WREDUCE pass (reducing word size of cells).
Removed top 27 address bits (of 32) from memory init port top_tm1638_demo.$auto$mem.cc:351:emit$775 ($auto$proc_rom.cc:155:do_switch$773).
Removed top 27 address bits (of 32) from memory init port top_tm1638_demo.$auto$mem.cc:351:emit$771 ($auto$proc_rom.cc:155:do_switch$769).
Removed top 27 address bits (of 32) from memory init port top_tm1638_demo.$auto$mem.cc:351:emit$767 ($auto$proc_rom.cc:155:do_switch$765).
Removed top 27 address bits (of 32) from memory init port top_tm1638_demo.$auto$mem.cc:351:emit$763 ($auto$proc_rom.cc:155:do_switch$761).
Removed top 27 address bits (of 32) from memory init port top_tm1638_demo.$auto$mem.cc:351:emit$759 ($auto$proc_rom.cc:155:do_switch$757).
Removed top 27 address bits (of 32) from memory init port top_tm1638_demo.$auto$mem.cc:351:emit$755 ($auto$proc_rom.cc:155:do_switch$753).
Removed top 27 address bits (of 32) from memory init port top_tm1638_demo.$auto$mem.cc:351:emit$751 ($auto$proc_rom.cc:155:do_switch$749).
Removed top 27 address bits (of 32) from memory init port top_tm1638_demo.$auto$mem.cc:351:emit$747 ($auto$proc_rom.cc:155:do_switch$745).
Removed top 1 bits (of 2) from port B of cell top_tm1638_demo.$auto$opt_dff.cc:351:make_patterns_logic$4237 ($ne).
Removed top 1 bits (of 2) from FF cell top_tm1638_demo.$auto$ff.cc:337:slice$4198 ($sdffe).
Removed top 1 bits (of 2) from FF cell top_tm1638_demo.$auto$ff.cc:337:slice$4193 ($sdffe).
Removed top 1 bits (of 2) from FF cell top_tm1638_demo.$auto$ff.cc:337:slice$4188 ($sdffe).
Removed top 5 bits (of 8) from mux cell top_tm1638_demo.$ternary$rtl/top_tm1638_demo.v:74$422 ($mux).
Removed top 5 bits (of 8) from mux cell top_tm1638_demo.$ternary$rtl/top_tm1638_demo.v:73$423 ($mux).
Removed top 5 bits (of 8) from mux cell top_tm1638_demo.$ternary$rtl/top_tm1638_demo.v:72$424 ($mux).
Removed top 5 bits (of 8) from mux cell top_tm1638_demo.$ternary$rtl/top_tm1638_demo.v:71$425 ($mux).
Removed top 10 bits (of 32) from port B of cell top_tm1638_demo.$ge$rtl/top_tm1638_demo.v:174$428 ($ge).
Removed top 8 bits (of 32) from port B of cell top_tm1638_demo.$ge$rtl/top_tm1638_demo.v:175$430 ($ge).
Removed top 1 bits (of 2) from port B of cell top_tm1638_demo.$eq$rtl/top_tm1638_demo.v:205$441 ($eq).
Removed top 1 bits (of 6) from port B of cell top_tm1638_demo.$ge$rtl/top_tm1638_demo.v:207$442 ($ge).
Removed top 26 bits (of 32) from port A of cell top_tm1638_demo.$sub$rtl/top_tm1638_demo.v:148$653 ($sub).
Removed top 28 bits (of 32) from port B of cell top_tm1638_demo.$sub$rtl/top_tm1638_demo.v:148$653 ($sub).
Removed top 25 bits (of 32) from port Y of cell top_tm1638_demo.$sub$rtl/top_tm1638_demo.v:148$653 ($sub).
Removed top 25 bits (of 32) from port A of cell top_tm1638_demo.$ge$rtl/top_tm1638_demo.v:149$654 ($ge).
Removed top 31 bits (of 32) from port B of cell top_tm1638_demo.$ge$rtl/top_tm1638_demo.v:149$654 ($ge).
Removed top 25 bits (of 32) from port A of cell top_tm1638_demo.$lt$rtl/top_tm1638_demo.v:149$655 ($lt).
Removed top 26 bits (of 32) from port B of cell top_tm1638_demo.$lt$rtl/top_tm1638_demo.v:149$655 ($lt).
Removed top 2 bits (of 3) from port B of cell top_tm1638_demo.$add$rtl/top_tm1638_demo.v:148$661 ($add).
Removed top 25 bits (of 32) from port Y of cell top_tm1638_demo.$add$rtl/top_tm1638_demo.v:148$661 ($add).
Removed top 25 bits (of 32) from port A of cell top_tm1638_demo.$sub$rtl/top_tm1638_demo.v:148$662 ($sub).
Removed top 28 bits (of 32) from port B of cell top_tm1638_demo.$sub$rtl/top_tm1638_demo.v:148$662 ($sub).
Removed top 24 bits (of 32) from port Y of cell top_tm1638_demo.$sub$rtl/top_tm1638_demo.v:148$662 ($sub).
Removed top 24 bits (of 32) from port A of cell top_tm1638_demo.$ge$rtl/top_tm1638_demo.v:149$663 ($ge).
Removed top 31 bits (of 32) from port B of cell top_tm1638_demo.$ge$rtl/top_tm1638_demo.v:149$663 ($ge).
Removed top 24 bits (of 32) from port A of cell top_tm1638_demo.$lt$rtl/top_tm1638_demo.v:149$664 ($lt).
Removed top 26 bits (of 32) from port B of cell top_tm1638_demo.$lt$rtl/top_tm1638_demo.v:149$664 ($lt).
Removed top 1 bits (of 3) from port B of cell top_tm1638_demo.$add$rtl/top_tm1638_demo.v:148$670 ($add).
Removed top 25 bits (of 32) from port Y of cell top_tm1638_demo.$add$rtl/top_tm1638_demo.v:148$670 ($add).
Removed top 25 bits (of 32) from port A of cell top_tm1638_demo.$sub$rtl/top_tm1638_demo.v:148$671 ($sub).
Removed top 28 bits (of 32) from port B of cell top_tm1638_demo.$sub$rtl/top_tm1638_demo.v:148$671 ($sub).
Removed top 24 bits (of 32) from port Y of cell top_tm1638_demo.$sub$rtl/top_tm1638_demo.v:148$671 ($sub).
Removed top 24 bits (of 32) from port A of cell top_tm1638_demo.$ge$rtl/top_tm1638_demo.v:149$672 ($ge).
Removed top 31 bits (of 32) from port B of cell top_tm1638_demo.$ge$rtl/top_tm1638_demo.v:149$672 ($ge).
Removed top 24 bits (of 32) from port A of cell top_tm1638_demo.$lt$rtl/top_tm1638_demo.v:149$673 ($lt).
Removed top 26 bits (of 32) from port B of cell top_tm1638_demo.$lt$rtl/top_tm1638_demo.v:149$673 ($lt).
Removed top 1 bits (of 3) from port B of cell top_tm1638_demo.$add$rtl/top_tm1638_demo.v:148$679 ($add).
Removed top 25 bits (of 32) from port Y of cell top_tm1638_demo.$add$rtl/top_tm1638_demo.v:148$679 ($add).
Removed top 25 bits (of 32) from port A of cell top_tm1638_demo.$sub$rtl/top_tm1638_demo.v:148$680 ($sub).
Removed top 28 bits (of 32) from port B of cell top_tm1638_demo.$sub$rtl/top_tm1638_demo.v:148$680 ($sub).
Removed top 24 bits (of 32) from port Y of cell top_tm1638_demo.$sub$rtl/top_tm1638_demo.v:148$680 ($sub).
Removed top 24 bits (of 32) from port A of cell top_tm1638_demo.$ge$rtl/top_tm1638_demo.v:149$681 ($ge).
Removed top 31 bits (of 32) from port B of cell top_tm1638_demo.$ge$rtl/top_tm1638_demo.v:149$681 ($ge).
Removed top 24 bits (of 32) from port A of cell top_tm1638_demo.$lt$rtl/top_tm1638_demo.v:149$682 ($lt).
Removed top 26 bits (of 32) from port B of cell top_tm1638_demo.$lt$rtl/top_tm1638_demo.v:149$682 ($lt).
Removed top 25 bits (of 32) from port Y of cell top_tm1638_demo.$add$rtl/top_tm1638_demo.v:148$688 ($add).
Removed top 25 bits (of 32) from port A of cell top_tm1638_demo.$sub$rtl/top_tm1638_demo.v:148$689 ($sub).
Removed top 28 bits (of 32) from port B of cell top_tm1638_demo.$sub$rtl/top_tm1638_demo.v:148$689 ($sub).
Removed top 24 bits (of 32) from port Y of cell top_tm1638_demo.$sub$rtl/top_tm1638_demo.v:148$689 ($sub).
Removed top 24 bits (of 32) from port A of cell top_tm1638_demo.$ge$rtl/top_tm1638_demo.v:149$690 ($ge).
Removed top 31 bits (of 32) from port B of cell top_tm1638_demo.$ge$rtl/top_tm1638_demo.v:149$690 ($ge).
Removed top 24 bits (of 32) from port A of cell top_tm1638_demo.$lt$rtl/top_tm1638_demo.v:149$691 ($lt).
Removed top 26 bits (of 32) from port B of cell top_tm1638_demo.$lt$rtl/top_tm1638_demo.v:149$691 ($lt).
Removed top 25 bits (of 32) from port Y of cell top_tm1638_demo.$add$rtl/top_tm1638_demo.v:148$697 ($add).
Removed top 25 bits (of 32) from port A of cell top_tm1638_demo.$sub$rtl/top_tm1638_demo.v:148$698 ($sub).
Removed top 28 bits (of 32) from port B of cell top_tm1638_demo.$sub$rtl/top_tm1638_demo.v:148$698 ($sub).
Removed top 24 bits (of 32) from port Y of cell top_tm1638_demo.$sub$rtl/top_tm1638_demo.v:148$698 ($sub).
Removed top 24 bits (of 32) from port A of cell top_tm1638_demo.$ge$rtl/top_tm1638_demo.v:149$699 ($ge).
Removed top 31 bits (of 32) from port B of cell top_tm1638_demo.$ge$rtl/top_tm1638_demo.v:149$699 ($ge).
Removed top 24 bits (of 32) from port A of cell top_tm1638_demo.$lt$rtl/top_tm1638_demo.v:149$700 ($lt).
Removed top 26 bits (of 32) from port B of cell top_tm1638_demo.$lt$rtl/top_tm1638_demo.v:149$700 ($lt).
Removed top 25 bits (of 32) from port Y of cell top_tm1638_demo.$add$rtl/top_tm1638_demo.v:148$706 ($add).
Removed top 25 bits (of 32) from port A of cell top_tm1638_demo.$sub$rtl/top_tm1638_demo.v:148$707 ($sub).
Removed top 28 bits (of 32) from port B of cell top_tm1638_demo.$sub$rtl/top_tm1638_demo.v:148$707 ($sub).
Removed top 24 bits (of 32) from port Y of cell top_tm1638_demo.$sub$rtl/top_tm1638_demo.v:148$707 ($sub).
Removed top 24 bits (of 32) from port A of cell top_tm1638_demo.$ge$rtl/top_tm1638_demo.v:149$708 ($ge).
Removed top 31 bits (of 32) from port B of cell top_tm1638_demo.$ge$rtl/top_tm1638_demo.v:149$708 ($ge).
Removed top 24 bits (of 32) from port A of cell top_tm1638_demo.$lt$rtl/top_tm1638_demo.v:149$709 ($lt).
Removed top 26 bits (of 32) from port B of cell top_tm1638_demo.$lt$rtl/top_tm1638_demo.v:149$709 ($lt).
Removed top 25 bits (of 32) from port Y of cell top_tm1638_demo.$add$rtl/top_tm1638_demo.v:148$715 ($add).
Removed top 25 bits (of 32) from port A of cell top_tm1638_demo.$sub$rtl/top_tm1638_demo.v:148$716 ($sub).
Removed top 28 bits (of 32) from port B of cell top_tm1638_demo.$sub$rtl/top_tm1638_demo.v:148$716 ($sub).
Removed top 24 bits (of 32) from port Y of cell top_tm1638_demo.$sub$rtl/top_tm1638_demo.v:148$716 ($sub).
Removed top 24 bits (of 32) from port A of cell top_tm1638_demo.$ge$rtl/top_tm1638_demo.v:149$717 ($ge).
Removed top 31 bits (of 32) from port B of cell top_tm1638_demo.$ge$rtl/top_tm1638_demo.v:149$717 ($ge).
Removed top 24 bits (of 32) from port A of cell top_tm1638_demo.$lt$rtl/top_tm1638_demo.v:149$718 ($lt).
Removed top 26 bits (of 32) from port B of cell top_tm1638_demo.$lt$rtl/top_tm1638_demo.v:149$718 ($lt).
Removed top 2 bits (of 6) from port B of cell top_tm1638_demo.$procmux$2010_CMP0 ($eq).
Removed top 2 bits (of 6) from port B of cell top_tm1638_demo.$procmux$2050_CMP0 ($eq).
Removed top 3 bits (of 6) from port B of cell top_tm1638_demo.$procmux$2178_CMP0 ($eq).
Removed top 1 bits (of 6) from port B of cell top_tm1638_demo.$procmux$3903_CMP0 ($eq).
Removed top 1 bits (of 6) from port B of cell top_tm1638_demo.$procmux$3904_CMP0 ($eq).
Removed top 1 bits (of 6) from port B of cell top_tm1638_demo.$procmux$3905_CMP0 ($eq).
Removed top 1 bits (of 6) from port B of cell top_tm1638_demo.$procmux$3906_CMP0 ($eq).
Removed top 1 bits (of 6) from port B of cell top_tm1638_demo.$procmux$3907_CMP0 ($eq).
Removed top 1 bits (of 6) from port B of cell top_tm1638_demo.$procmux$3908_CMP0 ($eq).
Removed top 1 bits (of 6) from port B of cell top_tm1638_demo.$procmux$3909_CMP0 ($eq).
Removed top 1 bits (of 6) from port B of cell top_tm1638_demo.$procmux$3910_CMP0 ($eq).
Removed top 1 bits (of 6) from port B of cell top_tm1638_demo.$procmux$3911_CMP0 ($eq).
Removed top 1 bits (of 6) from port B of cell top_tm1638_demo.$procmux$3912_CMP0 ($eq).
Removed top 1 bits (of 6) from port B of cell top_tm1638_demo.$procmux$3913_CMP0 ($eq).
Removed top 1 bits (of 6) from port B of cell top_tm1638_demo.$procmux$3914_CMP0 ($eq).
Removed top 1 bits (of 6) from port B of cell top_tm1638_demo.$procmux$3915_CMP0 ($eq).
Removed top 1 bits (of 6) from port B of cell top_tm1638_demo.$procmux$3916_CMP0 ($eq).
Removed top 1 bits (of 6) from port B of cell top_tm1638_demo.$procmux$3917_CMP0 ($eq).
Removed top 1 bits (of 6) from port B of cell top_tm1638_demo.$procmux$3918_CMP0 ($eq).
Removed top 2 bits (of 6) from port B of cell top_tm1638_demo.$procmux$3953_CMP0 ($eq).
Removed top 2 bits (of 6) from port B of cell top_tm1638_demo.$procmux$3954_CMP0 ($eq).
Removed top 3 bits (of 6) from port B of cell top_tm1638_demo.$procmux$3955_CMP0 ($eq).
Removed top 3 bits (of 6) from port B of cell top_tm1638_demo.$procmux$3956_CMP0 ($eq).
Removed top 4 bits (of 6) from port B of cell top_tm1638_demo.$procmux$3957_CMP0 ($eq).
Removed top 4 bits (of 6) from port B of cell top_tm1638_demo.$procmux$3958_CMP0 ($eq).
Removed top 2 bits (of 6) from port B of cell top_tm1638_demo.$procmux$3973_CMP0 ($eq).
Removed top 2 bits (of 6) from port B of cell top_tm1638_demo.$procmux$3974_CMP0 ($eq).
Removed top 2 bits (of 6) from port B of cell top_tm1638_demo.$procmux$3975_CMP0 ($eq).
Removed top 5 bits (of 6) from port B of cell top_tm1638_demo.$procmux$3977_CMP0 ($eq).
Removed top 2 bits (of 6) from port B of cell top_tm1638_demo.$procmux$4025_CMP0 ($eq).
Removed top 1 bits (of 2) from port B of cell top_tm1638_demo.$flatten\u_tm1638.$procmux$1004_CMP0 ($eq).
Removed top 31 bits (of 32) from port B of cell top_tm1638_demo.$flatten\u_tm1638.$add$rtl/tm1638.v:68$741 ($add).
Removed top 29 bits (of 32) from port Y of cell top_tm1638_demo.$flatten\u_tm1638.$add$rtl/tm1638.v:68$741 ($add).
Removed top 1 bits (of 6) from port B of cell top_tm1638_demo.$flatten\u_tm1638.$eq$rtl/tm1638.v:65$739 ($eq).
Removed top 31 bits (of 32) from port B of cell top_tm1638_demo.$flatten\u_tm1638.$add$rtl/tm1638.v:62$737 ($add).
Removed top 26 bits (of 32) from port Y of cell top_tm1638_demo.$flatten\u_tm1638.$add$rtl/tm1638.v:62$737 ($add).
Removed top 25 bits (of 32) from wire top_tm1638_demo.$add$rtl/top_tm1638_demo.v:148$697_Y.
Removed top 25 bits (of 32) from wire top_tm1638_demo.$add$rtl/top_tm1638_demo.v:148$661_Y.
Removed top 25 bits (of 32) from wire top_tm1638_demo.$add$rtl/top_tm1638_demo.v:148$715_Y.
Removed top 25 bits (of 32) from wire top_tm1638_demo.$add$rtl/top_tm1638_demo.v:148$679_Y.
Removed top 25 bits (of 32) from wire top_tm1638_demo.$add$rtl/top_tm1638_demo.v:148$670_Y.
Removed top 29 bits (of 32) from wire top_tm1638_demo.$flatten\u_tm1638.$add$rtl/tm1638.v:68$741_Y.
Removed top 26 bits (of 32) from wire top_tm1638_demo.$flatten\u_tm1638.$add$rtl/tm1638.v:54$735_Y.
Removed top 5 bits (of 8) from wire top_tm1638_demo.$ternary$rtl/top_tm1638_demo.v:72$424_Y.
Removed top 5 bits (of 8) from wire top_tm1638_demo.$ternary$rtl/top_tm1638_demo.v:73$423_Y.
Removed top 5 bits (of 8) from wire top_tm1638_demo.$ternary$rtl/top_tm1638_demo.v:74$422_Y.
Removed top 25 bits (of 32) from wire top_tm1638_demo.$add$rtl/top_tm1638_demo.v:148$688_Y.
Removed top 25 bits (of 32) from wire top_tm1638_demo.$add$rtl/top_tm1638_demo.v:148$706_Y.
Removed top 5 bits (of 8) from wire top_tm1638_demo.led_data.
Removed top 5 bits (of 8) from wire top_tm1638_demo.keys.

3.16. Executing PEEPOPT pass (run peephole optimizers).

3.17. Executing OPT_CLEAN pass (remove unused cells and wires).
Finding unused cells or wires in module \top_tm1638_demo..
Removed 0 unused cells and 14 unused wires.
<suppressed ~1 debug messages>

3.18. Executing SHARE pass (SAT-based resource sharing).
Found 8 cells in module top_tm1638_demo that may be considered for resource sharing.
  Analyzing resource sharing options for $auto$mem.cc:305:emit$746 ($memrd_v2):
    Found 1 activation_patterns using ctrl signal { $procmux$1792_CMP $procmux$1788_CMP $logic_and$rtl/top_tm1638_demo.v:149$656_Y }.
    No candidates found.
  Analyzing resource sharing options for $auto$mem.cc:305:emit$750 ($memrd_v2):
    Found 1 activation_patterns using ctrl signal { $procmux$1659_CMP $procmux$1655_CMP $logic_and$rtl/top_tm1638_demo.v:149$665_Y }.
    No candidates found.
  Analyzing resource sharing options for $auto$mem.cc:305:emit$754 ($memrd_v2):
    Found 1 activation_patterns using ctrl signal { $procmux$1534_CMP $procmux$1530_CMP $logic_and$rtl/top_tm1638_demo.v:149$674_Y }.
    No candidates found.
  Analyzing resource sharing options for $auto$mem.cc:305:emit$758 ($memrd_v2):
    Found 1 activation_patterns using ctrl signal { $procmux$1417_CMP $procmux$1413_CMP $logic_and$rtl/top_tm1638_demo.v:149$683_Y }.
    No candidates found.
  Analyzing resource sharing options for $auto$mem.cc:305:emit$762 ($memrd_v2):
    Found 1 activation_patterns using ctrl signal { $procmux$1308_CMP $procmux$1304_CMP $logic_and$rtl/top_tm1638_demo.v:149$692_Y }.
    No candidates found.
  Analyzing resource sharing options for $auto$mem.cc:305:emit$766 ($memrd_v2):
    Found 1 activation_patterns using ctrl signal { $procmux$1207_CMP $procmux$1203_CMP $logic_and$rtl/top_tm1638_demo.v:149$701_Y }.
    No candidates found.
  Analyzing resource sharing options for $auto$mem.cc:305:emit$770 ($memrd_v2):
    Found 1 activation_patterns using ctrl signal { $procmux$1114_CMP $procmux$1110_CMP $logic_and$rtl/top_tm1638_demo.v:149$710_Y }.
    No candidates found.
  Analyzing resource sharing options for $auto$mem.cc:305:emit$774 ($memrd_v2):
    Found 1 activation_patterns using ctrl signal { $procmux$1029_CMP $procmux$1025_CMP $logic_and$rtl/top_tm1638_demo.v:149$719_Y }.
    No candidates found.

3.19. Executing TECHMAP pass (map to technology primitives).

3.19.1. Executing Verilog-2005 frontend: d:\tools\oss-cad-suite\bin\../share/yosys/cmp2lut.v
Parsing Verilog input from `d:\tools\oss-cad-suite\bin\../share/yosys/cmp2lut.v' to AST representation.
Generating RTLIL representation for module `\_90_lut_cmp_'.
Successfully finished Verilog frontend.

3.19.2. Continuing TECHMAP pass.
No more expansions possible.
<suppressed ~192 debug messages>

3.20. Executing OPT_EXPR pass (perform const folding).
Optimizing module top_tm1638_demo.

3.21. Executing OPT_CLEAN pass (remove unused cells and wires).
Finding unused cells or wires in module \top_tm1638_demo..

3.22. Executing ALUMACC pass (create $alu and $macc cells).
Extracting $alu and $macc cells in module top_tm1638_demo:
  creating $macc model for $flatten\u_tm1638.$add$rtl/tm1638.v:68$741 ($add).
  creating $macc model for $flatten\u_tm1638.$add$rtl/tm1638.v:62$737 ($add).
  creating $macc model for $add$rtl/top_tm1638_demo.v:299$725 ($add).
  creating $macc model for $sub$rtl/top_tm1638_demo.v:148$716 ($sub).
  creating $macc model for $add$rtl/top_tm1638_demo.v:148$715 ($add).
  creating $macc model for $sub$rtl/top_tm1638_demo.v:148$707 ($sub).
  creating $macc model for $add$rtl/top_tm1638_demo.v:148$706 ($add).
  creating $macc model for $sub$rtl/top_tm1638_demo.v:148$698 ($sub).
  creating $macc model for $add$rtl/top_tm1638_demo.v:148$697 ($add).
  creating $macc model for $sub$rtl/top_tm1638_demo.v:148$689 ($sub).
  creating $macc model for $add$rtl/top_tm1638_demo.v:148$688 ($add).
  creating $macc model for $sub$rtl/top_tm1638_demo.v:148$680 ($sub).
  creating $macc model for $add$rtl/top_tm1638_demo.v:148$679 ($add).
  creating $macc model for $sub$rtl/top_tm1638_demo.v:148$671 ($sub).
  creating $macc model for $add$rtl/top_tm1638_demo.v:148$670 ($add).
  creating $macc model for $sub$rtl/top_tm1638_demo.v:148$662 ($sub).
  creating $macc model for $add$rtl/top_tm1638_demo.v:148$661 ($add).
  creating $macc model for $sub$rtl/top_tm1638_demo.v:148$653 ($sub).
  creating $macc model for $add$rtl/top_tm1638_demo.v:240$529 ($add).
  creating $macc model for $add$rtl/top_tm1638_demo.v:221$447 ($add).
  creating $macc model for $sub$rtl/top_tm1638_demo.v:218$446 ($sub).
  creating $macc model for $add$rtl/top_tm1638_demo.v:210$443 ($add).
  merging $macc model for $add$rtl/top_tm1638_demo.v:148$661 into $sub$rtl/top_tm1638_demo.v:148$662.
  merging $macc model for $add$rtl/top_tm1638_demo.v:148$670 into $sub$rtl/top_tm1638_demo.v:148$671.
  merging $macc model for $add$rtl/top_tm1638_demo.v:148$679 into $sub$rtl/top_tm1638_demo.v:148$680.
  merging $macc model for $add$rtl/top_tm1638_demo.v:148$688 into $sub$rtl/top_tm1638_demo.v:148$689.
  merging $macc model for $add$rtl/top_tm1638_demo.v:148$697 into $sub$rtl/top_tm1638_demo.v:148$698.
  merging $macc model for $add$rtl/top_tm1638_demo.v:148$706 into $sub$rtl/top_tm1638_demo.v:148$707.
  merging $macc model for $add$rtl/top_tm1638_demo.v:148$715 into $sub$rtl/top_tm1638_demo.v:148$716.
  creating $alu model for $macc $sub$rtl/top_tm1638_demo.v:148$653.
  creating $alu model for $macc $add$rtl/top_tm1638_demo.v:240$529.
  creating $alu model for $macc $add$rtl/top_tm1638_demo.v:221$447.
  creating $alu model for $macc $sub$rtl/top_tm1638_demo.v:218$446.
  creating $alu model for $macc $add$rtl/top_tm1638_demo.v:210$443.
  creating $alu model for $macc $add$rtl/top_tm1638_demo.v:299$725.
  creating $alu model for $macc $flatten\u_tm1638.$add$rtl/tm1638.v:62$737.
  creating $alu model for $macc $flatten\u_tm1638.$add$rtl/tm1638.v:68$741.
  creating $macc cell for $sub$rtl/top_tm1638_demo.v:148$689: $auto$alumacc.cc:399:replace_macc$4310
  creating $macc cell for $sub$rtl/top_tm1638_demo.v:148$707: $auto$alumacc.cc:399:replace_macc$4311
  creating $macc cell for $sub$rtl/top_tm1638_demo.v:148$680: $auto$alumacc.cc:399:replace_macc$4312
  creating $macc cell for $sub$rtl/top_tm1638_demo.v:148$716: $auto$alumacc.cc:399:replace_macc$4313
  creating $macc cell for $sub$rtl/top_tm1638_demo.v:148$698: $auto$alumacc.cc:399:replace_macc$4314
  creating $macc cell for $sub$rtl/top_tm1638_demo.v:148$671: $auto$alumacc.cc:399:replace_macc$4315
  creating $macc cell for $sub$rtl/top_tm1638_demo.v:148$662: $auto$alumacc.cc:399:replace_macc$4316
  creating $alu model for $lt$rtl/top_tm1638_demo.v:149$718 ($lt): new $alu
  creating $alu model for $ge$rtl/top_tm1638_demo.v:149$717 ($ge): new $alu
  creating $alu model for $lt$rtl/top_tm1638_demo.v:149$709 ($lt): new $alu
  creating $alu model for $ge$rtl/top_tm1638_demo.v:149$708 ($ge): new $alu
  creating $alu model for $lt$rtl/top_tm1638_demo.v:149$700 ($lt): new $alu
  creating $alu model for $ge$rtl/top_tm1638_demo.v:149$699 ($ge): new $alu
  creating $alu model for $lt$rtl/top_tm1638_demo.v:149$691 ($lt): new $alu
  creating $alu model for $ge$rtl/top_tm1638_demo.v:149$690 ($ge): new $alu
  creating $alu model for $lt$rtl/top_tm1638_demo.v:149$682 ($lt): new $alu
  creating $alu model for $ge$rtl/top_tm1638_demo.v:149$681 ($ge): new $alu
  creating $alu model for $lt$rtl/top_tm1638_demo.v:149$673 ($lt): new $alu
  creating $alu model for $ge$rtl/top_tm1638_demo.v:149$672 ($ge): new $alu
  creating $alu model for $lt$rtl/top_tm1638_demo.v:149$664 ($lt): new $alu
  creating $alu model for $ge$rtl/top_tm1638_demo.v:149$663 ($ge): new $alu
  creating $alu model for $lt$rtl/top_tm1638_demo.v:149$655 ($lt): new $alu
  creating $alu model for $ge$rtl/top_tm1638_demo.v:149$654 ($ge): new $alu
  creating $alu model for $ge$rtl/top_tm1638_demo.v:207$442 ($ge): new $alu
  creating $alu model for $ge$rtl/top_tm1638_demo.v:175$430 ($ge): new $alu
  creating $alu model for $ge$rtl/top_tm1638_demo.v:174$428 ($ge): new $alu
  creating $alu cell for $ge$rtl/top_tm1638_demo.v:174$428: $auto$alumacc.cc:548:replace_alu$4336
  creating $alu cell for $ge$rtl/top_tm1638_demo.v:175$430: $auto$alumacc.cc:548:replace_alu$4349
  creating $alu cell for $ge$rtl/top_tm1638_demo.v:207$442: $auto$alumacc.cc:548:replace_alu$4362
  creating $alu cell for $ge$rtl/top_tm1638_demo.v:149$654: $auto$alumacc.cc:548:replace_alu$4375
  creating $alu cell for $lt$rtl/top_tm1638_demo.v:149$655: $auto$alumacc.cc:548:replace_alu$4390
  creating $alu cell for $ge$rtl/top_tm1638_demo.v:149$663: $auto$alumacc.cc:548:replace_alu$4397
  creating $alu cell for $lt$rtl/top_tm1638_demo.v:149$664: $auto$alumacc.cc:548:replace_alu$4412
  creating $alu cell for $ge$rtl/top_tm1638_demo.v:149$672: $auto$alumacc.cc:548:replace_alu$4419
  creating $alu cell for $lt$rtl/top_tm1638_demo.v:149$673: $auto$alumacc.cc:548:replace_alu$4434
  creating $alu cell for $ge$rtl/top_tm1638_demo.v:149$681: $auto$alumacc.cc:548:replace_alu$4441
  creating $alu cell for $lt$rtl/top_tm1638_demo.v:149$682: $auto$alumacc.cc:548:replace_alu$4456
  creating $alu cell for $ge$rtl/top_tm1638_demo.v:149$690: $auto$alumacc.cc:548:replace_alu$4463
  creating $alu cell for $lt$rtl/top_tm1638_demo.v:149$691: $auto$alumacc.cc:548:replace_alu$4478
  creating $alu cell for $ge$rtl/top_tm1638_demo.v:149$699: $auto$alumacc.cc:548:replace_alu$4485
  creating $alu cell for $lt$rtl/top_tm1638_demo.v:149$700: $auto$alumacc.cc:548:replace_alu$4500
  creating $alu cell for $ge$rtl/top_tm1638_demo.v:149$708: $auto$alumacc.cc:548:replace_alu$4507
  creating $alu cell for $lt$rtl/top_tm1638_demo.v:149$709: $auto$alumacc.cc:548:replace_alu$4522
  creating $alu cell for $ge$rtl/top_tm1638_demo.v:149$717: $auto$alumacc.cc:548:replace_alu$4529
  creating $alu cell for $lt$rtl/top_tm1638_demo.v:149$718: $auto$alumacc.cc:548:replace_alu$4544
  creating $alu cell for $flatten\u_tm1638.$add$rtl/tm1638.v:68$741: $auto$alumacc.cc:548:replace_alu$4551
  creating $alu cell for $flatten\u_tm1638.$add$rtl/tm1638.v:62$737: $auto$alumacc.cc:548:replace_alu$4554
  creating $alu cell for $add$rtl/top_tm1638_demo.v:299$725: $auto$alumacc.cc:548:replace_alu$4557
  creating $alu cell for $add$rtl/top_tm1638_demo.v:210$443: $auto$alumacc.cc:548:replace_alu$4560
  creating $alu cell for $sub$rtl/top_tm1638_demo.v:218$446: $auto$alumacc.cc:548:replace_alu$4563
  creating $alu cell for $add$rtl/top_tm1638_demo.v:221$447: $auto$alumacc.cc:548:replace_alu$4566
  creating $alu cell for $add$rtl/top_tm1638_demo.v:240$529: $auto$alumacc.cc:548:replace_alu$4569
  creating $alu cell for $sub$rtl/top_tm1638_demo.v:148$653: $auto$alumacc.cc:548:replace_alu$4572
  created 27 $alu and 7 $macc cells.

3.23. Executing OPT pass (performing simple optimizations).

3.23.1. Executing OPT_EXPR pass (perform const folding).
Optimizing module top_tm1638_demo.
<suppressed ~24 debug messages>

3.23.2. Executing OPT_MERGE pass (detect identical cells).
Finding identical cells in module `\top_tm1638_demo'.
Computing hashes of 325 cells of `\top_tm1638_demo'.
Finding duplicate cells in `\top_tm1638_demo'.
Removed a total of 0 cells.

3.23.3. Executing OPT_MUXTREE pass (detect dead branches in mux trees).
Running muxtree optimizer on module \top_tm1638_demo..
  Creating internal representation of mux trees.
  Evaluating internal representation of mux trees.
  Analyzing evaluation results.
Removed 0 multiplexer ports.
<suppressed ~87 debug messages>

3.23.4. Executing OPT_REDUCE pass (consolidate $*mux and $reduce_* inputs).
  Optimizing cells in module \top_tm1638_demo.
    New ctrl vector for $pmux cell $procmux$3900: { $procmux$3901_CMP $auto$opt_reduce.cc:137:opt_pmux$4592 $procmux$1029_CMP $procmux$1114_CMP $procmux$1207_CMP $procmux$1308_CMP $procmux$1417_CMP $procmux$3912_CMP $procmux$1534_CMP $procmux$3914_CMP $procmux$1659_CMP $procmux$3916_CMP $procmux$1792_CMP $procmux$3918_CMP $procmux$3919_CMP $procmux$3920_CMP }
  Optimizing cells in module \top_tm1638_demo.
Performed a total of 1 changes.

3.23.5. Executing OPT_MERGE pass (detect identical cells).
Finding identical cells in module `\top_tm1638_demo'.
Computing hashes of 326 cells of `\top_tm1638_demo'.
Finding duplicate cells in `\top_tm1638_demo'.
Removed a total of 0 cells.

3.23.6. Executing OPT_DFF pass (perform DFF optimizations).

3.23.7. Executing OPT_CLEAN pass (remove unused cells and wires).
Finding unused cells or wires in module \top_tm1638_demo..
Removed 7 unused cells and 66 unused wires.
<suppressed ~16 debug messages>

3.23.8. Executing OPT_EXPR pass (perform const folding).
Optimizing module top_tm1638_demo.

3.23.9. Rerunning OPT passes. (Maybe there is more to do..)

3.23.10. Executing OPT_MUXTREE pass (detect dead branches in mux trees).
Running muxtree optimizer on module \top_tm1638_demo..
  Creating internal representation of mux trees.
  Evaluating internal representation of mux trees.
  Analyzing evaluation results.
Removed 0 multiplexer ports.
<suppressed ~87 debug messages>

3.23.11. Executing OPT_REDUCE pass (consolidate $*mux and $reduce_* inputs).
  Optimizing cells in module \top_tm1638_demo.
Performed a total of 0 changes.

3.23.12. Executing OPT_MERGE pass (detect identical cells).
Finding identical cells in module `\top_tm1638_demo'.
Computing hashes of 311 cells of `\top_tm1638_demo'.
Finding duplicate cells in `\top_tm1638_demo'.
Removed a total of 0 cells.

3.23.13. Executing OPT_DFF pass (perform DFF optimizations).

3.23.14. Executing OPT_CLEAN pass (remove unused cells and wires).
Finding unused cells or wires in module \top_tm1638_demo..

3.23.15. Executing OPT_EXPR pass (perform const folding).
Optimizing module top_tm1638_demo.

3.23.16. Finished fast OPT passes. (There is nothing left to do.)

3.24. Executing MEMORY pass.

3.24.1. Executing OPT_MEM pass (optimize memories).
Performed a total of 0 transformations.

3.24.2. Executing OPT_MEM_PRIORITY pass (removing unnecessary memory write priority relations).
Performed a total of 0 transformations.

3.24.3. Executing OPT_MEM_FEEDBACK pass (finding memory read-to-write feedback paths).

3.24.4. Executing MEMORY_BMUX2ROM pass (converting muxes to ROMs).

3.24.5. Executing MEMORY_DFF pass (merging $dff cells to $memrd).
Checking read port `$auto$proc_rom.cc:155:do_switch$773'[0] in module `\top_tm1638_demo': no output FF found.
Checking read port `$auto$proc_rom.cc:155:do_switch$769'[0] in module `\top_tm1638_demo': no output FF found.
Checking read port `$auto$proc_rom.cc:155:do_switch$765'[0] in module `\top_tm1638_demo': no output FF found.
Checking read port `$auto$proc_rom.cc:155:do_switch$761'[0] in module `\top_tm1638_demo': no output FF found.
Checking read port `$auto$proc_rom.cc:155:do_switch$757'[0] in module `\top_tm1638_demo': no output FF found.
Checking read port `$auto$proc_rom.cc:155:do_switch$753'[0] in module `\top_tm1638_demo': no output FF found.
Checking read port `$auto$proc_rom.cc:155:do_switch$749'[0] in module `\top_tm1638_demo': no output FF found.
Checking read port `$auto$proc_rom.cc:155:do_switch$745'[0] in module `\top_tm1638_demo': no output FF found.
Checking read port address `$auto$proc_rom.cc:155:do_switch$773'[0] in module `\top_tm1638_demo': no address FF found.
Checking read port address `$auto$proc_rom.cc:155:do_switch$769'[0] in module `\top_tm1638_demo': no address FF found.
Checking read port address `$auto$proc_rom.cc:155:do_switch$765'[0] in module `\top_tm1638_demo': no address FF found.
Checking read port address `$auto$proc_rom.cc:155:do_switch$761'[0] in module `\top_tm1638_demo': no address FF found.
Checking read port address `$auto$proc_rom.cc:155:do_switch$757'[0] in module `\top_tm1638_demo': no address FF found.
Checking read port address `$auto$proc_rom.cc:155:do_switch$753'[0] in module `\top_tm1638_demo': no address FF found.
Checking read port address `$auto$proc_rom.cc:155:do_switch$749'[0] in module `\top_tm1638_demo': no address FF found.
Checking read port address `$auto$proc_rom.cc:155:do_switch$745'[0] in module `\top_tm1638_demo': no address FF found.

3.24.6. Executing OPT_CLEAN pass (remove unused cells and wires).
Finding unused cells or wires in module \top_tm1638_demo..

3.24.7. Executing MEMORY_SHARE pass (consolidating $memrd/$memwr cells).

3.24.8. Executing OPT_MEM_WIDEN pass (optimize memories where all ports are wide).
Performed a total of 0 transformations.

3.24.9. Executing OPT_CLEAN pass (remove unused cells and wires).
Finding unused cells or wires in module \top_tm1638_demo..

3.24.10. Executing MEMORY_COLLECT pass (generating $mem cells).

3.25. Executing OPT_CLEAN pass (remove unused cells and wires).
Finding unused cells or wires in module \top_tm1638_demo..

3.26. Executing MEMORY_LIBMAP pass (mapping memories to cells).
using FF mapping for memory top_tm1638_demo.$auto$proc_rom.cc:155:do_switch$773
using FF mapping for memory top_tm1638_demo.$auto$proc_rom.cc:155:do_switch$769
using FF mapping for memory top_tm1638_demo.$auto$proc_rom.cc:155:do_switch$765
using FF mapping for memory top_tm1638_demo.$auto$proc_rom.cc:155:do_switch$761
using FF mapping for memory top_tm1638_demo.$auto$proc_rom.cc:155:do_switch$757
using FF mapping for memory top_tm1638_demo.$auto$proc_rom.cc:155:do_switch$753
using FF mapping for memory top_tm1638_demo.$auto$proc_rom.cc:155:do_switch$749
using FF mapping for memory top_tm1638_demo.$auto$proc_rom.cc:155:do_switch$745
<suppressed ~112 debug messages>

3.27. Executing TECHMAP pass (map to technology primitives).

3.27.1. Executing Verilog-2005 frontend: d:\tools\oss-cad-suite\bin\../share/yosys/ice40/brams_map.v
Parsing Verilog input from `d:\tools\oss-cad-suite\bin\../share/yosys/ice40/brams_map.v' to AST representation.
Generating RTLIL representation for module `$__ICE40_RAM4K_'.
Successfully finished Verilog frontend.

3.27.2. Executing Verilog-2005 frontend: d:\tools\oss-cad-suite\bin\../share/yosys/ice40/spram_map.v
Parsing Verilog input from `d:\tools\oss-cad-suite\bin\../share/yosys/ice40/spram_map.v' to AST representation.
Generating RTLIL representation for module `$__ICE40_SPRAM_'.
Successfully finished Verilog frontend.

3.27.3. Continuing TECHMAP pass.
No more expansions possible.
<suppressed ~4 debug messages>

3.28. Executing ICE40_BRAMINIT pass.

3.29. Executing OPT pass (performing simple optimizations).

3.29.1. Executing OPT_EXPR pass (perform const folding).
Optimizing module top_tm1638_demo.
<suppressed ~33 debug messages>

3.29.2. Executing OPT_MERGE pass (detect identical cells).
Finding identical cells in module `\top_tm1638_demo'.
Computing hashes of 299 cells of `\top_tm1638_demo'.
Finding duplicate cells in `\top_tm1638_demo'.
Computing hashes of 297 cells of `\top_tm1638_demo'.
Finding duplicate cells in `\top_tm1638_demo'.
<suppressed ~6 debug messages>
Removed a total of 2 cells.

3.29.3. Executing OPT_DFF pass (perform DFF optimizations).

3.29.4. Executing OPT_CLEAN pass (remove unused cells and wires).
Finding unused cells or wires in module \top_tm1638_demo..
Removed 10 unused cells and 29 unused wires.
<suppressed ~11 debug messages>

3.29.5. Finished fast OPT passes.

3.30. Executing MEMORY_MAP pass (converting memories to logic and flip-flops).
Mapping memory $auto$proc_rom.cc:155:do_switch$773 in module \top_tm1638_demo:
  created 32 $dff cells and 0 static cells of width 7.
  read interface: 0 $dff and 31 $mux cells.
  write interface: 0 write mux blocks.
Mapping memory $auto$proc_rom.cc:155:do_switch$769 in module \top_tm1638_demo:
  created 32 $dff cells and 0 static cells of width 7.
  read interface: 0 $dff and 31 $mux cells.
  write interface: 0 write mux blocks.
Mapping memory $auto$proc_rom.cc:155:do_switch$765 in module \top_tm1638_demo:
  created 32 $dff cells and 0 static cells of width 7.
  read interface: 0 $dff and 31 $mux cells.
  write interface: 0 write mux blocks.
Mapping memory $auto$proc_rom.cc:155:do_switch$761 in module \top_tm1638_demo:
  created 32 $dff cells and 0 static cells of width 7.
  read interface: 0 $dff and 31 $mux cells.
  write interface: 0 write mux blocks.
Mapping memory $auto$proc_rom.cc:155:do_switch$757 in module \top_tm1638_demo:
  created 32 $dff cells and 0 static cells of width 7.
  read interface: 0 $dff and 31 $mux cells.
  write interface: 0 write mux blocks.
Mapping memory $auto$proc_rom.cc:155:do_switch$753 in module \top_tm1638_demo:
  created 32 $dff cells and 0 static cells of width 7.
  read interface: 0 $dff and 31 $mux cells.
  write interface: 0 write mux blocks.
Mapping memory $auto$proc_rom.cc:155:do_switch$749 in module \top_tm1638_demo:
  created 32 $dff cells and 0 static cells of width 7.
  read interface: 0 $dff and 31 $mux cells.
  write interface: 0 write mux blocks.
Mapping memory $auto$proc_rom.cc:155:do_switch$745 in module \top_tm1638_demo:
  created 32 $dff cells and 0 static cells of width 7.
  read interface: 0 $dff and 31 $mux cells.
  write interface: 0 write mux blocks.

3.31. Executing OPT pass (performing simple optimizations).

3.31.1. Executing OPT_EXPR pass (perform const folding).
Optimizing module top_tm1638_demo.
<suppressed ~104 debug messages>

3.31.2. Executing OPT_MERGE pass (detect identical cells).
Finding identical cells in module `\top_tm1638_demo'.
Computing hashes of 423 cells of `\top_tm1638_demo'.
Finding duplicate cells in `\top_tm1638_demo'.
Removed a total of 0 cells.

3.31.3. Executing OPT_MUXTREE pass (detect dead branches in mux trees).
Running muxtree optimizer on module \top_tm1638_demo..
  Creating internal representation of mux trees.
  Evaluating internal representation of mux trees.
  Analyzing evaluation results.
Removed 0 multiplexer ports.
<suppressed ~214 debug messages>

3.31.4. Executing OPT_REDUCE pass (consolidate $*mux and $reduce_* inputs).
  Optimizing cells in module \top_tm1638_demo.
    Consolidated identical input bits for $mux cell $memory$auto$proc_rom.cc:155:do_switch$757$rdmux[0][4][7]$5091:
      Old ports: A=7'1101101, B=7'1001111, Y=$memory$auto$proc_rom.cc:155:do_switch$757$rdmux[0][3][3]$b$5057
      New ports: A=2'10, B=2'01, Y={ $memory$auto$proc_rom.cc:155:do_switch$757$rdmux[0][3][3]$b$5057 [5] $memory$auto$proc_rom.cc:155:do_switch$757$rdmux[0][3][3]$b$5057 [1] }
      New connections: { $memory$auto$proc_rom.cc:155:do_switch$757$rdmux[0][3][3]$b$5057 [6] $memory$auto$proc_rom.cc:155:do_switch$757$rdmux[0][3][3]$b$5057 [4:2] $memory$auto$proc_rom.cc:155:do_switch$757$rdmux[0][3][3]$b$5057 [0] } = 5'10111
    Consolidated identical input bits for $mux cell $memory$auto$proc_rom.cc:155:do_switch$757$rdmux[0][3][4]$5058:
      Old ports: A=7'1101111, B=7'0000000, Y=$memory$auto$proc_rom.cc:155:do_switch$757$rdmux[0][2][2]$a$5041
      New ports: A=1'1, B=1'0, Y=$memory$auto$proc_rom.cc:155:do_switch$757$rdmux[0][2][2]$a$5041 [0]
      New connections: $memory$auto$proc_rom.cc:155:do_switch$757$rdmux[0][2][2]$a$5041 [6:1] = { $memory$auto$proc_rom.cc:155:do_switch$757$rdmux[0][2][2]$a$5041 [0] $memory$auto$proc_rom.cc:155:do_switch$757$rdmux[0][2][2]$a$5041 [0] 1'0 $memory$auto$proc_rom.cc:155:do_switch$757$rdmux[0][2][2]$a$5041 [0] $memory$auto$proc_rom.cc:155:do_switch$757$rdmux[0][2][2]$a$5041 [0] $memory$auto$proc_rom.cc:155:do_switch$757$rdmux[0][2][2]$a$5041 [0] }
    Consolidated identical input bits for $mux cell $memory$auto$proc_rom.cc:155:do_switch$757$rdmux[0][4][3]$5079:
      Old ports: A=7'1101111, B=7'0111111, Y=$memory$auto$proc_rom.cc:155:do_switch$757$rdmux[0][3][1]$b$5051
      New ports: A=2'10, B=2'01, Y={ $memory$auto$proc_rom.cc:155:do_switch$757$rdmux[0][3][1]$b$5051 [6] $memory$auto$proc_rom.cc:155:do_switch$757$rdmux[0][3][1]$b$5051 [4] }
      New connections: { $memory$auto$proc_rom.cc:155:do_switch$757$rdmux[0][3][1]$b$5051 [5] $memory$auto$proc_rom.cc:155:do_switch$757$rdmux[0][3][1]$b$5051 [3:0] } = 5'11111
    Consolidated identical input bits for $mux cell $memory$auto$proc_rom.cc:155:do_switch$753$rdmux[0][4][7]$5184:
      Old ports: A=7'1101101, B=7'1001111, Y=$memory$auto$proc_rom.cc:155:do_switch$753$rdmux[0][3][3]$b$5150
      New ports: A=2'10, B=2'01, Y={ $memory$auto$proc_rom.cc:155:do_switch$753$rdmux[0][3][3]$b$5150 [5] $memory$auto$proc_rom.cc:155:do_switch$753$rdmux[0][3][3]$b$5150 [1] }
      New connections: { $memory$auto$proc_rom.cc:155:do_switch$753$rdmux[0][3][3]$b$5150 [6] $memory$auto$proc_rom.cc:155:do_switch$753$rdmux[0][3][3]$b$5150 [4:2] $memory$auto$proc_rom.cc:155:do_switch$753$rdmux[0][3][3]$b$5150 [0] } = 5'10111
    Consolidated identical input bits for $mux cell $memory$auto$proc_rom.cc:155:do_switch$753$rdmux[0][4][6]$5181:
      Old ports: A=7'1000000, B=7'1101101, Y=$memory$auto$proc_rom.cc:155:do_switch$753$rdmux[0][3][3]$a$5149
      New ports: A=1'0, B=1'1, Y=$memory$auto$proc_rom.cc:155:do_switch$753$rdmux[0][3][3]$a$5149 [0]
      New connections: $memory$auto$proc_rom.cc:155:do_switch$753$rdmux[0][3][3]$a$5149 [6:1] = { 1'1 $memory$auto$proc_rom.cc:155:do_switch$753$rdmux[0][3][3]$a$5149 [0] 1'0 $memory$auto$proc_rom.cc:155:do_switch$753$rdmux[0][3][3]$a$5149 [0] $memory$auto$proc_rom.cc:155:do_switch$753$rdmux[0][3][3]$a$5149 [0] 1'0 }
    Consolidated identical input bits for $mux cell $memory$auto$proc_rom.cc:155:do_switch$753$rdmux[0][4][3]$5172:
      Old ports: A=7'1101111, B=7'0111111, Y=$memory$auto$proc_rom.cc:155:do_switch$753$rdmux[0][3][1]$b$5144
      New ports: A=2'10, B=2'01, Y={ $memory$auto$proc_rom.cc:155:do_switch$753$rdmux[0][3][1]$b$5144 [6] $memory$auto$proc_rom.cc:155:do_switch$753$rdmux[0][3][1]$b$5144 [4] }
      New connections: { $memory$auto$proc_rom.cc:155:do_switch$753$rdmux[0][3][1]$b$5144 [5] $memory$auto$proc_rom.cc:155:do_switch$753$rdmux[0][3][1]$b$5144 [3:0] } = 5'11111
    Consolidated identical input bits for $mux cell $memory$auto$proc_rom.cc:155:do_switch$753$rdmux[0][4][2]$5169:
      Old ports: A=7'0111111, B=7'1101101, Y=$memory$auto$proc_rom.cc:155:do_switch$753$rdmux[0][3][1]$a$5143
      New ports: A=2'01, B=2'10, Y={ $memory$auto$proc_rom.cc:155:do_switch$753$rdmux[0][3][1]$a$5143 [6] $memory$auto$proc_rom.cc:155:do_switch$753$rdmux[0][3][1]$a$5143 [1] }
      New connections: { $memory$auto$proc_rom.cc:155:do_switch$753$rdmux[0][3][1]$a$5143 [5:2] $memory$auto$proc_rom.cc:155:do_switch$753$rdmux[0][3][1]$a$5143 [0] } = { 1'1 $memory$auto$proc_rom.cc:155:do_switch$753$rdmux[0][3][1]$a$5143 [1] 3'111 }
    Consolidated identical input bits for $mux cell $memory$auto$proc_rom.cc:155:do_switch$757$rdmux[0][4][1]$5073:
      Old ports: A=7'1000000, B=7'1101101, Y=$memory$auto$proc_rom.cc:155:do_switch$757$rdmux[0][3][0]$b$5048
      New ports: A=1'0, B=1'1, Y=$memory$auto$proc_rom.cc:155:do_switch$757$rdmux[0][3][0]$b$5048 [0]
      New connections: $memory$auto$proc_rom.cc:155:do_switch$757$rdmux[0][3][0]$b$5048 [6:1] = { 1'1 $memory$auto$proc_rom.cc:155:do_switch$757$rdmux[0][3][0]$b$5048 [0] 1'0 $memory$auto$proc_rom.cc:155:do_switch$757$rdmux[0][3][0]$b$5048 [0] $memory$auto$proc_rom.cc:155:do_switch$757$rdmux[0][3][0]$b$5048 [0] 1'0 }
    Consolidated identical input bits for $mux cell $memory$auto$proc_rom.cc:155:do_switch$761$rdmux[0][4][7]$4998:
      Old ports: A=7'1101101, B=7'1001111, Y=$memory$auto$proc_rom.cc:155:do_switch$761$rdmux[0][3][3]$b$4964
      New ports: A=2'10, B=2'01, Y={ $memory$auto$proc_rom.cc:155:do_switch$761$rdmux[0][3][3]$b$4964 [5] $memory$auto$proc_rom.cc:155:do_switch$761$rdmux[0][3][3]$b$4964 [1] }
      New connections: { $memory$auto$proc_rom.cc:155:do_switch$761$rdmux[0][3][3]$b$4964 [6] $memory$auto$proc_rom.cc:155:do_switch$761$rdmux[0][3][3]$b$4964 [4:2] $memory$auto$proc_rom.cc:155:do_switch$761$rdmux[0][3][3]$b$4964 [0] } = 5'10111
    Consolidated identical input bits for $mux cell $memory$auto$proc_rom.cc:155:do_switch$761$rdmux[0][4][6]$4995:
      Old ports: A=7'1000000, B=7'1101101, Y=$memory$auto$proc_rom.cc:155:do_switch$761$rdmux[0][3][3]$a$4963
      New ports: A=1'0, B=1'1, Y=$memory$auto$proc_rom.cc:155:do_switch$761$rdmux[0][3][3]$a$4963 [0]
      New connections: $memory$auto$proc_rom.cc:155:do_switch$761$rdmux[0][3][3]$a$4963 [6:1] = { 1'1 $memory$auto$proc_rom.cc:155:do_switch$761$rdmux[0][3][3]$a$4963 [0] 1'0 $memory$auto$proc_rom.cc:155:do_switch$761$rdmux[0][3][3]$a$4963 [0] $memory$auto$proc_rom.cc:155:do_switch$761$rdmux[0][3][3]$a$4963 [0] 1'0 }
    Consolidated identical input bits for $mux cell $memory$auto$proc_rom.cc:155:do_switch$761$rdmux[0][4][5]$4992:
      Old ports: A=7'1110000, B=7'1111001, Y=$memory$auto$proc_rom.cc:155:do_switch$761$rdmux[0][3][2]$b$4961
      New ports: A=1'0, B=1'1, Y=$memory$auto$proc_rom.cc:155:do_switch$761$rdmux[0][3][2]$b$4961 [0]
      New connections: $memory$auto$proc_rom.cc:155:do_switch$761$rdmux[0][3][2]$b$4961 [6:1] = { 3'111 $memory$auto$proc_rom.cc:155:do_switch$761$rdmux[0][3][2]$b$4961 [0] 2'00 }
    Consolidated identical input bits for $mux cell $memory$auto$proc_rom.cc:155:do_switch$761$rdmux[0][4][4]$4989:
      Old ports: A=7'1111111, B=7'1000000, Y=$memory$auto$proc_rom.cc:155:do_switch$761$rdmux[0][3][2]$a$4960
      New ports: A=1'1, B=1'0, Y=$memory$auto$proc_rom.cc:155:do_switch$761$rdmux[0][3][2]$a$4960 [0]
      New connections: $memory$auto$proc_rom.cc:155:do_switch$761$rdmux[0][3][2]$a$4960 [6:1] = { 1'1 $memory$auto$proc_rom.cc:155:do_switch$761$rdmux[0][3][2]$a$4960 [0] $memory$auto$proc_rom.cc:155:do_switch$761$rdmux[0][3][2]$a$4960 [0] $memory$auto$proc_rom.cc:155:do_switch$761$rdmux[0][3][2]$a$4960 [0] $memory$auto$proc_rom.cc:155:do_switch$761$rdmux[0][3][2]$a$4960 [0] $memory$auto$proc_rom.cc:155:do_switch$761$rdmux[0][3][2]$a$4960 [0] }
    Consolidated identical input bits for $mux cell $memory$auto$proc_rom.cc:155:do_switch$761$rdmux[0][4][3]$4986:
      Old ports: A=7'1101111, B=7'0111111, Y=$memory$auto$proc_rom.cc:155:do_switch$761$rdmux[0][3][1]$b$4958
      New ports: A=2'10, B=2'01, Y={ $memory$auto$proc_rom.cc:155:do_switch$761$rdmux[0][3][1]$b$4958 [6] $memory$auto$proc_rom.cc:155:do_switch$761$rdmux[0][3][1]$b$4958 [4] }
      New connections: { $memory$auto$proc_rom.cc:155:do_switch$761$rdmux[0][3][1]$b$4958 [5] $memory$auto$proc_rom.cc:155:do_switch$761$rdmux[0][3][1]$b$4958 [3:0] } = 5'11111
    Consolidated identical input bits for $mux cell $memory$auto$proc_rom.cc:155:do_switch$761$rdmux[0][4][2]$4983:
      Old ports: A=7'0111111, B=7'1101101, Y=$memory$auto$proc_rom.cc:155:do_switch$761$rdmux[0][3][1]$a$4957
      New ports: A=2'01, B=2'10, Y={ $memory$auto$proc_rom.cc:155:do_switch$761$rdmux[0][3][1]$a$4957 [6] $memory$auto$proc_rom.cc:155:do_switch$761$rdmux[0][3][1]$a$4957 [1] }
      New connections: { $memory$auto$proc_rom.cc:155:do_switch$761$rdmux[0][3][1]$a$4957 [5:2] $memory$auto$proc_rom.cc:155:do_switch$761$rdmux[0][3][1]$a$4957 [0] } = { 1'1 $memory$auto$proc_rom.cc:155:do_switch$761$rdmux[0][3][1]$a$4957 [1] 3'111 }
    Consolidated identical input bits for $mux cell $memory$auto$proc_rom.cc:155:do_switch$761$rdmux[0][4][1]$4980:
      Old ports: A=7'1000000, B=7'1101101, Y=$memory$auto$proc_rom.cc:155:do_switch$761$rdmux[0][3][0]$b$4955
      New ports: A=1'0, B=1'1, Y=$memory$auto$proc_rom.cc:155:do_switch$761$rdmux[0][3][0]$b$4955 [0]
      New connections: $memory$auto$proc_rom.cc:155:do_switch$761$rdmux[0][3][0]$b$4955 [6:1] = { 1'1 $memory$auto$proc_rom.cc:155:do_switch$761$rdmux[0][3][0]$b$4955 [0] 1'0 $memory$auto$proc_rom.cc:155:do_switch$761$rdmux[0][3][0]$b$4955 [0] $memory$auto$proc_rom.cc:155:do_switch$761$rdmux[0][3][0]$b$4955 [0] 1'0 }
    Consolidated identical input bits for $mux cell $memory$auto$proc_rom.cc:155:do_switch$757$rdmux[0][4][2]$5076:
      Old ports: A=7'0111111, B=7'1101101, Y=$memory$auto$proc_rom.cc:155:do_switch$757$rdmux[0][3][1]$a$5050
      New ports: A=2'01, B=2'10, Y={ $memory$auto$proc_rom.cc:155:do_switch$757$rdmux[0][3][1]$a$5050 [6] $memory$auto$proc_rom.cc:155:do_switch$757$rdmux[0][3][1]$a$5050 [1] }
      New connections: { $memory$auto$proc_rom.cc:155:do_switch$757$rdmux[0][3][1]$a$5050 [5:2] $memory$auto$proc_rom.cc:155:do_switch$757$rdmux[0][3][1]$a$5050 [0] } = { 1'1 $memory$auto$proc_rom.cc:155:do_switch$757$rdmux[0][3][1]$a$5050 [1] 3'111 }
    Consolidated identical input bits for $mux cell $memory$auto$proc_rom.cc:155:do_switch$753$rdmux[0][4][5]$5178:
      Old ports: A=7'1110000, B=7'1111001, Y=$memory$auto$proc_rom.cc:155:do_switch$753$rdmux[0][3][2]$b$5147
      New ports: A=1'0, B=1'1, Y=$memory$auto$proc_rom.cc:155:do_switch$753$rdmux[0][3][2]$b$5147 [0]
      New connections: $memory$auto$proc_rom.cc:155:do_switch$753$rdmux[0][3][2]$b$5147 [6:1] = { 3'111 $memory$auto$proc_rom.cc:155:do_switch$753$rdmux[0][3][2]$b$5147 [0] 2'00 }
    Consolidated identical input bits for $mux cell $memory$auto$proc_rom.cc:155:do_switch$753$rdmux[0][4][1]$5166:
      Old ports: A=7'1000000, B=7'1101101, Y=$memory$auto$proc_rom.cc:155:do_switch$753$rdmux[0][3][0]$b$5141
      New ports: A=1'0, B=1'1, Y=$memory$auto$proc_rom.cc:155:do_switch$753$rdmux[0][3][0]$b$5141 [0]
      New connections: $memory$auto$proc_rom.cc:155:do_switch$753$rdmux[0][3][0]$b$5141 [6:1] = { 1'1 $memory$auto$proc_rom.cc:155:do_switch$753$rdmux[0][3][0]$b$5141 [0] 1'0 $memory$auto$proc_rom.cc:155:do_switch$753$rdmux[0][3][0]$b$5141 [0] $memory$auto$proc_rom.cc:155:do_switch$753$rdmux[0][3][0]$b$5141 [0] 1'0 }
    Consolidated identical input bits for $mux cell $memory$auto$proc_rom.cc:155:do_switch$761$rdmux[0][3][4]$4965:
      Old ports: A=7'1101111, B=7'0000000, Y=$memory$auto$proc_rom.cc:155:do_switch$761$rdmux[0][2][2]$a$4948
      New ports: A=1'1, B=1'0, Y=$memory$auto$proc_rom.cc:155:do_switch$761$rdmux[0][2][2]$a$4948 [0]
      New connections: $memory$auto$proc_rom.cc:155:do_switch$761$rdmux[0][2][2]$a$4948 [6:1] = { $memory$auto$proc_rom.cc:155:do_switch$761$rdmux[0][2][2]$a$4948 [0] $memory$auto$proc_rom.cc:155:do_switch$761$rdmux[0][2][2]$a$4948 [0] 1'0 $memory$auto$proc_rom.cc:155:do_switch$761$rdmux[0][2][2]$a$4948 [0] $memory$auto$proc_rom.cc:155:do_switch$761$rdmux[0][2][2]$a$4948 [0] $memory$auto$proc_rom.cc:155:do_switch$761$rdmux[0][2][2]$a$4948 [0] }
    Consolidated identical input bits for $mux cell $memory$auto$proc_rom.cc:155:do_switch$753$rdmux[0][4][4]$5175:
      Old ports: A=7'1111111, B=7'1000000, Y=$memory$auto$proc_rom.cc:155:do_switch$753$rdmux[0][3][2]$a$5146
      New ports: A=1'1, B=1'0, Y=$memory$auto$proc_rom.cc:155:do_switch$753$rdmux[0][3][2]$a$5146 [0]
      New connections: $memory$auto$proc_rom.cc:155:do_switch$753$rdmux[0][3][2]$a$5146 [6:1] = { 1'1 $memory$auto$proc_rom.cc:155:do_switch$753$rdmux[0][3][2]$a$5146 [0] $memory$auto$proc_rom.cc:155:do_switch$753$rdmux[0][3][2]$a$5146 [0] $memory$auto$proc_rom.cc:155:do_switch$753$rdmux[0][3][2]$a$5146 [0] $memory$auto$proc_rom.cc:155:do_switch$753$rdmux[0][3][2]$a$5146 [0] $memory$auto$proc_rom.cc:155:do_switch$753$rdmux[0][3][2]$a$5146 [0] }
    Consolidated identical input bits for $mux cell $memory$auto$proc_rom.cc:155:do_switch$757$rdmux[0][4][4]$5082:
      Old ports: A=7'1111111, B=7'1000000, Y=$memory$auto$proc_rom.cc:155:do_switch$757$rdmux[0][3][2]$a$5053
      New ports: A=1'1, B=1'0, Y=$memory$auto$proc_rom.cc:155:do_switch$757$rdmux[0][3][2]$a$5053 [0]
      New connections: $memory$auto$proc_rom.cc:155:do_switch$757$rdmux[0][3][2]$a$5053 [6:1] = { 1'1 $memory$auto$proc_rom.cc:155:do_switch$757$rdmux[0][3][2]$a$5053 [0] $memory$auto$proc_rom.cc:155:do_switch$757$rdmux[0][3][2]$a$5053 [0] $memory$auto$proc_rom.cc:155:do_switch$757$rdmux[0][3][2]$a$5053 [0] $memory$auto$proc_rom.cc:155:do_switch$757$rdmux[0][3][2]$a$5053 [0] $memory$auto$proc_rom.cc:155:do_switch$757$rdmux[0][3][2]$a$5053 [0] }
    Consolidated identical input bits for $mux cell $memory$auto$proc_rom.cc:155:do_switch$745$rdmux[0][4][6]$5367:
      Old ports: A=7'1000000, B=7'1101101, Y=$memory$auto$proc_rom.cc:155:do_switch$745$rdmux[0][3][3]$a$5335
      New ports: A=1'0, B=1'1, Y=$memory$auto$proc_rom.cc:155:do_switch$745$rdmux[0][3][3]$a$5335 [0]
      New connections: $memory$auto$proc_rom.cc:155:do_switch$745$rdmux[0][3][3]$a$5335 [6:1] = { 1'1 $memory$auto$proc_rom.cc:155:do_switch$745$rdmux[0][3][3]$a$5335 [0] 1'0 $memory$auto$proc_rom.cc:155:do_switch$745$rdmux[0][3][3]$a$5335 [0] $memory$auto$proc_rom.cc:155:do_switch$745$rdmux[0][3][3]$a$5335 [0] 1'0 }
    Consolidated identical input bits for $mux cell $memory$auto$proc_rom.cc:155:do_switch$765$rdmux[0][4][7]$4905:
      Old ports: A=7'1101101, B=7'1001111, Y=$memory$auto$proc_rom.cc:155:do_switch$765$rdmux[0][3][3]$b$4871
      New ports: A=2'10, B=2'01, Y={ $memory$auto$proc_rom.cc:155:do_switch$765$rdmux[0][3][3]$b$4871 [5] $memory$auto$proc_rom.cc:155:do_switch$765$rdmux[0][3][3]$b$4871 [1] }
      New connections: { $memory$auto$proc_rom.cc:155:do_switch$765$rdmux[0][3][3]$b$4871 [6] $memory$auto$proc_rom.cc:155:do_switch$765$rdmux[0][3][3]$b$4871 [4:2] $memory$auto$proc_rom.cc:155:do_switch$765$rdmux[0][3][3]$b$4871 [0] } = 5'10111
    Consolidated identical input bits for $mux cell $memory$auto$proc_rom.cc:155:do_switch$765$rdmux[0][4][6]$4902:
      Old ports: A=7'1000000, B=7'1101101, Y=$memory$auto$proc_rom.cc:155:do_switch$765$rdmux[0][3][3]$a$4870
      New ports: A=1'0, B=1'1, Y=$memory$auto$proc_rom.cc:155:do_switch$765$rdmux[0][3][3]$a$4870 [0]
      New connections: $memory$auto$proc_rom.cc:155:do_switch$765$rdmux[0][3][3]$a$4870 [6:1] = { 1'1 $memory$auto$proc_rom.cc:155:do_switch$765$rdmux[0][3][3]$a$4870 [0] 1'0 $memory$auto$proc_rom.cc:155:do_switch$765$rdmux[0][3][3]$a$4870 [0] $memory$auto$proc_rom.cc:155:do_switch$765$rdmux[0][3][3]$a$4870 [0] 1'0 }
    Consolidated identical input bits for $mux cell $memory$auto$proc_rom.cc:155:do_switch$765$rdmux[0][4][5]$4899:
      Old ports: A=7'1110000, B=7'1111001, Y=$memory$auto$proc_rom.cc:155:do_switch$765$rdmux[0][3][2]$b$4868
      New ports: A=1'0, B=1'1, Y=$memory$auto$proc_rom.cc:155:do_switch$765$rdmux[0][3][2]$b$4868 [0]
      New connections: $memory$auto$proc_rom.cc:155:do_switch$765$rdmux[0][3][2]$b$4868 [6:1] = { 3'111 $memory$auto$proc_rom.cc:155:do_switch$765$rdmux[0][3][2]$b$4868 [0] 2'00 }
    Consolidated identical input bits for $mux cell $memory$auto$proc_rom.cc:155:do_switch$765$rdmux[0][4][4]$4896:
      Old ports: A=7'1111111, B=7'1000000, Y=$memory$auto$proc_rom.cc:155:do_switch$765$rdmux[0][3][2]$a$4867
      New ports: A=1'1, B=1'0, Y=$memory$auto$proc_rom.cc:155:do_switch$765$rdmux[0][3][2]$a$4867 [0]
      New connections: $memory$auto$proc_rom.cc:155:do_switch$765$rdmux[0][3][2]$a$4867 [6:1] = { 1'1 $memory$auto$proc_rom.cc:155:do_switch$765$rdmux[0][3][2]$a$4867 [0] $memory$auto$proc_rom.cc:155:do_switch$765$rdmux[0][3][2]$a$4867 [0] $memory$auto$proc_rom.cc:155:do_switch$765$rdmux[0][3][2]$a$4867 [0] $memory$auto$proc_rom.cc:155:do_switch$765$rdmux[0][3][2]$a$4867 [0] $memory$auto$proc_rom.cc:155:do_switch$765$rdmux[0][3][2]$a$4867 [0] }
    Consolidated identical input bits for $mux cell $memory$auto$proc_rom.cc:155:do_switch$765$rdmux[0][4][3]$4893:
      Old ports: A=7'1101111, B=7'0111111, Y=$memory$auto$proc_rom.cc:155:do_switch$765$rdmux[0][3][1]$b$4865
      New ports: A=2'10, B=2'01, Y={ $memory$auto$proc_rom.cc:155:do_switch$765$rdmux[0][3][1]$b$4865 [6] $memory$auto$proc_rom.cc:155:do_switch$765$rdmux[0][3][1]$b$4865 [4] }
      New connections: { $memory$auto$proc_rom.cc:155:do_switch$765$rdmux[0][3][1]$b$4865 [5] $memory$auto$proc_rom.cc:155:do_switch$765$rdmux[0][3][1]$b$4865 [3:0] } = 5'11111
    Consolidated identical input bits for $mux cell $memory$auto$proc_rom.cc:155:do_switch$765$rdmux[0][4][2]$4890:
      Old ports: A=7'0111111, B=7'1101101, Y=$memory$auto$proc_rom.cc:155:do_switch$765$rdmux[0][3][1]$a$4864
      New ports: A=2'01, B=2'10, Y={ $memory$auto$proc_rom.cc:155:do_switch$765$rdmux[0][3][1]$a$4864 [6] $memory$auto$proc_rom.cc:155:do_switch$765$rdmux[0][3][1]$a$4864 [1] }
      New connections: { $memory$auto$proc_rom.cc:155:do_switch$765$rdmux[0][3][1]$a$4864 [5:2] $memory$auto$proc_rom.cc:155:do_switch$765$rdmux[0][3][1]$a$4864 [0] } = { 1'1 $memory$auto$proc_rom.cc:155:do_switch$765$rdmux[0][3][1]$a$4864 [1] 3'111 }
    Consolidated identical input bits for $mux cell $memory$auto$proc_rom.cc:155:do_switch$765$rdmux[0][4][1]$4887:
      Old ports: A=7'1000000, B=7'1101101, Y=$memory$auto$proc_rom.cc:155:do_switch$765$rdmux[0][3][0]$b$4862
      New ports: A=1'0, B=1'1, Y=$memory$auto$proc_rom.cc:155:do_switch$765$rdmux[0][3][0]$b$4862 [0]
      New connections: $memory$auto$proc_rom.cc:155:do_switch$765$rdmux[0][3][0]$b$4862 [6:1] = { 1'1 $memory$auto$proc_rom.cc:155:do_switch$765$rdmux[0][3][0]$b$4862 [0] 1'0 $memory$auto$proc_rom.cc:155:do_switch$765$rdmux[0][3][0]$b$4862 [0] $memory$auto$proc_rom.cc:155:do_switch$765$rdmux[0][3][0]$b$4862 [0] 1'0 }
    Consolidated identical input bits for $mux cell $memory$auto$proc_rom.cc:155:do_switch$765$rdmux[0][3][4]$4872:
      Old ports: A=7'1101111, B=7'0000000, Y=$memory$auto$proc_rom.cc:155:do_switch$765$rdmux[0][2][2]$a$4855
      New ports: A=1'1, B=1'0, Y=$memory$auto$proc_rom.cc:155:do_switch$765$rdmux[0][2][2]$a$4855 [0]
      New connections: $memory$auto$proc_rom.cc:155:do_switch$765$rdmux[0][2][2]$a$4855 [6:1] = { $memory$auto$proc_rom.cc:155:do_switch$765$rdmux[0][2][2]$a$4855 [0] $memory$auto$proc_rom.cc:155:do_switch$765$rdmux[0][2][2]$a$4855 [0] 1'0 $memory$auto$proc_rom.cc:155:do_switch$765$rdmux[0][2][2]$a$4855 [0] $memory$auto$proc_rom.cc:155:do_switch$765$rdmux[0][2][2]$a$4855 [0] $memory$auto$proc_rom.cc:155:do_switch$765$rdmux[0][2][2]$a$4855 [0] }
    Consolidated identical input bits for $mux cell $memory$auto$proc_rom.cc:155:do_switch$745$rdmux[0][4][2]$5355:
      Old ports: A=7'0111111, B=7'1101101, Y=$memory$auto$proc_rom.cc:155:do_switch$745$rdmux[0][3][1]$a$5329
      New ports: A=2'01, B=2'10, Y={ $memory$auto$proc_rom.cc:155:do_switch$745$rdmux[0][3][1]$a$5329 [6] $memory$auto$proc_rom.cc:155:do_switch$745$rdmux[0][3][1]$a$5329 [1] }
      New connections: { $memory$auto$proc_rom.cc:155:do_switch$745$rdmux[0][3][1]$a$5329 [5:2] $memory$auto$proc_rom.cc:155:do_switch$745$rdmux[0][3][1]$a$5329 [0] } = { 1'1 $memory$auto$proc_rom.cc:155:do_switch$745$rdmux[0][3][1]$a$5329 [1] 3'111 }
    Consolidated identical input bits for $mux cell $memory$auto$proc_rom.cc:155:do_switch$745$rdmux[0][4][1]$5352:
      Old ports: A=7'1000000, B=7'1101101, Y=$memory$auto$proc_rom.cc:155:do_switch$745$rdmux[0][3][0]$b$5327
      New ports: A=1'0, B=1'1, Y=$memory$auto$proc_rom.cc:155:do_switch$745$rdmux[0][3][0]$b$5327 [0]
      New connections: $memory$auto$proc_rom.cc:155:do_switch$745$rdmux[0][3][0]$b$5327 [6:1] = { 1'1 $memory$auto$proc_rom.cc:155:do_switch$745$rdmux[0][3][0]$b$5327 [0] 1'0 $memory$auto$proc_rom.cc:155:do_switch$745$rdmux[0][3][0]$b$5327 [0] $memory$auto$proc_rom.cc:155:do_switch$745$rdmux[0][3][0]$b$5327 [0] 1'0 }
    Consolidated identical input bits for $mux cell $memory$auto$proc_rom.cc:155:do_switch$745$rdmux[0][4][3]$5358:
      Old ports: A=7'1101111, B=7'0111111, Y=$memory$auto$proc_rom.cc:155:do_switch$745$rdmux[0][3][1]$b$5330
      New ports: A=2'10, B=2'01, Y={ $memory$auto$proc_rom.cc:155:do_switch$745$rdmux[0][3][1]$b$5330 [6] $memory$auto$proc_rom.cc:155:do_switch$745$rdmux[0][3][1]$b$5330 [4] }
      New connections: { $memory$auto$proc_rom.cc:155:do_switch$745$rdmux[0][3][1]$b$5330 [5] $memory$auto$proc_rom.cc:155:do_switch$745$rdmux[0][3][1]$b$5330 [3:0] } = 5'11111
    Consolidated identical input bits for $mux cell $memory$auto$proc_rom.cc:155:do_switch$769$rdmux[0][4][7]$4812:
      Old ports: A=7'1101101, B=7'1001111, Y=$memory$auto$proc_rom.cc:155:do_switch$769$rdmux[0][3][3]$b$4778
      New ports: A=2'10, B=2'01, Y={ $memory$auto$proc_rom.cc:155:do_switch$769$rdmux[0][3][3]$b$4778 [5] $memory$auto$proc_rom.cc:155:do_switch$769$rdmux[0][3][3]$b$4778 [1] }
      New connections: { $memory$auto$proc_rom.cc:155:do_switch$769$rdmux[0][3][3]$b$4778 [6] $memory$auto$proc_rom.cc:155:do_switch$769$rdmux[0][3][3]$b$4778 [4:2] $memory$auto$proc_rom.cc:155:do_switch$769$rdmux[0][3][3]$b$4778 [0] } = 5'10111
    Consolidated identical input bits for $mux cell $memory$auto$proc_rom.cc:155:do_switch$769$rdmux[0][4][6]$4809:
      Old ports: A=7'1000000, B=7'1101101, Y=$memory$auto$proc_rom.cc:155:do_switch$769$rdmux[0][3][3]$a$4777
      New ports: A=1'0, B=1'1, Y=$memory$auto$proc_rom.cc:155:do_switch$769$rdmux[0][3][3]$a$4777 [0]
      New connections: $memory$auto$proc_rom.cc:155:do_switch$769$rdmux[0][3][3]$a$4777 [6:1] = { 1'1 $memory$auto$proc_rom.cc:155:do_switch$769$rdmux[0][3][3]$a$4777 [0] 1'0 $memory$auto$proc_rom.cc:155:do_switch$769$rdmux[0][3][3]$a$4777 [0] $memory$auto$proc_rom.cc:155:do_switch$769$rdmux[0][3][3]$a$4777 [0] 1'0 }
    Consolidated identical input bits for $mux cell $memory$auto$proc_rom.cc:155:do_switch$769$rdmux[0][4][5]$4806:
      Old ports: A=7'1110000, B=7'1111001, Y=$memory$auto$proc_rom.cc:155:do_switch$769$rdmux[0][3][2]$b$4775
      New ports: A=1'0, B=1'1, Y=$memory$auto$proc_rom.cc:155:do_switch$769$rdmux[0][3][2]$b$4775 [0]
      New connections: $memory$auto$proc_rom.cc:155:do_switch$769$rdmux[0][3][2]$b$4775 [6:1] = { 3'111 $memory$auto$proc_rom.cc:155:do_switch$769$rdmux[0][3][2]$b$4775 [0] 2'00 }
    Consolidated identical input bits for $mux cell $memory$auto$proc_rom.cc:155:do_switch$769$rdmux[0][4][4]$4803:
      Old ports: A=7'1111111, B=7'1000000, Y=$memory$auto$proc_rom.cc:155:do_switch$769$rdmux[0][3][2]$a$4774
      New ports: A=1'1, B=1'0, Y=$memory$auto$proc_rom.cc:155:do_switch$769$rdmux[0][3][2]$a$4774 [0]
      New connections: $memory$auto$proc_rom.cc:155:do_switch$769$rdmux[0][3][2]$a$4774 [6:1] = { 1'1 $memory$auto$proc_rom.cc:155:do_switch$769$rdmux[0][3][2]$a$4774 [0] $memory$auto$proc_rom.cc:155:do_switch$769$rdmux[0][3][2]$a$4774 [0] $memory$auto$proc_rom.cc:155:do_switch$769$rdmux[0][3][2]$a$4774 [0] $memory$auto$proc_rom.cc:155:do_switch$769$rdmux[0][3][2]$a$4774 [0] $memory$auto$proc_rom.cc:155:do_switch$769$rdmux[0][3][2]$a$4774 [0] }
    Consolidated identical input bits for $mux cell $memory$auto$proc_rom.cc:155:do_switch$769$rdmux[0][4][3]$4800:
      Old ports: A=7'1101111, B=7'0111111, Y=$memory$auto$proc_rom.cc:155:do_switch$769$rdmux[0][3][1]$b$4772
      New ports: A=2'10, B=2'01, Y={ $memory$auto$proc_rom.cc:155:do_switch$769$rdmux[0][3][1]$b$4772 [6] $memory$auto$proc_rom.cc:155:do_switch$769$rdmux[0][3][1]$b$4772 [4] }
      New connections: { $memory$auto$proc_rom.cc:155:do_switch$769$rdmux[0][3][1]$b$4772 [5] $memory$auto$proc_rom.cc:155:do_switch$769$rdmux[0][3][1]$b$4772 [3:0] } = 5'11111
    Consolidated identical input bits for $mux cell $memory$auto$proc_rom.cc:155:do_switch$769$rdmux[0][4][2]$4797:
      Old ports: A=7'0111111, B=7'1101101, Y=$memory$auto$proc_rom.cc:155:do_switch$769$rdmux[0][3][1]$a$4771
      New ports: A=2'01, B=2'10, Y={ $memory$auto$proc_rom.cc:155:do_switch$769$rdmux[0][3][1]$a$4771 [6] $memory$auto$proc_rom.cc:155:do_switch$769$rdmux[0][3][1]$a$4771 [1] }
      New connections: { $memory$auto$proc_rom.cc:155:do_switch$769$rdmux[0][3][1]$a$4771 [5:2] $memory$auto$proc_rom.cc:155:do_switch$769$rdmux[0][3][1]$a$4771 [0] } = { 1'1 $memory$auto$proc_rom.cc:155:do_switch$769$rdmux[0][3][1]$a$4771 [1] 3'111 }
    Consolidated identical input bits for $mux cell $memory$auto$proc_rom.cc:155:do_switch$769$rdmux[0][4][1]$4794:
      Old ports: A=7'1000000, B=7'1101101, Y=$memory$auto$proc_rom.cc:155:do_switch$769$rdmux[0][3][0]$b$4769
      New ports: A=1'0, B=1'1, Y=$memory$auto$proc_rom.cc:155:do_switch$769$rdmux[0][3][0]$b$4769 [0]
      New connections: $memory$auto$proc_rom.cc:155:do_switch$769$rdmux[0][3][0]$b$4769 [6:1] = { 1'1 $memory$auto$proc_rom.cc:155:do_switch$769$rdmux[0][3][0]$b$4769 [0] 1'0 $memory$auto$proc_rom.cc:155:do_switch$769$rdmux[0][3][0]$b$4769 [0] $memory$auto$proc_rom.cc:155:do_switch$769$rdmux[0][3][0]$b$4769 [0] 1'0 }
    Consolidated identical input bits for $mux cell $memory$auto$proc_rom.cc:155:do_switch$745$rdmux[0][4][4]$5361:
      Old ports: A=7'1111111, B=7'1000000, Y=$memory$auto$proc_rom.cc:155:do_switch$745$rdmux[0][3][2]$a$5332
      New ports: A=1'1, B=1'0, Y=$memory$auto$proc_rom.cc:155:do_switch$745$rdmux[0][3][2]$a$5332 [0]
      New connections: $memory$auto$proc_rom.cc:155:do_switch$745$rdmux[0][3][2]$a$5332 [6:1] = { 1'1 $memory$auto$proc_rom.cc:155:do_switch$745$rdmux[0][3][2]$a$5332 [0] $memory$auto$proc_rom.cc:155:do_switch$745$rdmux[0][3][2]$a$5332 [0] $memory$auto$proc_rom.cc:155:do_switch$745$rdmux[0][3][2]$a$5332 [0] $memory$auto$proc_rom.cc:155:do_switch$745$rdmux[0][3][2]$a$5332 [0] $memory$auto$proc_rom.cc:155:do_switch$745$rdmux[0][3][2]$a$5332 [0] }
    Consolidated identical input bits for $mux cell $memory$auto$proc_rom.cc:155:do_switch$745$rdmux[0][4][5]$5364:
      Old ports: A=7'1110000, B=7'1111001, Y=$memory$auto$proc_rom.cc:155:do_switch$745$rdmux[0][3][2]$b$5333
      New ports: A=1'0, B=1'1, Y=$memory$auto$proc_rom.cc:155:do_switch$745$rdmux[0][3][2]$b$5333 [0]
      New connections: $memory$auto$proc_rom.cc:155:do_switch$745$rdmux[0][3][2]$b$5333 [6:1] = { 3'111 $memory$auto$proc_rom.cc:155:do_switch$745$rdmux[0][3][2]$b$5333 [0] 2'00 }
    Consolidated identical input bits for $mux cell $memory$auto$proc_rom.cc:155:do_switch$769$rdmux[0][3][4]$4779:
      Old ports: A=7'1101111, B=7'0000000, Y=$memory$auto$proc_rom.cc:155:do_switch$769$rdmux[0][2][2]$a$4762
      New ports: A=1'1, B=1'0, Y=$memory$auto$proc_rom.cc:155:do_switch$769$rdmux[0][2][2]$a$4762 [0]
      New connections: $memory$auto$proc_rom.cc:155:do_switch$769$rdmux[0][2][2]$a$4762 [6:1] = { $memory$auto$proc_rom.cc:155:do_switch$769$rdmux[0][2][2]$a$4762 [0] $memory$auto$proc_rom.cc:155:do_switch$769$rdmux[0][2][2]$a$4762 [0] 1'0 $memory$auto$proc_rom.cc:155:do_switch$769$rdmux[0][2][2]$a$4762 [0] $memory$auto$proc_rom.cc:155:do_switch$769$rdmux[0][2][2]$a$4762 [0] $memory$auto$proc_rom.cc:155:do_switch$769$rdmux[0][2][2]$a$4762 [0] }
    Consolidated identical input bits for $mux cell $memory$auto$proc_rom.cc:155:do_switch$749$rdmux[0][4][1]$5259:
      Old ports: A=7'1000000, B=7'1101101, Y=$memory$auto$proc_rom.cc:155:do_switch$749$rdmux[0][3][0]$b$5234
      New ports: A=1'0, B=1'1, Y=$memory$auto$proc_rom.cc:155:do_switch$749$rdmux[0][3][0]$b$5234 [0]
      New connections: $memory$auto$proc_rom.cc:155:do_switch$749$rdmux[0][3][0]$b$5234 [6:1] = { 1'1 $memory$auto$proc_rom.cc:155:do_switch$749$rdmux[0][3][0]$b$5234 [0] 1'0 $memory$auto$proc_rom.cc:155:do_switch$749$rdmux[0][3][0]$b$5234 [0] $memory$auto$proc_rom.cc:155:do_switch$749$rdmux[0][3][0]$b$5234 [0] 1'0 }
    Consolidated identical input bits for $mux cell $memory$auto$proc_rom.cc:155:do_switch$757$rdmux[0][4][6]$5088:
      Old ports: A=7'1000000, B=7'1101101, Y=$memory$auto$proc_rom.cc:155:do_switch$757$rdmux[0][3][3]$a$5056
      New ports: A=1'0, B=1'1, Y=$memory$auto$proc_rom.cc:155:do_switch$757$rdmux[0][3][3]$a$5056 [0]
      New connections: $memory$auto$proc_rom.cc:155:do_switch$757$rdmux[0][3][3]$a$5056 [6:1] = { 1'1 $memory$auto$proc_rom.cc:155:do_switch$757$rdmux[0][3][3]$a$5056 [0] 1'0 $memory$auto$proc_rom.cc:155:do_switch$757$rdmux[0][3][3]$a$5056 [0] $memory$auto$proc_rom.cc:155:do_switch$757$rdmux[0][3][3]$a$5056 [0] 1'0 }
    Consolidated identical input bits for $mux cell $memory$auto$proc_rom.cc:155:do_switch$749$rdmux[0][3][4]$5244:
      Old ports: A=7'1101111, B=7'0000000, Y=$memory$auto$proc_rom.cc:155:do_switch$749$rdmux[0][2][2]$a$5227
      New ports: A=1'1, B=1'0, Y=$memory$auto$proc_rom.cc:155:do_switch$749$rdmux[0][2][2]$a$5227 [0]
      New connections: $memory$auto$proc_rom.cc:155:do_switch$749$rdmux[0][2][2]$a$5227 [6:1] = { $memory$auto$proc_rom.cc:155:do_switch$749$rdmux[0][2][2]$a$5227 [0] $memory$auto$proc_rom.cc:155:do_switch$749$rdmux[0][2][2]$a$5227 [0] 1'0 $memory$auto$proc_rom.cc:155:do_switch$749$rdmux[0][2][2]$a$5227 [0] $memory$auto$proc_rom.cc:155:do_switch$749$rdmux[0][2][2]$a$5227 [0] $memory$auto$proc_rom.cc:155:do_switch$749$rdmux[0][2][2]$a$5227 [0] }
    Consolidated identical input bits for $mux cell $memory$auto$proc_rom.cc:155:do_switch$773$rdmux[0][4][7]$4719:
      Old ports: A=7'1101101, B=7'1001111, Y=$memory$auto$proc_rom.cc:155:do_switch$773$rdmux[0][3][3]$b$4685
      New ports: A=2'10, B=2'01, Y={ $memory$auto$proc_rom.cc:155:do_switch$773$rdmux[0][3][3]$b$4685 [5] $memory$auto$proc_rom.cc:155:do_switch$773$rdmux[0][3][3]$b$4685 [1] }
      New connections: { $memory$auto$proc_rom.cc:155:do_switch$773$rdmux[0][3][3]$b$4685 [6] $memory$auto$proc_rom.cc:155:do_switch$773$rdmux[0][3][3]$b$4685 [4:2] $memory$auto$proc_rom.cc:155:do_switch$773$rdmux[0][3][3]$b$4685 [0] } = 5'10111
    Consolidated identical input bits for $mux cell $memory$auto$proc_rom.cc:155:do_switch$773$rdmux[0][4][6]$4716:
      Old ports: A=7'1000000, B=7'1101101, Y=$memory$auto$proc_rom.cc:155:do_switch$773$rdmux[0][3][3]$a$4684
      New ports: A=1'0, B=1'1, Y=$memory$auto$proc_rom.cc:155:do_switch$773$rdmux[0][3][3]$a$4684 [0]
      New connections: $memory$auto$proc_rom.cc:155:do_switch$773$rdmux[0][3][3]$a$4684 [6:1] = { 1'1 $memory$auto$proc_rom.cc:155:do_switch$773$rdmux[0][3][3]$a$4684 [0] 1'0 $memory$auto$proc_rom.cc:155:do_switch$773$rdmux[0][3][3]$a$4684 [0] $memory$auto$proc_rom.cc:155:do_switch$773$rdmux[0][3][3]$a$4684 [0] 1'0 }
    Consolidated identical input bits for $mux cell $memory$auto$proc_rom.cc:155:do_switch$773$rdmux[0][4][5]$4713:
      Old ports: A=7'1110000, B=7'1111001, Y=$memory$auto$proc_rom.cc:155:do_switch$773$rdmux[0][3][2]$b$4682
      New ports: A=1'0, B=1'1, Y=$memory$auto$proc_rom.cc:155:do_switch$773$rdmux[0][3][2]$b$4682 [0]
      New connections: $memory$auto$proc_rom.cc:155:do_switch$773$rdmux[0][3][2]$b$4682 [6:1] = { 3'111 $memory$auto$proc_rom.cc:155:do_switch$773$rdmux[0][3][2]$b$4682 [0] 2'00 }
    Consolidated identical input bits for $mux cell $memory$auto$proc_rom.cc:155:do_switch$773$rdmux[0][4][4]$4710:
      Old ports: A=7'1111111, B=7'1000000, Y=$memory$auto$proc_rom.cc:155:do_switch$773$rdmux[0][3][2]$a$4681
      New ports: A=1'1, B=1'0, Y=$memory$auto$proc_rom.cc:155:do_switch$773$rdmux[0][3][2]$a$4681 [0]
      New connections: $memory$auto$proc_rom.cc:155:do_switch$773$rdmux[0][3][2]$a$4681 [6:1] = { 1'1 $memory$auto$proc_rom.cc:155:do_switch$773$rdmux[0][3][2]$a$4681 [0] $memory$auto$proc_rom.cc:155:do_switch$773$rdmux[0][3][2]$a$4681 [0] $memory$auto$proc_rom.cc:155:do_switch$773$rdmux[0][3][2]$a$4681 [0] $memory$auto$proc_rom.cc:155:do_switch$773$rdmux[0][3][2]$a$4681 [0] $memory$auto$proc_rom.cc:155:do_switch$773$rdmux[0][3][2]$a$4681 [0] }
    Consolidated identical input bits for $mux cell $memory$auto$proc_rom.cc:155:do_switch$773$rdmux[0][4][3]$4707:
      Old ports: A=7'1101111, B=7'0111111, Y=$memory$auto$proc_rom.cc:155:do_switch$773$rdmux[0][3][1]$b$4679
      New ports: A=2'10, B=2'01, Y={ $memory$auto$proc_rom.cc:155:do_switch$773$rdmux[0][3][1]$b$4679 [6] $memory$auto$proc_rom.cc:155:do_switch$773$rdmux[0][3][1]$b$4679 [4] }
      New connections: { $memory$auto$proc_rom.cc:155:do_switch$773$rdmux[0][3][1]$b$4679 [5] $memory$auto$proc_rom.cc:155:do_switch$773$rdmux[0][3][1]$b$4679 [3:0] } = 5'11111
    Consolidated identical input bits for $mux cell $memory$auto$proc_rom.cc:155:do_switch$773$rdmux[0][4][2]$4704:
      Old ports: A=7'0111111, B=7'1101101, Y=$memory$auto$proc_rom.cc:155:do_switch$773$rdmux[0][3][1]$a$4678
      New ports: A=2'01, B=2'10, Y={ $memory$auto$proc_rom.cc:155:do_switch$773$rdmux[0][3][1]$a$4678 [6] $memory$auto$proc_rom.cc:155:do_switch$773$rdmux[0][3][1]$a$4678 [1] }
      New connections: { $memory$auto$proc_rom.cc:155:do_switch$773$rdmux[0][3][1]$a$4678 [5:2] $memory$auto$proc_rom.cc:155:do_switch$773$rdmux[0][3][1]$a$4678 [0] } = { 1'1 $memory$auto$proc_rom.cc:155:do_switch$773$rdmux[0][3][1]$a$4678 [1] 3'111 }
    Consolidated identical input bits for $mux cell $memory$auto$proc_rom.cc:155:do_switch$773$rdmux[0][4][1]$4701:
      Old ports: A=7'1000000, B=7'1101101, Y=$memory$auto$proc_rom.cc:155:do_switch$773$rdmux[0][3][0]$b$4676
      New ports: A=1'0, B=1'1, Y=$memory$auto$proc_rom.cc:155:do_switch$773$rdmux[0][3][0]$b$4676 [0]
      New connections: $memory$auto$proc_rom.cc:155:do_switch$773$rdmux[0][3][0]$b$4676 [6:1] = { 1'1 $memory$auto$proc_rom.cc:155:do_switch$773$rdmux[0][3][0]$b$4676 [0] 1'0 $memory$auto$proc_rom.cc:155:do_switch$773$rdmux[0][3][0]$b$4676 [0] $memory$auto$proc_rom.cc:155:do_switch$773$rdmux[0][3][0]$b$4676 [0] 1'0 }
    Consolidated identical input bits for $mux cell $memory$auto$proc_rom.cc:155:do_switch$749$rdmux[0][4][7]$5277:
      Old ports: A=7'1101101, B=7'1001111, Y=$memory$auto$proc_rom.cc:155:do_switch$749$rdmux[0][3][3]$b$5243
      New ports: A=2'10, B=2'01, Y={ $memory$auto$proc_rom.cc:155:do_switch$749$rdmux[0][3][3]$b$5243 [5] $memory$auto$proc_rom.cc:155:do_switch$749$rdmux[0][3][3]$b$5243 [1] }
      New connections: { $memory$auto$proc_rom.cc:155:do_switch$749$rdmux[0][3][3]$b$5243 [6] $memory$auto$proc_rom.cc:155:do_switch$749$rdmux[0][3][3]$b$5243 [4:2] $memory$auto$proc_rom.cc:155:do_switch$749$rdmux[0][3][3]$b$5243 [0] } = 5'10111
    Consolidated identical input bits for $mux cell $memory$auto$proc_rom.cc:155:do_switch$749$rdmux[0][4][6]$5274:
      Old ports: A=7'1000000, B=7'1101101, Y=$memory$auto$proc_rom.cc:155:do_switch$749$rdmux[0][3][3]$a$5242
      New ports: A=1'0, B=1'1, Y=$memory$auto$proc_rom.cc:155:do_switch$749$rdmux[0][3][3]$a$5242 [0]
      New connections: $memory$auto$proc_rom.cc:155:do_switch$749$rdmux[0][3][3]$a$5242 [6:1] = { 1'1 $memory$auto$proc_rom.cc:155:do_switch$749$rdmux[0][3][3]$a$5242 [0] 1'0 $memory$auto$proc_rom.cc:155:do_switch$749$rdmux[0][3][3]$a$5242 [0] $memory$auto$proc_rom.cc:155:do_switch$749$rdmux[0][3][3]$a$5242 [0] 1'0 }
    Consolidated identical input bits for $mux cell $memory$auto$proc_rom.cc:155:do_switch$749$rdmux[0][4][5]$5271:
      Old ports: A=7'1110000, B=7'1111001, Y=$memory$auto$proc_rom.cc:155:do_switch$749$rdmux[0][3][2]$b$5240
      New ports: A=1'0, B=1'1, Y=$memory$auto$proc_rom.cc:155:do_switch$749$rdmux[0][3][2]$b$5240 [0]
      New connections: $memory$auto$proc_rom.cc:155:do_switch$749$rdmux[0][3][2]$b$5240 [6:1] = { 3'111 $memory$auto$proc_rom.cc:155:do_switch$749$rdmux[0][3][2]$b$5240 [0] 2'00 }
    Consolidated identical input bits for $mux cell $memory$auto$proc_rom.cc:155:do_switch$749$rdmux[0][4][4]$5268:
      Old ports: A=7'1111111, B=7'1000000, Y=$memory$auto$proc_rom.cc:155:do_switch$749$rdmux[0][3][2]$a$5239
      New ports: A=1'1, B=1'0, Y=$memory$auto$proc_rom.cc:155:do_switch$749$rdmux[0][3][2]$a$5239 [0]
      New connections: $memory$auto$proc_rom.cc:155:do_switch$749$rdmux[0][3][2]$a$5239 [6:1] = { 1'1 $memory$auto$proc_rom.cc:155:do_switch$749$rdmux[0][3][2]$a$5239 [0] $memory$auto$proc_rom.cc:155:do_switch$749$rdmux[0][3][2]$a$5239 [0] $memory$auto$proc_rom.cc:155:do_switch$749$rdmux[0][3][2]$a$5239 [0] $memory$auto$proc_rom.cc:155:do_switch$749$rdmux[0][3][2]$a$5239 [0] $memory$auto$proc_rom.cc:155:do_switch$749$rdmux[0][3][2]$a$5239 [0] }
    Consolidated identical input bits for $mux cell $memory$auto$proc_rom.cc:155:do_switch$773$rdmux[0][3][4]$4686:
      Old ports: A=7'1101111, B=7'0000000, Y=$memory$auto$proc_rom.cc:155:do_switch$773$rdmux[0][2][2]$a$4669
      New ports: A=1'1, B=1'0, Y=$memory$auto$proc_rom.cc:155:do_switch$773$rdmux[0][2][2]$a$4669 [0]
      New connections: $memory$auto$proc_rom.cc:155:do_switch$773$rdmux[0][2][2]$a$4669 [6:1] = { $memory$auto$proc_rom.cc:155:do_switch$773$rdmux[0][2][2]$a$4669 [0] $memory$auto$proc_rom.cc:155:do_switch$773$rdmux[0][2][2]$a$4669 [0] 1'0 $memory$auto$proc_rom.cc:155:do_switch$773$rdmux[0][2][2]$a$4669 [0] $memory$auto$proc_rom.cc:155:do_switch$773$rdmux[0][2][2]$a$4669 [0] $memory$auto$proc_rom.cc:155:do_switch$773$rdmux[0][2][2]$a$4669 [0] }
    Consolidated identical input bits for $mux cell $memory$auto$proc_rom.cc:155:do_switch$749$rdmux[0][4][3]$5265:
      Old ports: A=7'1101111, B=7'0111111, Y=$memory$auto$proc_rom.cc:155:do_switch$749$rdmux[0][3][1]$b$5237
      New ports: A=2'10, B=2'01, Y={ $memory$auto$proc_rom.cc:155:do_switch$749$rdmux[0][3][1]$b$5237 [6] $memory$auto$proc_rom.cc:155:do_switch$749$rdmux[0][3][1]$b$5237 [4] }
      New connections: { $memory$auto$proc_rom.cc:155:do_switch$749$rdmux[0][3][1]$b$5237 [5] $memory$auto$proc_rom.cc:155:do_switch$749$rdmux[0][3][1]$b$5237 [3:0] } = 5'11111
    New ctrl vector for $pmux cell $flatten\u_tm1638.$procmux$997: { $flatten\u_tm1638.$procmux$1004_CMP $flatten\u_tm1638.$procmux$1000_CMP }
    Consolidated identical input bits for $mux cell $memory$auto$proc_rom.cc:155:do_switch$745$rdmux[0][3][4]$5337:
      Old ports: A=7'1101111, B=7'0000000, Y=$memory$auto$proc_rom.cc:155:do_switch$745$rdmux[0][2][2]$a$5320
      New ports: A=1'1, B=1'0, Y=$memory$auto$proc_rom.cc:155:do_switch$745$rdmux[0][2][2]$a$5320 [0]
      New connections: $memory$auto$proc_rom.cc:155:do_switch$745$rdmux[0][2][2]$a$5320 [6:1] = { $memory$auto$proc_rom.cc:155:do_switch$745$rdmux[0][2][2]$a$5320 [0] $memory$auto$proc_rom.cc:155:do_switch$745$rdmux[0][2][2]$a$5320 [0] 1'0 $memory$auto$proc_rom.cc:155:do_switch$745$rdmux[0][2][2]$a$5320 [0] $memory$auto$proc_rom.cc:155:do_switch$745$rdmux[0][2][2]$a$5320 [0] $memory$auto$proc_rom.cc:155:do_switch$745$rdmux[0][2][2]$a$5320 [0] }
    Consolidated identical input bits for $mux cell $memory$auto$proc_rom.cc:155:do_switch$757$rdmux[0][4][5]$5085:
      Old ports: A=7'1110000, B=7'1111001, Y=$memory$auto$proc_rom.cc:155:do_switch$757$rdmux[0][3][2]$b$5054
      New ports: A=1'0, B=1'1, Y=$memory$auto$proc_rom.cc:155:do_switch$757$rdmux[0][3][2]$b$5054 [0]
      New connections: $memory$auto$proc_rom.cc:155:do_switch$757$rdmux[0][3][2]$b$5054 [6:1] = { 3'111 $memory$auto$proc_rom.cc:155:do_switch$757$rdmux[0][3][2]$b$5054 [0] 2'00 }
    Consolidated identical input bits for $mux cell $memory$auto$proc_rom.cc:155:do_switch$753$rdmux[0][3][4]$5151:
      Old ports: A=7'1101111, B=7'0000000, Y=$memory$auto$proc_rom.cc:155:do_switch$753$rdmux[0][2][2]$a$5134
      New ports: A=1'1, B=1'0, Y=$memory$auto$proc_rom.cc:155:do_switch$753$rdmux[0][2][2]$a$5134 [0]
      New connections: $memory$auto$proc_rom.cc:155:do_switch$753$rdmux[0][2][2]$a$5134 [6:1] = { $memory$auto$proc_rom.cc:155:do_switch$753$rdmux[0][2][2]$a$5134 [0] $memory$auto$proc_rom.cc:155:do_switch$753$rdmux[0][2][2]$a$5134 [0] 1'0 $memory$auto$proc_rom.cc:155:do_switch$753$rdmux[0][2][2]$a$5134 [0] $memory$auto$proc_rom.cc:155:do_switch$753$rdmux[0][2][2]$a$5134 [0] $memory$auto$proc_rom.cc:155:do_switch$753$rdmux[0][2][2]$a$5134 [0] }
    Consolidated identical input bits for $mux cell $memory$auto$proc_rom.cc:155:do_switch$749$rdmux[0][4][2]$5262:
      Old ports: A=7'0111111, B=7'1101101, Y=$memory$auto$proc_rom.cc:155:do_switch$749$rdmux[0][3][1]$a$5236
      New ports: A=2'01, B=2'10, Y={ $memory$auto$proc_rom.cc:155:do_switch$749$rdmux[0][3][1]$a$5236 [6] $memory$auto$proc_rom.cc:155:do_switch$749$rdmux[0][3][1]$a$5236 [1] }
      New connections: { $memory$auto$proc_rom.cc:155:do_switch$749$rdmux[0][3][1]$a$5236 [5:2] $memory$auto$proc_rom.cc:155:do_switch$749$rdmux[0][3][1]$a$5236 [0] } = { 1'1 $memory$auto$proc_rom.cc:155:do_switch$749$rdmux[0][3][1]$a$5236 [1] 3'111 }
    Consolidated identical input bits for $mux cell $memory$auto$proc_rom.cc:155:do_switch$745$rdmux[0][4][7]$5370:
      Old ports: A=7'1101101, B=7'1001111, Y=$memory$auto$proc_rom.cc:155:do_switch$745$rdmux[0][3][3]$b$5336
      New ports: A=2'10, B=2'01, Y={ $memory$auto$proc_rom.cc:155:do_switch$745$rdmux[0][3][3]$b$5336 [5] $memory$auto$proc_rom.cc:155:do_switch$745$rdmux[0][3][3]$b$5336 [1] }
      New connections: { $memory$auto$proc_rom.cc:155:do_switch$745$rdmux[0][3][3]$b$5336 [6] $memory$auto$proc_rom.cc:155:do_switch$745$rdmux[0][3][3]$b$5336 [4:2] $memory$auto$proc_rom.cc:155:do_switch$745$rdmux[0][3][3]$b$5336 [0] } = 5'10111
    Consolidated identical input bits for $mux cell $ternary$rtl/top_tm1638_demo.v:74$422:
      Old ports: A=3'000, B=3'100, Y=$auto$wreduce.cc:513:run$4304 [2:0]
      New ports: A=1'0, B=1'1, Y=$auto$wreduce.cc:513:run$4304 [2]
      New connections: $auto$wreduce.cc:513:run$4304 [1:0] = 2'00
    Consolidated identical input bits for $mux cell $ternary$rtl/top_tm1638_demo.v:66$415:
      Old ports: A=2'00, B=2'10, Y=$ternary$rtl/top_tm1638_demo.v:66$415_Y
      New ports: A=1'0, B=1'1, Y=$ternary$rtl/top_tm1638_demo.v:66$415_Y [1]
      New connections: $ternary$rtl/top_tm1638_demo.v:66$415_Y [0] = 1'0
  Optimizing cells in module \top_tm1638_demo.
    Consolidated identical input bits for $mux cell $memory$auto$proc_rom.cc:155:do_switch$753$rdmux[0][3][3]$5148:
      Old ports: A=$memory$auto$proc_rom.cc:155:do_switch$753$rdmux[0][3][3]$a$5149, B=$memory$auto$proc_rom.cc:155:do_switch$753$rdmux[0][3][3]$b$5150, Y=$memory$auto$proc_rom.cc:155:do_switch$753$rdmux[0][2][1]$b$5132
      New ports: A={ $memory$auto$proc_rom.cc:155:do_switch$753$rdmux[0][3][3]$a$5149 [0] 1'0 $memory$auto$proc_rom.cc:155:do_switch$753$rdmux[0][3][3]$a$5149 [0] }, B={ $memory$auto$proc_rom.cc:155:do_switch$753$rdmux[0][3][3]$b$5150 [5] $memory$auto$proc_rom.cc:155:do_switch$753$rdmux[0][3][3]$b$5150 [1] 1'1 }, Y={ $memory$auto$proc_rom.cc:155:do_switch$753$rdmux[0][2][1]$b$5132 [5] $memory$auto$proc_rom.cc:155:do_switch$753$rdmux[0][2][1]$b$5132 [1:0] }
      New connections: { $memory$auto$proc_rom.cc:155:do_switch$753$rdmux[0][2][1]$b$5132 [6] $memory$auto$proc_rom.cc:155:do_switch$753$rdmux[0][2][1]$b$5132 [4:2] } = { 2'10 $memory$auto$proc_rom.cc:155:do_switch$753$rdmux[0][2][1]$b$5132 [0] $memory$auto$proc_rom.cc:155:do_switch$753$rdmux[0][2][1]$b$5132 [0] }
    Consolidated identical input bits for $mux cell $memory$auto$proc_rom.cc:155:do_switch$753$rdmux[0][3][2]$5145:
      Old ports: A=$memory$auto$proc_rom.cc:155:do_switch$753$rdmux[0][3][2]$a$5146, B=$memory$auto$proc_rom.cc:155:do_switch$753$rdmux[0][3][2]$b$5147, Y=$memory$auto$proc_rom.cc:155:do_switch$753$rdmux[0][2][1]$a$5131
      New ports: A={ $memory$auto$proc_rom.cc:155:do_switch$753$rdmux[0][3][2]$a$5146 [0] $memory$auto$proc_rom.cc:155:do_switch$753$rdmux[0][3][2]$a$5146 [0] $memory$auto$proc_rom.cc:155:do_switch$753$rdmux[0][3][2]$a$5146 [0] }, B={ 2'10 $memory$auto$proc_rom.cc:155:do_switch$753$rdmux[0][3][2]$b$5147 [0] }, Y={ $memory$auto$proc_rom.cc:155:do_switch$753$rdmux[0][2][1]$a$5131 [4] $memory$auto$proc_rom.cc:155:do_switch$753$rdmux[0][2][1]$a$5131 [1:0] }
      New connections: { $memory$auto$proc_rom.cc:155:do_switch$753$rdmux[0][2][1]$a$5131 [6:5] $memory$auto$proc_rom.cc:155:do_switch$753$rdmux[0][2][1]$a$5131 [3:2] } = { 1'1 $memory$auto$proc_rom.cc:155:do_switch$753$rdmux[0][2][1]$a$5131 [4] $memory$auto$proc_rom.cc:155:do_switch$753$rdmux[0][2][1]$a$5131 [0] $memory$auto$proc_rom.cc:155:do_switch$753$rdmux[0][2][1]$a$5131 [1] }
    Consolidated identical input bits for $mux cell $memory$auto$proc_rom.cc:155:do_switch$757$rdmux[0][3][3]$5055:
      Old ports: A=$memory$auto$proc_rom.cc:155:do_switch$757$rdmux[0][3][3]$a$5056, B=$memory$auto$proc_rom.cc:155:do_switch$757$rdmux[0][3][3]$b$5057, Y=$memory$auto$proc_rom.cc:155:do_switch$757$rdmux[0][2][1]$b$5039
      New ports: A={ $memory$auto$proc_rom.cc:155:do_switch$757$rdmux[0][3][3]$a$5056 [0] 1'0 $memory$auto$proc_rom.cc:155:do_switch$757$rdmux[0][3][3]$a$5056 [0] }, B={ $memory$auto$proc_rom.cc:155:do_switch$757$rdmux[0][3][3]$b$5057 [5] $memory$auto$proc_rom.cc:155:do_switch$757$rdmux[0][3][3]$b$5057 [1] 1'1 }, Y={ $memory$auto$proc_rom.cc:155:do_switch$757$rdmux[0][2][1]$b$5039 [5] $memory$auto$proc_rom.cc:155:do_switch$757$rdmux[0][2][1]$b$5039 [1:0] }
      New connections: { $memory$auto$proc_rom.cc:155:do_switch$757$rdmux[0][2][1]$b$5039 [6] $memory$auto$proc_rom.cc:155:do_switch$757$rdmux[0][2][1]$b$5039 [4:2] } = { 2'10 $memory$auto$proc_rom.cc:155:do_switch$757$rdmux[0][2][1]$b$5039 [0] $memory$auto$proc_rom.cc:155:do_switch$757$rdmux[0][2][1]$b$5039 [0] }
    Consolidated identical input bits for $mux cell $memory$auto$proc_rom.cc:155:do_switch$757$rdmux[0][3][2]$5052:
      Old ports: A=$memory$auto$proc_rom.cc:155:do_switch$757$rdmux[0][3][2]$a$5053, B=$memory$auto$proc_rom.cc:155:do_switch$757$rdmux[0][3][2]$b$5054, Y=$memory$auto$proc_rom.cc:155:do_switch$757$rdmux[0][2][1]$a$5038
      New ports: A={ $memory$auto$proc_rom.cc:155:do_switch$757$rdmux[0][3][2]$a$5053 [0] $memory$auto$proc_rom.cc:155:do_switch$757$rdmux[0][3][2]$a$5053 [0] $memory$auto$proc_rom.cc:155:do_switch$757$rdmux[0][3][2]$a$5053 [0] }, B={ 2'10 $memory$auto$proc_rom.cc:155:do_switch$757$rdmux[0][3][2]$b$5054 [0] }, Y={ $memory$auto$proc_rom.cc:155:do_switch$757$rdmux[0][2][1]$a$5038 [4] $memory$auto$proc_rom.cc:155:do_switch$757$rdmux[0][2][1]$a$5038 [1:0] }
      New connections: { $memory$auto$proc_rom.cc:155:do_switch$757$rdmux[0][2][1]$a$5038 [6:5] $memory$auto$proc_rom.cc:155:do_switch$757$rdmux[0][2][1]$a$5038 [3:2] } = { 1'1 $memory$auto$proc_rom.cc:155:do_switch$757$rdmux[0][2][1]$a$5038 [4] $memory$auto$proc_rom.cc:155:do_switch$757$rdmux[0][2][1]$a$5038 [0] $memory$auto$proc_rom.cc:155:do_switch$757$rdmux[0][2][1]$a$5038 [1] }
    Consolidated identical input bits for $mux cell $memory$auto$proc_rom.cc:155:do_switch$757$rdmux[0][3][1]$5049:
      Old ports: A=$memory$auto$proc_rom.cc:155:do_switch$757$rdmux[0][3][1]$a$5050, B=$memory$auto$proc_rom.cc:155:do_switch$757$rdmux[0][3][1]$b$5051, Y=$memory$auto$proc_rom.cc:155:do_switch$757$rdmux[0][2][0]$b$5036
      New ports: A={ $memory$auto$proc_rom.cc:155:do_switch$757$rdmux[0][3][1]$a$5050 [6] $memory$auto$proc_rom.cc:155:do_switch$757$rdmux[0][3][1]$a$5050 [1] $memory$auto$proc_rom.cc:155:do_switch$757$rdmux[0][3][1]$a$5050 [1] }, B={ $memory$auto$proc_rom.cc:155:do_switch$757$rdmux[0][3][1]$b$5051 [6] $memory$auto$proc_rom.cc:155:do_switch$757$rdmux[0][3][1]$b$5051 [4] 1'1 }, Y={ $memory$auto$proc_rom.cc:155:do_switch$757$rdmux[0][2][0]$b$5036 [6] $memory$auto$proc_rom.cc:155:do_switch$757$rdmux[0][2][0]$b$5036 [4] $memory$auto$proc_rom.cc:155:do_switch$757$rdmux[0][2][0]$b$5036 [1] }
      New connections: { $memory$auto$proc_rom.cc:155:do_switch$757$rdmux[0][2][0]$b$5036 [5] $memory$auto$proc_rom.cc:155:do_switch$757$rdmux[0][2][0]$b$5036 [3:2] $memory$auto$proc_rom.cc:155:do_switch$757$rdmux[0][2][0]$b$5036 [0] } = 4'1111
    Consolidated identical input bits for $mux cell $memory$auto$proc_rom.cc:155:do_switch$757$rdmux[0][3][0]$5046:
      Old ports: A=7'1011011, B=$memory$auto$proc_rom.cc:155:do_switch$757$rdmux[0][3][0]$b$5048, Y=$memory$auto$proc_rom.cc:155:do_switch$757$rdmux[0][2][0]$a$5035
      New ports: A=3'011, B={ $memory$auto$proc_rom.cc:155:do_switch$757$rdmux[0][3][0]$b$5048 [0] 1'0 $memory$auto$proc_rom.cc:155:do_switch$757$rdmux[0][3][0]$b$5048 [0] }, Y=$memory$auto$proc_rom.cc:155:do_switch$757$rdmux[0][2][0]$a$5035 [2:0]
      New connections: $memory$auto$proc_rom.cc:155:do_switch$757$rdmux[0][2][0]$a$5035 [6:3] = { 1'1 $memory$auto$proc_rom.cc:155:do_switch$757$rdmux[0][2][0]$a$5035 [2:0] }
    Consolidated identical input bits for $mux cell $memory$auto$proc_rom.cc:155:do_switch$753$rdmux[0][2][2]$5133:
      Old ports: A=$memory$auto$proc_rom.cc:155:do_switch$753$rdmux[0][2][2]$a$5134, B=7'0000000, Y=$memory$auto$proc_rom.cc:155:do_switch$753$rdmux[0][1][1]$a$5125
      New ports: A=$memory$auto$proc_rom.cc:155:do_switch$753$rdmux[0][2][2]$a$5134 [0], B=1'0, Y=$memory$auto$proc_rom.cc:155:do_switch$753$rdmux[0][1][1]$a$5125 [0]
      New connections: $memory$auto$proc_rom.cc:155:do_switch$753$rdmux[0][1][1]$a$5125 [6:1] = { $memory$auto$proc_rom.cc:155:do_switch$753$rdmux[0][1][1]$a$5125 [0] $memory$auto$proc_rom.cc:155:do_switch$753$rdmux[0][1][1]$a$5125 [0] 1'0 $memory$auto$proc_rom.cc:155:do_switch$753$rdmux[0][1][1]$a$5125 [0] $memory$auto$proc_rom.cc:155:do_switch$753$rdmux[0][1][1]$a$5125 [0] $memory$auto$proc_rom.cc:155:do_switch$753$rdmux[0][1][1]$a$5125 [0] }
    Consolidated identical input bits for $mux cell $memory$auto$proc_rom.cc:155:do_switch$757$rdmux[0][2][2]$5040:
      Old ports: A=$memory$auto$proc_rom.cc:155:do_switch$757$rdmux[0][2][2]$a$5041, B=7'0000000, Y=$memory$auto$proc_rom.cc:155:do_switch$757$rdmux[0][1][1]$a$5032
      New ports: A=$memory$auto$proc_rom.cc:155:do_switch$757$rdmux[0][2][2]$a$5041 [0], B=1'0, Y=$memory$auto$proc_rom.cc:155:do_switch$757$rdmux[0][1][1]$a$5032 [0]
      New connections: $memory$auto$proc_rom.cc:155:do_switch$757$rdmux[0][1][1]$a$5032 [6:1] = { $memory$auto$proc_rom.cc:155:do_switch$757$rdmux[0][1][1]$a$5032 [0] $memory$auto$proc_rom.cc:155:do_switch$757$rdmux[0][1][1]$a$5032 [0] 1'0 $memory$auto$proc_rom.cc:155:do_switch$757$rdmux[0][1][1]$a$5032 [0] $memory$auto$proc_rom.cc:155:do_switch$757$rdmux[0][1][1]$a$5032 [0] $memory$auto$proc_rom.cc:155:do_switch$757$rdmux[0][1][1]$a$5032 [0] }
    Consolidated identical input bits for $mux cell $memory$auto$proc_rom.cc:155:do_switch$761$rdmux[0][3][3]$4962:
      Old ports: A=$memory$auto$proc_rom.cc:155:do_switch$761$rdmux[0][3][3]$a$4963, B=$memory$auto$proc_rom.cc:155:do_switch$761$rdmux[0][3][3]$b$4964, Y=$memory$auto$proc_rom.cc:155:do_switch$761$rdmux[0][2][1]$b$4946
      New ports: A={ $memory$auto$proc_rom.cc:155:do_switch$761$rdmux[0][3][3]$a$4963 [0] 1'0 $memory$auto$proc_rom.cc:155:do_switch$761$rdmux[0][3][3]$a$4963 [0] }, B={ $memory$auto$proc_rom.cc:155:do_switch$761$rdmux[0][3][3]$b$4964 [5] $memory$auto$proc_rom.cc:155:do_switch$761$rdmux[0][3][3]$b$4964 [1] 1'1 }, Y={ $memory$auto$proc_rom.cc:155:do_switch$761$rdmux[0][2][1]$b$4946 [5] $memory$auto$proc_rom.cc:155:do_switch$761$rdmux[0][2][1]$b$4946 [1:0] }
      New connections: { $memory$auto$proc_rom.cc:155:do_switch$761$rdmux[0][2][1]$b$4946 [6] $memory$auto$proc_rom.cc:155:do_switch$761$rdmux[0][2][1]$b$4946 [4:2] } = { 2'10 $memory$auto$proc_rom.cc:155:do_switch$761$rdmux[0][2][1]$b$4946 [0] $memory$auto$proc_rom.cc:155:do_switch$761$rdmux[0][2][1]$b$4946 [0] }
    Consolidated identical input bits for $mux cell $memory$auto$proc_rom.cc:155:do_switch$761$rdmux[0][3][2]$4959:
      Old ports: A=$memory$auto$proc_rom.cc:155:do_switch$761$rdmux[0][3][2]$a$4960, B=$memory$auto$proc_rom.cc:155:do_switch$761$rdmux[0][3][2]$b$4961, Y=$memory$auto$proc_rom.cc:155:do_switch$761$rdmux[0][2][1]$a$4945
      New ports: A={ $memory$auto$proc_rom.cc:155:do_switch$761$rdmux[0][3][2]$a$4960 [0] $memory$auto$proc_rom.cc:155:do_switch$761$rdmux[0][3][2]$a$4960 [0] $memory$auto$proc_rom.cc:155:do_switch$761$rdmux[0][3][2]$a$4960 [0] }, B={ 2'10 $memory$auto$proc_rom.cc:155:do_switch$761$rdmux[0][3][2]$b$4961 [0] }, Y={ $memory$auto$proc_rom.cc:155:do_switch$761$rdmux[0][2][1]$a$4945 [4] $memory$auto$proc_rom.cc:155:do_switch$761$rdmux[0][2][1]$a$4945 [1:0] }
      New connections: { $memory$auto$proc_rom.cc:155:do_switch$761$rdmux[0][2][1]$a$4945 [6:5] $memory$auto$proc_rom.cc:155:do_switch$761$rdmux[0][2][1]$a$4945 [3:2] } = { 1'1 $memory$auto$proc_rom.cc:155:do_switch$761$rdmux[0][2][1]$a$4945 [4] $memory$auto$proc_rom.cc:155:do_switch$761$rdmux[0][2][1]$a$4945 [0] $memory$auto$proc_rom.cc:155:do_switch$761$rdmux[0][2][1]$a$4945 [1] }
    Consolidated identical input bits for $mux cell $memory$auto$proc_rom.cc:155:do_switch$761$rdmux[0][3][1]$4956:
      Old ports: A=$memory$auto$proc_rom.cc:155:do_switch$761$rdmux[0][3][1]$a$4957, B=$memory$auto$proc_rom.cc:155:do_switch$761$rdmux[0][3][1]$b$4958, Y=$memory$auto$proc_rom.cc:155:do_switch$761$rdmux[0][2][0]$b$4943
      New ports: A={ $memory$auto$proc_rom.cc:155:do_switch$761$rdmux[0][3][1]$a$4957 [6] $memory$auto$proc_rom.cc:155:do_switch$761$rdmux[0][3][1]$a$4957 [1] $memory$auto$proc_rom.cc:155:do_switch$761$rdmux[0][3][1]$a$4957 [1] }, B={ $memory$auto$proc_rom.cc:155:do_switch$761$rdmux[0][3][1]$b$4958 [6] $memory$auto$proc_rom.cc:155:do_switch$761$rdmux[0][3][1]$b$4958 [4] 1'1 }, Y={ $memory$auto$proc_rom.cc:155:do_switch$761$rdmux[0][2][0]$b$4943 [6] $memory$auto$proc_rom.cc:155:do_switch$761$rdmux[0][2][0]$b$4943 [4] $memory$auto$proc_rom.cc:155:do_switch$761$rdmux[0][2][0]$b$4943 [1] }
      New connections: { $memory$auto$proc_rom.cc:155:do_switch$761$rdmux[0][2][0]$b$4943 [5] $memory$auto$proc_rom.cc:155:do_switch$761$rdmux[0][2][0]$b$4943 [3:2] $memory$auto$proc_rom.cc:155:do_switch$761$rdmux[0][2][0]$b$4943 [0] } = 4'1111
    Consolidated identical input bits for $mux cell $memory$auto$proc_rom.cc:155:do_switch$761$rdmux[0][3][0]$4953:
      Old ports: A=7'1011011, B=$memory$auto$proc_rom.cc:155:do_switch$761$rdmux[0][3][0]$b$4955, Y=$memory$auto$proc_rom.cc:155:do_switch$761$rdmux[0][2][0]$a$4942
      New ports: A=3'011, B={ $memory$auto$proc_rom.cc:155:do_switch$761$rdmux[0][3][0]$b$4955 [0] 1'0 $memory$auto$proc_rom.cc:155:do_switch$761$rdmux[0][3][0]$b$4955 [0] }, Y=$memory$auto$proc_rom.cc:155:do_switch$761$rdmux[0][2][0]$a$4942 [2:0]
      New connections: $memory$auto$proc_rom.cc:155:do_switch$761$rdmux[0][2][0]$a$4942 [6:3] = { 1'1 $memory$auto$proc_rom.cc:155:do_switch$761$rdmux[0][2][0]$a$4942 [2:0] }
    Consolidated identical input bits for $mux cell $memory$auto$proc_rom.cc:155:do_switch$761$rdmux[0][2][2]$4947:
      Old ports: A=$memory$auto$proc_rom.cc:155:do_switch$761$rdmux[0][2][2]$a$4948, B=7'0000000, Y=$memory$auto$proc_rom.cc:155:do_switch$761$rdmux[0][1][1]$a$4939
      New ports: A=$memory$auto$proc_rom.cc:155:do_switch$761$rdmux[0][2][2]$a$4948 [0], B=1'0, Y=$memory$auto$proc_rom.cc:155:do_switch$761$rdmux[0][1][1]$a$4939 [0]
      New connections: $memory$auto$proc_rom.cc:155:do_switch$761$rdmux[0][1][1]$a$4939 [6:1] = { $memory$auto$proc_rom.cc:155:do_switch$761$rdmux[0][1][1]$a$4939 [0] $memory$auto$proc_rom.cc:155:do_switch$761$rdmux[0][1][1]$a$4939 [0] 1'0 $memory$auto$proc_rom.cc:155:do_switch$761$rdmux[0][1][1]$a$4939 [0] $memory$auto$proc_rom.cc:155:do_switch$761$rdmux[0][1][1]$a$4939 [0] $memory$auto$proc_rom.cc:155:do_switch$761$rdmux[0][1][1]$a$4939 [0] }
    Consolidated identical input bits for $mux cell $memory$auto$proc_rom.cc:155:do_switch$749$rdmux[0][3][1]$5235:
      Old ports: A=$memory$auto$proc_rom.cc:155:do_switch$749$rdmux[0][3][1]$a$5236, B=$memory$auto$proc_rom.cc:155:do_switch$749$rdmux[0][3][1]$b$5237, Y=$memory$auto$proc_rom.cc:155:do_switch$749$rdmux[0][2][0]$b$5222
      New ports: A={ $memory$auto$proc_rom.cc:155:do_switch$749$rdmux[0][3][1]$a$5236 [6] $memory$auto$proc_rom.cc:155:do_switch$749$rdmux[0][3][1]$a$5236 [1] $memory$auto$proc_rom.cc:155:do_switch$749$rdmux[0][3][1]$a$5236 [1] }, B={ $memory$auto$proc_rom.cc:155:do_switch$749$rdmux[0][3][1]$b$5237 [6] $memory$auto$proc_rom.cc:155:do_switch$749$rdmux[0][3][1]$b$5237 [4] 1'1 }, Y={ $memory$auto$proc_rom.cc:155:do_switch$749$rdmux[0][2][0]$b$5222 [6] $memory$auto$proc_rom.cc:155:do_switch$749$rdmux[0][2][0]$b$5222 [4] $memory$auto$proc_rom.cc:155:do_switch$749$rdmux[0][2][0]$b$5222 [1] }
      New connections: { $memory$auto$proc_rom.cc:155:do_switch$749$rdmux[0][2][0]$b$5222 [5] $memory$auto$proc_rom.cc:155:do_switch$749$rdmux[0][2][0]$b$5222 [3:2] $memory$auto$proc_rom.cc:155:do_switch$749$rdmux[0][2][0]$b$5222 [0] } = 4'1111
    Consolidated identical input bits for $mux cell $memory$auto$proc_rom.cc:155:do_switch$749$rdmux[0][2][2]$5226:
      Old ports: A=$memory$auto$proc_rom.cc:155:do_switch$749$rdmux[0][2][2]$a$5227, B=7'0000000, Y=$memory$auto$proc_rom.cc:155:do_switch$749$rdmux[0][1][1]$a$5218
      New ports: A=$memory$auto$proc_rom.cc:155:do_switch$749$rdmux[0][2][2]$a$5227 [0], B=1'0, Y=$memory$auto$proc_rom.cc:155:do_switch$749$rdmux[0][1][1]$a$5218 [0]
      New connections: $memory$auto$proc_rom.cc:155:do_switch$749$rdmux[0][1][1]$a$5218 [6:1] = { $memory$auto$proc_rom.cc:155:do_switch$749$rdmux[0][1][1]$a$5218 [0] $memory$auto$proc_rom.cc:155:do_switch$749$rdmux[0][1][1]$a$5218 [0] 1'0 $memory$auto$proc_rom.cc:155:do_switch$749$rdmux[0][1][1]$a$5218 [0] $memory$auto$proc_rom.cc:155:do_switch$749$rdmux[0][1][1]$a$5218 [0] $memory$auto$proc_rom.cc:155:do_switch$749$rdmux[0][1][1]$a$5218 [0] }
    Consolidated identical input bits for $mux cell $memory$auto$proc_rom.cc:155:do_switch$749$rdmux[0][3][0]$5232:
      Old ports: A=7'1011011, B=$memory$auto$proc_rom.cc:155:do_switch$749$rdmux[0][3][0]$b$5234, Y=$memory$auto$proc_rom.cc:155:do_switch$749$rdmux[0][2][0]$a$5221
      New ports: A=3'011, B={ $memory$auto$proc_rom.cc:155:do_switch$749$rdmux[0][3][0]$b$5234 [0] 1'0 $memory$auto$proc_rom.cc:155:do_switch$749$rdmux[0][3][0]$b$5234 [0] }, Y=$memory$auto$proc_rom.cc:155:do_switch$749$rdmux[0][2][0]$a$5221 [2:0]
      New connections: $memory$auto$proc_rom.cc:155:do_switch$749$rdmux[0][2][0]$a$5221 [6:3] = { 1'1 $memory$auto$proc_rom.cc:155:do_switch$749$rdmux[0][2][0]$a$5221 [2:0] }
    Consolidated identical input bits for $mux cell $memory$auto$proc_rom.cc:155:do_switch$765$rdmux[0][3][3]$4869:
      Old ports: A=$memory$auto$proc_rom.cc:155:do_switch$765$rdmux[0][3][3]$a$4870, B=$memory$auto$proc_rom.cc:155:do_switch$765$rdmux[0][3][3]$b$4871, Y=$memory$auto$proc_rom.cc:155:do_switch$765$rdmux[0][2][1]$b$4853
      New ports: A={ $memory$auto$proc_rom.cc:155:do_switch$765$rdmux[0][3][3]$a$4870 [0] 1'0 $memory$auto$proc_rom.cc:155:do_switch$765$rdmux[0][3][3]$a$4870 [0] }, B={ $memory$auto$proc_rom.cc:155:do_switch$765$rdmux[0][3][3]$b$4871 [5] $memory$auto$proc_rom.cc:155:do_switch$765$rdmux[0][3][3]$b$4871 [1] 1'1 }, Y={ $memory$auto$proc_rom.cc:155:do_switch$765$rdmux[0][2][1]$b$4853 [5] $memory$auto$proc_rom.cc:155:do_switch$765$rdmux[0][2][1]$b$4853 [1:0] }
      New connections: { $memory$auto$proc_rom.cc:155:do_switch$765$rdmux[0][2][1]$b$4853 [6] $memory$auto$proc_rom.cc:155:do_switch$765$rdmux[0][2][1]$b$4853 [4:2] } = { 2'10 $memory$auto$proc_rom.cc:155:do_switch$765$rdmux[0][2][1]$b$4853 [0] $memory$auto$proc_rom.cc:155:do_switch$765$rdmux[0][2][1]$b$4853 [0] }
    Consolidated identical input bits for $mux cell $memory$auto$proc_rom.cc:155:do_switch$765$rdmux[0][3][2]$4866:
      Old ports: A=$memory$auto$proc_rom.cc:155:do_switch$765$rdmux[0][3][2]$a$4867, B=$memory$auto$proc_rom.cc:155:do_switch$765$rdmux[0][3][2]$b$4868, Y=$memory$auto$proc_rom.cc:155:do_switch$765$rdmux[0][2][1]$a$4852
      New ports: A={ $memory$auto$proc_rom.cc:155:do_switch$765$rdmux[0][3][2]$a$4867 [0] $memory$auto$proc_rom.cc:155:do_switch$765$rdmux[0][3][2]$a$4867 [0] $memory$auto$proc_rom.cc:155:do_switch$765$rdmux[0][3][2]$a$4867 [0] }, B={ 2'10 $memory$auto$proc_rom.cc:155:do_switch$765$rdmux[0][3][2]$b$4868 [0] }, Y={ $memory$auto$proc_rom.cc:155:do_switch$765$rdmux[0][2][1]$a$4852 [4] $memory$auto$proc_rom.cc:155:do_switch$765$rdmux[0][2][1]$a$4852 [1:0] }
      New connections: { $memory$auto$proc_rom.cc:155:do_switch$765$rdmux[0][2][1]$a$4852 [6:5] $memory$auto$proc_rom.cc:155:do_switch$765$rdmux[0][2][1]$a$4852 [3:2] } = { 1'1 $memory$auto$proc_rom.cc:155:do_switch$765$rdmux[0][2][1]$a$4852 [4] $memory$auto$proc_rom.cc:155:do_switch$765$rdmux[0][2][1]$a$4852 [0] $memory$auto$proc_rom.cc:155:do_switch$765$rdmux[0][2][1]$a$4852 [1] }
    Consolidated identical input bits for $mux cell $memory$auto$proc_rom.cc:155:do_switch$765$rdmux[0][3][1]$4863:
      Old ports: A=$memory$auto$proc_rom.cc:155:do_switch$765$rdmux[0][3][1]$a$4864, B=$memory$auto$proc_rom.cc:155:do_switch$765$rdmux[0][3][1]$b$4865, Y=$memory$auto$proc_rom.cc:155:do_switch$765$rdmux[0][2][0]$b$4850
      New ports: A={ $memory$auto$proc_rom.cc:155:do_switch$765$rdmux[0][3][1]$a$4864 [6] $memory$auto$proc_rom.cc:155:do_switch$765$rdmux[0][3][1]$a$4864 [1] $memory$auto$proc_rom.cc:155:do_switch$765$rdmux[0][3][1]$a$4864 [1] }, B={ $memory$auto$proc_rom.cc:155:do_switch$765$rdmux[0][3][1]$b$4865 [6] $memory$auto$proc_rom.cc:155:do_switch$765$rdmux[0][3][1]$b$4865 [4] 1'1 }, Y={ $memory$auto$proc_rom.cc:155:do_switch$765$rdmux[0][2][0]$b$4850 [6] $memory$auto$proc_rom.cc:155:do_switch$765$rdmux[0][2][0]$b$4850 [4] $memory$auto$proc_rom.cc:155:do_switch$765$rdmux[0][2][0]$b$4850 [1] }
      New connections: { $memory$auto$proc_rom.cc:155:do_switch$765$rdmux[0][2][0]$b$4850 [5] $memory$auto$proc_rom.cc:155:do_switch$765$rdmux[0][2][0]$b$4850 [3:2] $memory$auto$proc_rom.cc:155:do_switch$765$rdmux[0][2][0]$b$4850 [0] } = 4'1111
    Consolidated identical input bits for $mux cell $memory$auto$proc_rom.cc:155:do_switch$765$rdmux[0][3][0]$4860:
      Old ports: A=7'1011011, B=$memory$auto$proc_rom.cc:155:do_switch$765$rdmux[0][3][0]$b$4862, Y=$memory$auto$proc_rom.cc:155:do_switch$765$rdmux[0][2][0]$a$4849
      New ports: A=3'011, B={ $memory$auto$proc_rom.cc:155:do_switch$765$rdmux[0][3][0]$b$4862 [0] 1'0 $memory$auto$proc_rom.cc:155:do_switch$765$rdmux[0][3][0]$b$4862 [0] }, Y=$memory$auto$proc_rom.cc:155:do_switch$765$rdmux[0][2][0]$a$4849 [2:0]
      New connections: $memory$auto$proc_rom.cc:155:do_switch$765$rdmux[0][2][0]$a$4849 [6:3] = { 1'1 $memory$auto$proc_rom.cc:155:do_switch$765$rdmux[0][2][0]$a$4849 [2:0] }
    Consolidated identical input bits for $mux cell $memory$auto$proc_rom.cc:155:do_switch$765$rdmux[0][2][2]$4854:
      Old ports: A=$memory$auto$proc_rom.cc:155:do_switch$765$rdmux[0][2][2]$a$4855, B=7'0000000, Y=$memory$auto$proc_rom.cc:155:do_switch$765$rdmux[0][1][1]$a$4846
      New ports: A=$memory$auto$proc_rom.cc:155:do_switch$765$rdmux[0][2][2]$a$4855 [0], B=1'0, Y=$memory$auto$proc_rom.cc:155:do_switch$765$rdmux[0][1][1]$a$4846 [0]
      New connections: $memory$auto$proc_rom.cc:155:do_switch$765$rdmux[0][1][1]$a$4846 [6:1] = { $memory$auto$proc_rom.cc:155:do_switch$765$rdmux[0][1][1]$a$4846 [0] $memory$auto$proc_rom.cc:155:do_switch$765$rdmux[0][1][1]$a$4846 [0] 1'0 $memory$auto$proc_rom.cc:155:do_switch$765$rdmux[0][1][1]$a$4846 [0] $memory$auto$proc_rom.cc:155:do_switch$765$rdmux[0][1][1]$a$4846 [0] $memory$auto$proc_rom.cc:155:do_switch$765$rdmux[0][1][1]$a$4846 [0] }
    Consolidated identical input bits for $mux cell $memory$auto$proc_rom.cc:155:do_switch$745$rdmux[0][3][3]$5334:
      Old ports: A=$memory$auto$proc_rom.cc:155:do_switch$745$rdmux[0][3][3]$a$5335, B=$memory$auto$proc_rom.cc:155:do_switch$745$rdmux[0][3][3]$b$5336, Y=$memory$auto$proc_rom.cc:155:do_switch$745$rdmux[0][2][1]$b$5318
      New ports: A={ $memory$auto$proc_rom.cc:155:do_switch$745$rdmux[0][3][3]$a$5335 [0] 1'0 $memory$auto$proc_rom.cc:155:do_switch$745$rdmux[0][3][3]$a$5335 [0] }, B={ $memory$auto$proc_rom.cc:155:do_switch$745$rdmux[0][3][3]$b$5336 [5] $memory$auto$proc_rom.cc:155:do_switch$745$rdmux[0][3][3]$b$5336 [1] 1'1 }, Y={ $memory$auto$proc_rom.cc:155:do_switch$745$rdmux[0][2][1]$b$5318 [5] $memory$auto$proc_rom.cc:155:do_switch$745$rdmux[0][2][1]$b$5318 [1:0] }
      New connections: { $memory$auto$proc_rom.cc:155:do_switch$745$rdmux[0][2][1]$b$5318 [6] $memory$auto$proc_rom.cc:155:do_switch$745$rdmux[0][2][1]$b$5318 [4:2] } = { 2'10 $memory$auto$proc_rom.cc:155:do_switch$745$rdmux[0][2][1]$b$5318 [0] $memory$auto$proc_rom.cc:155:do_switch$745$rdmux[0][2][1]$b$5318 [0] }
    Consolidated identical input bits for $mux cell $memory$auto$proc_rom.cc:155:do_switch$745$rdmux[0][3][0]$5325:
      Old ports: A=7'1011011, B=$memory$auto$proc_rom.cc:155:do_switch$745$rdmux[0][3][0]$b$5327, Y=$memory$auto$proc_rom.cc:155:do_switch$745$rdmux[0][2][0]$a$5314
      New ports: A=3'011, B={ $memory$auto$proc_rom.cc:155:do_switch$745$rdmux[0][3][0]$b$5327 [0] 1'0 $memory$auto$proc_rom.cc:155:do_switch$745$rdmux[0][3][0]$b$5327 [0] }, Y=$memory$auto$proc_rom.cc:155:do_switch$745$rdmux[0][2][0]$a$5314 [2:0]
      New connections: $memory$auto$proc_rom.cc:155:do_switch$745$rdmux[0][2][0]$a$5314 [6:3] = { 1'1 $memory$auto$proc_rom.cc:155:do_switch$745$rdmux[0][2][0]$a$5314 [2:0] }
    Consolidated identical input bits for $mux cell $memory$auto$proc_rom.cc:155:do_switch$745$rdmux[0][3][2]$5331:
      Old ports: A=$memory$auto$proc_rom.cc:155:do_switch$745$rdmux[0][3][2]$a$5332, B=$memory$auto$proc_rom.cc:155:do_switch$745$rdmux[0][3][2]$b$5333, Y=$memory$auto$proc_rom.cc:155:do_switch$745$rdmux[0][2][1]$a$5317
      New ports: A={ $memory$auto$proc_rom.cc:155:do_switch$745$rdmux[0][3][2]$a$5332 [0] $memory$auto$proc_rom.cc:155:do_switch$745$rdmux[0][3][2]$a$5332 [0] $memory$auto$proc_rom.cc:155:do_switch$745$rdmux[0][3][2]$a$5332 [0] }, B={ 2'10 $memory$auto$proc_rom.cc:155:do_switch$745$rdmux[0][3][2]$b$5333 [0] }, Y={ $memory$auto$proc_rom.cc:155:do_switch$745$rdmux[0][2][1]$a$5317 [4] $memory$auto$proc_rom.cc:155:do_switch$745$rdmux[0][2][1]$a$5317 [1:0] }
      New connections: { $memory$auto$proc_rom.cc:155:do_switch$745$rdmux[0][2][1]$a$5317 [6:5] $memory$auto$proc_rom.cc:155:do_switch$745$rdmux[0][2][1]$a$5317 [3:2] } = { 1'1 $memory$auto$proc_rom.cc:155:do_switch$745$rdmux[0][2][1]$a$5317 [4] $memory$auto$proc_rom.cc:155:do_switch$745$rdmux[0][2][1]$a$5317 [0] $memory$auto$proc_rom.cc:155:do_switch$745$rdmux[0][2][1]$a$5317 [1] }
    Consolidated identical input bits for $mux cell $memory$auto$proc_rom.cc:155:do_switch$745$rdmux[0][2][2]$5319:
      Old ports: A=$memory$auto$proc_rom.cc:155:do_switch$745$rdmux[0][2][2]$a$5320, B=7'0000000, Y=$memory$auto$proc_rom.cc:155:do_switch$745$rdmux[0][1][1]$a$5311
      New ports: A=$memory$auto$proc_rom.cc:155:do_switch$745$rdmux[0][2][2]$a$5320 [0], B=1'0, Y=$memory$auto$proc_rom.cc:155:do_switch$745$rdmux[0][1][1]$a$5311 [0]
      New connections: $memory$auto$proc_rom.cc:155:do_switch$745$rdmux[0][1][1]$a$5311 [6:1] = { $memory$auto$proc_rom.cc:155:do_switch$745$rdmux[0][1][1]$a$5311 [0] $memory$auto$proc_rom.cc:155:do_switch$745$rdmux[0][1][1]$a$5311 [0] 1'0 $memory$auto$proc_rom.cc:155:do_switch$745$rdmux[0][1][1]$a$5311 [0] $memory$auto$proc_rom.cc:155:do_switch$745$rdmux[0][1][1]$a$5311 [0] $memory$auto$proc_rom.cc:155:do_switch$745$rdmux[0][1][1]$a$5311 [0] }
    Consolidated identical input bits for $mux cell $memory$auto$proc_rom.cc:155:do_switch$769$rdmux[0][3][3]$4776:
      Old ports: A=$memory$auto$proc_rom.cc:155:do_switch$769$rdmux[0][3][3]$a$4777, B=$memory$auto$proc_rom.cc:155:do_switch$769$rdmux[0][3][3]$b$4778, Y=$memory$auto$proc_rom.cc:155:do_switch$769$rdmux[0][2][1]$b$4760
      New ports: A={ $memory$auto$proc_rom.cc:155:do_switch$769$rdmux[0][3][3]$a$4777 [0] 1'0 $memory$auto$proc_rom.cc:155:do_switch$769$rdmux[0][3][3]$a$4777 [0] }, B={ $memory$auto$proc_rom.cc:155:do_switch$769$rdmux[0][3][3]$b$4778 [5] $memory$auto$proc_rom.cc:155:do_switch$769$rdmux[0][3][3]$b$4778 [1] 1'1 }, Y={ $memory$auto$proc_rom.cc:155:do_switch$769$rdmux[0][2][1]$b$4760 [5] $memory$auto$proc_rom.cc:155:do_switch$769$rdmux[0][2][1]$b$4760 [1:0] }
      New connections: { $memory$auto$proc_rom.cc:155:do_switch$769$rdmux[0][2][1]$b$4760 [6] $memory$auto$proc_rom.cc:155:do_switch$769$rdmux[0][2][1]$b$4760 [4:2] } = { 2'10 $memory$auto$proc_rom.cc:155:do_switch$769$rdmux[0][2][1]$b$4760 [0] $memory$auto$proc_rom.cc:155:do_switch$769$rdmux[0][2][1]$b$4760 [0] }
    Consolidated identical input bits for $mux cell $memory$auto$proc_rom.cc:155:do_switch$769$rdmux[0][3][2]$4773:
      Old ports: A=$memory$auto$proc_rom.cc:155:do_switch$769$rdmux[0][3][2]$a$4774, B=$memory$auto$proc_rom.cc:155:do_switch$769$rdmux[0][3][2]$b$4775, Y=$memory$auto$proc_rom.cc:155:do_switch$769$rdmux[0][2][1]$a$4759
      New ports: A={ $memory$auto$proc_rom.cc:155:do_switch$769$rdmux[0][3][2]$a$4774 [0] $memory$auto$proc_rom.cc:155:do_switch$769$rdmux[0][3][2]$a$4774 [0] $memory$auto$proc_rom.cc:155:do_switch$769$rdmux[0][3][2]$a$4774 [0] }, B={ 2'10 $memory$auto$proc_rom.cc:155:do_switch$769$rdmux[0][3][2]$b$4775 [0] }, Y={ $memory$auto$proc_rom.cc:155:do_switch$769$rdmux[0][2][1]$a$4759 [4] $memory$auto$proc_rom.cc:155:do_switch$769$rdmux[0][2][1]$a$4759 [1:0] }
      New connections: { $memory$auto$proc_rom.cc:155:do_switch$769$rdmux[0][2][1]$a$4759 [6:5] $memory$auto$proc_rom.cc:155:do_switch$769$rdmux[0][2][1]$a$4759 [3:2] } = { 1'1 $memory$auto$proc_rom.cc:155:do_switch$769$rdmux[0][2][1]$a$4759 [4] $memory$auto$proc_rom.cc:155:do_switch$769$rdmux[0][2][1]$a$4759 [0] $memory$auto$proc_rom.cc:155:do_switch$769$rdmux[0][2][1]$a$4759 [1] }
    Consolidated identical input bits for $mux cell $memory$auto$proc_rom.cc:155:do_switch$769$rdmux[0][3][1]$4770:
      Old ports: A=$memory$auto$proc_rom.cc:155:do_switch$769$rdmux[0][3][1]$a$4771, B=$memory$auto$proc_rom.cc:155:do_switch$769$rdmux[0][3][1]$b$4772, Y=$memory$auto$proc_rom.cc:155:do_switch$769$rdmux[0][2][0]$b$4757
      New ports: A={ $memory$auto$proc_rom.cc:155:do_switch$769$rdmux[0][3][1]$a$4771 [6] $memory$auto$proc_rom.cc:155:do_switch$769$rdmux[0][3][1]$a$4771 [1] $memory$auto$proc_rom.cc:155:do_switch$769$rdmux[0][3][1]$a$4771 [1] }, B={ $memory$auto$proc_rom.cc:155:do_switch$769$rdmux[0][3][1]$b$4772 [6] $memory$auto$proc_rom.cc:155:do_switch$769$rdmux[0][3][1]$b$4772 [4] 1'1 }, Y={ $memory$auto$proc_rom.cc:155:do_switch$769$rdmux[0][2][0]$b$4757 [6] $memory$auto$proc_rom.cc:155:do_switch$769$rdmux[0][2][0]$b$4757 [4] $memory$auto$proc_rom.cc:155:do_switch$769$rdmux[0][2][0]$b$4757 [1] }
      New connections: { $memory$auto$proc_rom.cc:155:do_switch$769$rdmux[0][2][0]$b$4757 [5] $memory$auto$proc_rom.cc:155:do_switch$769$rdmux[0][2][0]$b$4757 [3:2] $memory$auto$proc_rom.cc:155:do_switch$769$rdmux[0][2][0]$b$4757 [0] } = 4'1111
    Consolidated identical input bits for $mux cell $memory$auto$proc_rom.cc:155:do_switch$769$rdmux[0][3][0]$4767:
      Old ports: A=7'1011011, B=$memory$auto$proc_rom.cc:155:do_switch$769$rdmux[0][3][0]$b$4769, Y=$memory$auto$proc_rom.cc:155:do_switch$769$rdmux[0][2][0]$a$4756
      New ports: A=3'011, B={ $memory$auto$proc_rom.cc:155:do_switch$769$rdmux[0][3][0]$b$4769 [0] 1'0 $memory$auto$proc_rom.cc:155:do_switch$769$rdmux[0][3][0]$b$4769 [0] }, Y=$memory$auto$proc_rom.cc:155:do_switch$769$rdmux[0][2][0]$a$4756 [2:0]
      New connections: $memory$auto$proc_rom.cc:155:do_switch$769$rdmux[0][2][0]$a$4756 [6:3] = { 1'1 $memory$auto$proc_rom.cc:155:do_switch$769$rdmux[0][2][0]$a$4756 [2:0] }
    Consolidated identical input bits for $mux cell $memory$auto$proc_rom.cc:155:do_switch$745$rdmux[0][3][1]$5328:
      Old ports: A=$memory$auto$proc_rom.cc:155:do_switch$745$rdmux[0][3][1]$a$5329, B=$memory$auto$proc_rom.cc:155:do_switch$745$rdmux[0][3][1]$b$5330, Y=$memory$auto$proc_rom.cc:155:do_switch$745$rdmux[0][2][0]$b$5315
      New ports: A={ $memory$auto$proc_rom.cc:155:do_switch$745$rdmux[0][3][1]$a$5329 [6] $memory$auto$proc_rom.cc:155:do_switch$745$rdmux[0][3][1]$a$5329 [1] $memory$auto$proc_rom.cc:155:do_switch$745$rdmux[0][3][1]$a$5329 [1] }, B={ $memory$auto$proc_rom.cc:155:do_switch$745$rdmux[0][3][1]$b$5330 [6] $memory$auto$proc_rom.cc:155:do_switch$745$rdmux[0][3][1]$b$5330 [4] 1'1 }, Y={ $memory$auto$proc_rom.cc:155:do_switch$745$rdmux[0][2][0]$b$5315 [6] $memory$auto$proc_rom.cc:155:do_switch$745$rdmux[0][2][0]$b$5315 [4] $memory$auto$proc_rom.cc:155:do_switch$745$rdmux[0][2][0]$b$5315 [1] }
      New connections: { $memory$auto$proc_rom.cc:155:do_switch$745$rdmux[0][2][0]$b$5315 [5] $memory$auto$proc_rom.cc:155:do_switch$745$rdmux[0][2][0]$b$5315 [3:2] $memory$auto$proc_rom.cc:155:do_switch$745$rdmux[0][2][0]$b$5315 [0] } = 4'1111
    Consolidated identical input bits for $mux cell $memory$auto$proc_rom.cc:155:do_switch$769$rdmux[0][2][2]$4761:
      Old ports: A=$memory$auto$proc_rom.cc:155:do_switch$769$rdmux[0][2][2]$a$4762, B=7'0000000, Y=$memory$auto$proc_rom.cc:155:do_switch$769$rdmux[0][1][1]$a$4753
      New ports: A=$memory$auto$proc_rom.cc:155:do_switch$769$rdmux[0][2][2]$a$4762 [0], B=1'0, Y=$memory$auto$proc_rom.cc:155:do_switch$769$rdmux[0][1][1]$a$4753 [0]
      New connections: $memory$auto$proc_rom.cc:155:do_switch$769$rdmux[0][1][1]$a$4753 [6:1] = { $memory$auto$proc_rom.cc:155:do_switch$769$rdmux[0][1][1]$a$4753 [0] $memory$auto$proc_rom.cc:155:do_switch$769$rdmux[0][1][1]$a$4753 [0] 1'0 $memory$auto$proc_rom.cc:155:do_switch$769$rdmux[0][1][1]$a$4753 [0] $memory$auto$proc_rom.cc:155:do_switch$769$rdmux[0][1][1]$a$4753 [0] $memory$auto$proc_rom.cc:155:do_switch$769$rdmux[0][1][1]$a$4753 [0] }
    Consolidated identical input bits for $mux cell $memory$auto$proc_rom.cc:155:do_switch$753$rdmux[0][3][0]$5139:
      Old ports: A=7'1011011, B=$memory$auto$proc_rom.cc:155:do_switch$753$rdmux[0][3][0]$b$5141, Y=$memory$auto$proc_rom.cc:155:do_switch$753$rdmux[0][2][0]$a$5128
      New ports: A=3'011, B={ $memory$auto$proc_rom.cc:155:do_switch$753$rdmux[0][3][0]$b$5141 [0] 1'0 $memory$auto$proc_rom.cc:155:do_switch$753$rdmux[0][3][0]$b$5141 [0] }, Y=$memory$auto$proc_rom.cc:155:do_switch$753$rdmux[0][2][0]$a$5128 [2:0]
      New connections: $memory$auto$proc_rom.cc:155:do_switch$753$rdmux[0][2][0]$a$5128 [6:3] = { 1'1 $memory$auto$proc_rom.cc:155:do_switch$753$rdmux[0][2][0]$a$5128 [2:0] }
    Consolidated identical input bits for $mux cell $memory$auto$proc_rom.cc:155:do_switch$749$rdmux[0][3][3]$5241:
      Old ports: A=$memory$auto$proc_rom.cc:155:do_switch$749$rdmux[0][3][3]$a$5242, B=$memory$auto$proc_rom.cc:155:do_switch$749$rdmux[0][3][3]$b$5243, Y=$memory$auto$proc_rom.cc:155:do_switch$749$rdmux[0][2][1]$b$5225
      New ports: A={ $memory$auto$proc_rom.cc:155:do_switch$749$rdmux[0][3][3]$a$5242 [0] 1'0 $memory$auto$proc_rom.cc:155:do_switch$749$rdmux[0][3][3]$a$5242 [0] }, B={ $memory$auto$proc_rom.cc:155:do_switch$749$rdmux[0][3][3]$b$5243 [5] $memory$auto$proc_rom.cc:155:do_switch$749$rdmux[0][3][3]$b$5243 [1] 1'1 }, Y={ $memory$auto$proc_rom.cc:155:do_switch$749$rdmux[0][2][1]$b$5225 [5] $memory$auto$proc_rom.cc:155:do_switch$749$rdmux[0][2][1]$b$5225 [1:0] }
      New connections: { $memory$auto$proc_rom.cc:155:do_switch$749$rdmux[0][2][1]$b$5225 [6] $memory$auto$proc_rom.cc:155:do_switch$749$rdmux[0][2][1]$b$5225 [4:2] } = { 2'10 $memory$auto$proc_rom.cc:155:do_switch$749$rdmux[0][2][1]$b$5225 [0] $memory$auto$proc_rom.cc:155:do_switch$749$rdmux[0][2][1]$b$5225 [0] }
    Consolidated identical input bits for $mux cell $memory$auto$proc_rom.cc:155:do_switch$773$rdmux[0][3][3]$4683:
      Old ports: A=$memory$auto$proc_rom.cc:155:do_switch$773$rdmux[0][3][3]$a$4684, B=$memory$auto$proc_rom.cc:155:do_switch$773$rdmux[0][3][3]$b$4685, Y=$memory$auto$proc_rom.cc:155:do_switch$773$rdmux[0][2][1]$b$4667
      New ports: A={ $memory$auto$proc_rom.cc:155:do_switch$773$rdmux[0][3][3]$a$4684 [0] 1'0 $memory$auto$proc_rom.cc:155:do_switch$773$rdmux[0][3][3]$a$4684 [0] }, B={ $memory$auto$proc_rom.cc:155:do_switch$773$rdmux[0][3][3]$b$4685 [5] $memory$auto$proc_rom.cc:155:do_switch$773$rdmux[0][3][3]$b$4685 [1] 1'1 }, Y={ $memory$auto$proc_rom.cc:155:do_switch$773$rdmux[0][2][1]$b$4667 [5] $memory$auto$proc_rom.cc:155:do_switch$773$rdmux[0][2][1]$b$4667 [1:0] }
      New connections: { $memory$auto$proc_rom.cc:155:do_switch$773$rdmux[0][2][1]$b$4667 [6] $memory$auto$proc_rom.cc:155:do_switch$773$rdmux[0][2][1]$b$4667 [4:2] } = { 2'10 $memory$auto$proc_rom.cc:155:do_switch$773$rdmux[0][2][1]$b$4667 [0] $memory$auto$proc_rom.cc:155:do_switch$773$rdmux[0][2][1]$b$4667 [0] }
    Consolidated identical input bits for $mux cell $memory$auto$proc_rom.cc:155:do_switch$773$rdmux[0][3][2]$4680:
      Old ports: A=$memory$auto$proc_rom.cc:155:do_switch$773$rdmux[0][3][2]$a$4681, B=$memory$auto$proc_rom.cc:155:do_switch$773$rdmux[0][3][2]$b$4682, Y=$memory$auto$proc_rom.cc:155:do_switch$773$rdmux[0][2][1]$a$4666
      New ports: A={ $memory$auto$proc_rom.cc:155:do_switch$773$rdmux[0][3][2]$a$4681 [0] $memory$auto$proc_rom.cc:155:do_switch$773$rdmux[0][3][2]$a$4681 [0] $memory$auto$proc_rom.cc:155:do_switch$773$rdmux[0][3][2]$a$4681 [0] }, B={ 2'10 $memory$auto$proc_rom.cc:155:do_switch$773$rdmux[0][3][2]$b$4682 [0] }, Y={ $memory$auto$proc_rom.cc:155:do_switch$773$rdmux[0][2][1]$a$4666 [4] $memory$auto$proc_rom.cc:155:do_switch$773$rdmux[0][2][1]$a$4666 [1:0] }
      New connections: { $memory$auto$proc_rom.cc:155:do_switch$773$rdmux[0][2][1]$a$4666 [6:5] $memory$auto$proc_rom.cc:155:do_switch$773$rdmux[0][2][1]$a$4666 [3:2] } = { 1'1 $memory$auto$proc_rom.cc:155:do_switch$773$rdmux[0][2][1]$a$4666 [4] $memory$auto$proc_rom.cc:155:do_switch$773$rdmux[0][2][1]$a$4666 [0] $memory$auto$proc_rom.cc:155:do_switch$773$rdmux[0][2][1]$a$4666 [1] }
    Consolidated identical input bits for $mux cell $memory$auto$proc_rom.cc:155:do_switch$773$rdmux[0][3][1]$4677:
      Old ports: A=$memory$auto$proc_rom.cc:155:do_switch$773$rdmux[0][3][1]$a$4678, B=$memory$auto$proc_rom.cc:155:do_switch$773$rdmux[0][3][1]$b$4679, Y=$memory$auto$proc_rom.cc:155:do_switch$773$rdmux[0][2][0]$b$4664
      New ports: A={ $memory$auto$proc_rom.cc:155:do_switch$773$rdmux[0][3][1]$a$4678 [6] $memory$auto$proc_rom.cc:155:do_switch$773$rdmux[0][3][1]$a$4678 [1] $memory$auto$proc_rom.cc:155:do_switch$773$rdmux[0][3][1]$a$4678 [1] }, B={ $memory$auto$proc_rom.cc:155:do_switch$773$rdmux[0][3][1]$b$4679 [6] $memory$auto$proc_rom.cc:155:do_switch$773$rdmux[0][3][1]$b$4679 [4] 1'1 }, Y={ $memory$auto$proc_rom.cc:155:do_switch$773$rdmux[0][2][0]$b$4664 [6] $memory$auto$proc_rom.cc:155:do_switch$773$rdmux[0][2][0]$b$4664 [4] $memory$auto$proc_rom.cc:155:do_switch$773$rdmux[0][2][0]$b$4664 [1] }
      New connections: { $memory$auto$proc_rom.cc:155:do_switch$773$rdmux[0][2][0]$b$4664 [5] $memory$auto$proc_rom.cc:155:do_switch$773$rdmux[0][2][0]$b$4664 [3:2] $memory$auto$proc_rom.cc:155:do_switch$773$rdmux[0][2][0]$b$4664 [0] } = 4'1111
    Consolidated identical input bits for $mux cell $memory$auto$proc_rom.cc:155:do_switch$773$rdmux[0][3][0]$4674:
      Old ports: A=7'1011011, B=$memory$auto$proc_rom.cc:155:do_switch$773$rdmux[0][3][0]$b$4676, Y=$memory$auto$proc_rom.cc:155:do_switch$773$rdmux[0][2][0]$a$4663
      New ports: A=3'011, B={ $memory$auto$proc_rom.cc:155:do_switch$773$rdmux[0][3][0]$b$4676 [0] 1'0 $memory$auto$proc_rom.cc:155:do_switch$773$rdmux[0][3][0]$b$4676 [0] }, Y=$memory$auto$proc_rom.cc:155:do_switch$773$rdmux[0][2][0]$a$4663 [2:0]
      New connections: $memory$auto$proc_rom.cc:155:do_switch$773$rdmux[0][2][0]$a$4663 [6:3] = { 1'1 $memory$auto$proc_rom.cc:155:do_switch$773$rdmux[0][2][0]$a$4663 [2:0] }
    Consolidated identical input bits for $mux cell $memory$auto$proc_rom.cc:155:do_switch$773$rdmux[0][2][2]$4668:
      Old ports: A=$memory$auto$proc_rom.cc:155:do_switch$773$rdmux[0][2][2]$a$4669, B=7'0000000, Y=$memory$auto$proc_rom.cc:155:do_switch$773$rdmux[0][1][1]$a$4660
      New ports: A=$memory$auto$proc_rom.cc:155:do_switch$773$rdmux[0][2][2]$a$4669 [0], B=1'0, Y=$memory$auto$proc_rom.cc:155:do_switch$773$rdmux[0][1][1]$a$4660 [0]
      New connections: $memory$auto$proc_rom.cc:155:do_switch$773$rdmux[0][1][1]$a$4660 [6:1] = { $memory$auto$proc_rom.cc:155:do_switch$773$rdmux[0][1][1]$a$4660 [0] $memory$auto$proc_rom.cc:155:do_switch$773$rdmux[0][1][1]$a$4660 [0] 1'0 $memory$auto$proc_rom.cc:155:do_switch$773$rdmux[0][1][1]$a$4660 [0] $memory$auto$proc_rom.cc:155:do_switch$773$rdmux[0][1][1]$a$4660 [0] $memory$auto$proc_rom.cc:155:do_switch$773$rdmux[0][1][1]$a$4660 [0] }
    Consolidated identical input bits for $mux cell $memory$auto$proc_rom.cc:155:do_switch$749$rdmux[0][3][2]$5238:
      Old ports: A=$memory$auto$proc_rom.cc:155:do_switch$749$rdmux[0][3][2]$a$5239, B=$memory$auto$proc_rom.cc:155:do_switch$749$rdmux[0][3][2]$b$5240, Y=$memory$auto$proc_rom.cc:155:do_switch$749$rdmux[0][2][1]$a$5224
      New ports: A={ $memory$auto$proc_rom.cc:155:do_switch$749$rdmux[0][3][2]$a$5239 [0] $memory$auto$proc_rom.cc:155:do_switch$749$rdmux[0][3][2]$a$5239 [0] $memory$auto$proc_rom.cc:155:do_switch$749$rdmux[0][3][2]$a$5239 [0] }, B={ 2'10 $memory$auto$proc_rom.cc:155:do_switch$749$rdmux[0][3][2]$b$5240 [0] }, Y={ $memory$auto$proc_rom.cc:155:do_switch$749$rdmux[0][2][1]$a$5224 [4] $memory$auto$proc_rom.cc:155:do_switch$749$rdmux[0][2][1]$a$5224 [1:0] }
      New connections: { $memory$auto$proc_rom.cc:155:do_switch$749$rdmux[0][2][1]$a$5224 [6:5] $memory$auto$proc_rom.cc:155:do_switch$749$rdmux[0][2][1]$a$5224 [3:2] } = { 1'1 $memory$auto$proc_rom.cc:155:do_switch$749$rdmux[0][2][1]$a$5224 [4] $memory$auto$proc_rom.cc:155:do_switch$749$rdmux[0][2][1]$a$5224 [0] $memory$auto$proc_rom.cc:155:do_switch$749$rdmux[0][2][1]$a$5224 [1] }
    Consolidated identical input bits for $mux cell $memory$auto$proc_rom.cc:155:do_switch$753$rdmux[0][3][1]$5142:
      Old ports: A=$memory$auto$proc_rom.cc:155:do_switch$753$rdmux[0][3][1]$a$5143, B=$memory$auto$proc_rom.cc:155:do_switch$753$rdmux[0][3][1]$b$5144, Y=$memory$auto$proc_rom.cc:155:do_switch$753$rdmux[0][2][0]$b$5129
      New ports: A={ $memory$auto$proc_rom.cc:155:do_switch$753$rdmux[0][3][1]$a$5143 [6] $memory$auto$proc_rom.cc:155:do_switch$753$rdmux[0][3][1]$a$5143 [1] $memory$auto$proc_rom.cc:155:do_switch$753$rdmux[0][3][1]$a$5143 [1] }, B={ $memory$auto$proc_rom.cc:155:do_switch$753$rdmux[0][3][1]$b$5144 [6] $memory$auto$proc_rom.cc:155:do_switch$753$rdmux[0][3][1]$b$5144 [4] 1'1 }, Y={ $memory$auto$proc_rom.cc:155:do_switch$753$rdmux[0][2][0]$b$5129 [6] $memory$auto$proc_rom.cc:155:do_switch$753$rdmux[0][2][0]$b$5129 [4] $memory$auto$proc_rom.cc:155:do_switch$753$rdmux[0][2][0]$b$5129 [1] }
      New connections: { $memory$auto$proc_rom.cc:155:do_switch$753$rdmux[0][2][0]$b$5129 [5] $memory$auto$proc_rom.cc:155:do_switch$753$rdmux[0][2][0]$b$5129 [3:2] $memory$auto$proc_rom.cc:155:do_switch$753$rdmux[0][2][0]$b$5129 [0] } = 4'1111
    Consolidated identical input bits for $mux cell $ternary$rtl/top_tm1638_demo.v:73$423:
      Old ports: A=$auto$wreduce.cc:513:run$4304 [2:0], B=3'010, Y=$auto$wreduce.cc:513:run$4303 [2:0]
      New ports: A={ $auto$wreduce.cc:513:run$4304 [2] 1'0 }, B=2'01, Y=$auto$wreduce.cc:513:run$4303 [2:1]
      New connections: $auto$wreduce.cc:513:run$4303 [0] = 1'0
  Optimizing cells in module \top_tm1638_demo.
    Consolidated identical input bits for $mux cell $memory$auto$proc_rom.cc:155:do_switch$753$rdmux[0][1][1]$5124:
      Old ports: A=$memory$auto$proc_rom.cc:155:do_switch$753$rdmux[0][1][1]$a$5125, B=7'0000000, Y=$memory$auto$proc_rom.cc:155:do_switch$753$rdmux[0][0][0]$b$5120
      New ports: A=$memory$auto$proc_rom.cc:155:do_switch$753$rdmux[0][1][1]$a$5125 [0], B=1'0, Y=$memory$auto$proc_rom.cc:155:do_switch$753$rdmux[0][0][0]$b$5120 [0]
      New connections: $memory$auto$proc_rom.cc:155:do_switch$753$rdmux[0][0][0]$b$5120 [6:1] = { $memory$auto$proc_rom.cc:155:do_switch$753$rdmux[0][0][0]$b$5120 [0] $memory$auto$proc_rom.cc:155:do_switch$753$rdmux[0][0][0]$b$5120 [0] 1'0 $memory$auto$proc_rom.cc:155:do_switch$753$rdmux[0][0][0]$b$5120 [0] $memory$auto$proc_rom.cc:155:do_switch$753$rdmux[0][0][0]$b$5120 [0] $memory$auto$proc_rom.cc:155:do_switch$753$rdmux[0][0][0]$b$5120 [0] }
    Consolidated identical input bits for $mux cell $memory$auto$proc_rom.cc:155:do_switch$757$rdmux[0][2][1]$5037:
      Old ports: A=$memory$auto$proc_rom.cc:155:do_switch$757$rdmux[0][2][1]$a$5038, B=$memory$auto$proc_rom.cc:155:do_switch$757$rdmux[0][2][1]$b$5039, Y=$memory$auto$proc_rom.cc:155:do_switch$757$rdmux[0][1][0]$b$5030
      New ports: A={ $memory$auto$proc_rom.cc:155:do_switch$757$rdmux[0][2][1]$a$5038 [4] $memory$auto$proc_rom.cc:155:do_switch$757$rdmux[0][2][1]$a$5038 [4] $memory$auto$proc_rom.cc:155:do_switch$757$rdmux[0][2][1]$a$5038 [1] $memory$auto$proc_rom.cc:155:do_switch$757$rdmux[0][2][1]$a$5038 [1:0] }, B={ $memory$auto$proc_rom.cc:155:do_switch$757$rdmux[0][2][1]$b$5039 [5] 1'0 $memory$auto$proc_rom.cc:155:do_switch$757$rdmux[0][2][1]$b$5039 [0] $memory$auto$proc_rom.cc:155:do_switch$757$rdmux[0][2][1]$b$5039 [1:0] }, Y={ $memory$auto$proc_rom.cc:155:do_switch$757$rdmux[0][1][0]$b$5030 [5:4] $memory$auto$proc_rom.cc:155:do_switch$757$rdmux[0][1][0]$b$5030 [2:0] }
      New connections: { $memory$auto$proc_rom.cc:155:do_switch$757$rdmux[0][1][0]$b$5030 [6] $memory$auto$proc_rom.cc:155:do_switch$757$rdmux[0][1][0]$b$5030 [3] } = { 1'1 $memory$auto$proc_rom.cc:155:do_switch$757$rdmux[0][1][0]$b$5030 [0] }
    Consolidated identical input bits for $mux cell $memory$auto$proc_rom.cc:155:do_switch$757$rdmux[0][2][0]$5034:
      Old ports: A=$memory$auto$proc_rom.cc:155:do_switch$757$rdmux[0][2][0]$a$5035, B=$memory$auto$proc_rom.cc:155:do_switch$757$rdmux[0][2][0]$b$5036, Y=$memory$auto$proc_rom.cc:155:do_switch$757$rdmux[0][1][0]$a$5029
      New ports: A={ 1'1 $memory$auto$proc_rom.cc:155:do_switch$757$rdmux[0][2][0]$a$5035 [1] $memory$auto$proc_rom.cc:155:do_switch$757$rdmux[0][2][0]$a$5035 [2:0] }, B={ $memory$auto$proc_rom.cc:155:do_switch$757$rdmux[0][2][0]$b$5036 [6] $memory$auto$proc_rom.cc:155:do_switch$757$rdmux[0][2][0]$b$5036 [4] 1'1 $memory$auto$proc_rom.cc:155:do_switch$757$rdmux[0][2][0]$b$5036 [1] 1'1 }, Y={ $memory$auto$proc_rom.cc:155:do_switch$757$rdmux[0][1][0]$a$5029 [6] $memory$auto$proc_rom.cc:155:do_switch$757$rdmux[0][1][0]$a$5029 [4] $memory$auto$proc_rom.cc:155:do_switch$757$rdmux[0][1][0]$a$5029 [2:0] }
      New connections: { $memory$auto$proc_rom.cc:155:do_switch$757$rdmux[0][1][0]$a$5029 [5] $memory$auto$proc_rom.cc:155:do_switch$757$rdmux[0][1][0]$a$5029 [3] } = { $memory$auto$proc_rom.cc:155:do_switch$757$rdmux[0][1][0]$a$5029 [2] $memory$auto$proc_rom.cc:155:do_switch$757$rdmux[0][1][0]$a$5029 [0] }
    Consolidated identical input bits for $mux cell $memory$auto$proc_rom.cc:155:do_switch$757$rdmux[0][1][1]$5031:
      Old ports: A=$memory$auto$proc_rom.cc:155:do_switch$757$rdmux[0][1][1]$a$5032, B=7'0000000, Y=$memory$auto$proc_rom.cc:155:do_switch$757$rdmux[0][0][0]$b$5027
      New ports: A=$memory$auto$proc_rom.cc:155:do_switch$757$rdmux[0][1][1]$a$5032 [0], B=1'0, Y=$memory$auto$proc_rom.cc:155:do_switch$757$rdmux[0][0][0]$b$5027 [0]
      New connections: $memory$auto$proc_rom.cc:155:do_switch$757$rdmux[0][0][0]$b$5027 [6:1] = { $memory$auto$proc_rom.cc:155:do_switch$757$rdmux[0][0][0]$b$5027 [0] $memory$auto$proc_rom.cc:155:do_switch$757$rdmux[0][0][0]$b$5027 [0] 1'0 $memory$auto$proc_rom.cc:155:do_switch$757$rdmux[0][0][0]$b$5027 [0] $memory$auto$proc_rom.cc:155:do_switch$757$rdmux[0][0][0]$b$5027 [0] $memory$auto$proc_rom.cc:155:do_switch$757$rdmux[0][0][0]$b$5027 [0] }
    Consolidated identical input bits for $mux cell $memory$auto$proc_rom.cc:155:do_switch$753$rdmux[0][2][0]$5127:
      Old ports: A=$memory$auto$proc_rom.cc:155:do_switch$753$rdmux[0][2][0]$a$5128, B=$memory$auto$proc_rom.cc:155:do_switch$753$rdmux[0][2][0]$b$5129, Y=$memory$auto$proc_rom.cc:155:do_switch$753$rdmux[0][1][0]$a$5122
      New ports: A={ 1'1 $memory$auto$proc_rom.cc:155:do_switch$753$rdmux[0][2][0]$a$5128 [1] $memory$auto$proc_rom.cc:155:do_switch$753$rdmux[0][2][0]$a$5128 [2:0] }, B={ $memory$auto$proc_rom.cc:155:do_switch$753$rdmux[0][2][0]$b$5129 [6] $memory$auto$proc_rom.cc:155:do_switch$753$rdmux[0][2][0]$b$5129 [4] 1'1 $memory$auto$proc_rom.cc:155:do_switch$753$rdmux[0][2][0]$b$5129 [1] 1'1 }, Y={ $memory$auto$proc_rom.cc:155:do_switch$753$rdmux[0][1][0]$a$5122 [6] $memory$auto$proc_rom.cc:155:do_switch$753$rdmux[0][1][0]$a$5122 [4] $memory$auto$proc_rom.cc:155:do_switch$753$rdmux[0][1][0]$a$5122 [2:0] }
      New connections: { $memory$auto$proc_rom.cc:155:do_switch$753$rdmux[0][1][0]$a$5122 [5] $memory$auto$proc_rom.cc:155:do_switch$753$rdmux[0][1][0]$a$5122 [3] } = { $memory$auto$proc_rom.cc:155:do_switch$753$rdmux[0][1][0]$a$5122 [2] $memory$auto$proc_rom.cc:155:do_switch$753$rdmux[0][1][0]$a$5122 [0] }
    Consolidated identical input bits for $mux cell $memory$auto$proc_rom.cc:155:do_switch$761$rdmux[0][2][1]$4944:
      Old ports: A=$memory$auto$proc_rom.cc:155:do_switch$761$rdmux[0][2][1]$a$4945, B=$memory$auto$proc_rom.cc:155:do_switch$761$rdmux[0][2][1]$b$4946, Y=$memory$auto$proc_rom.cc:155:do_switch$761$rdmux[0][1][0]$b$4937
      New ports: A={ $memory$auto$proc_rom.cc:155:do_switch$761$rdmux[0][2][1]$a$4945 [4] $memory$auto$proc_rom.cc:155:do_switch$761$rdmux[0][2][1]$a$4945 [4] $memory$auto$proc_rom.cc:155:do_switch$761$rdmux[0][2][1]$a$4945 [1] $memory$auto$proc_rom.cc:155:do_switch$761$rdmux[0][2][1]$a$4945 [1:0] }, B={ $memory$auto$proc_rom.cc:155:do_switch$761$rdmux[0][2][1]$b$4946 [5] 1'0 $memory$auto$proc_rom.cc:155:do_switch$761$rdmux[0][2][1]$b$4946 [0] $memory$auto$proc_rom.cc:155:do_switch$761$rdmux[0][2][1]$b$4946 [1:0] }, Y={ $memory$auto$proc_rom.cc:155:do_switch$761$rdmux[0][1][0]$b$4937 [5:4] $memory$auto$proc_rom.cc:155:do_switch$761$rdmux[0][1][0]$b$4937 [2:0] }
      New connections: { $memory$auto$proc_rom.cc:155:do_switch$761$rdmux[0][1][0]$b$4937 [6] $memory$auto$proc_rom.cc:155:do_switch$761$rdmux[0][1][0]$b$4937 [3] } = { 1'1 $memory$auto$proc_rom.cc:155:do_switch$761$rdmux[0][1][0]$b$4937 [0] }
    Consolidated identical input bits for $mux cell $memory$auto$proc_rom.cc:155:do_switch$761$rdmux[0][2][0]$4941:
      Old ports: A=$memory$auto$proc_rom.cc:155:do_switch$761$rdmux[0][2][0]$a$4942, B=$memory$auto$proc_rom.cc:155:do_switch$761$rdmux[0][2][0]$b$4943, Y=$memory$auto$proc_rom.cc:155:do_switch$761$rdmux[0][1][0]$a$4936
      New ports: A={ 1'1 $memory$auto$proc_rom.cc:155:do_switch$761$rdmux[0][2][0]$a$4942 [1] $memory$auto$proc_rom.cc:155:do_switch$761$rdmux[0][2][0]$a$4942 [2:0] }, B={ $memory$auto$proc_rom.cc:155:do_switch$761$rdmux[0][2][0]$b$4943 [6] $memory$auto$proc_rom.cc:155:do_switch$761$rdmux[0][2][0]$b$4943 [4] 1'1 $memory$auto$proc_rom.cc:155:do_switch$761$rdmux[0][2][0]$b$4943 [1] 1'1 }, Y={ $memory$auto$proc_rom.cc:155:do_switch$761$rdmux[0][1][0]$a$4936 [6] $memory$auto$proc_rom.cc:155:do_switch$761$rdmux[0][1][0]$a$4936 [4] $memory$auto$proc_rom.cc:155:do_switch$761$rdmux[0][1][0]$a$4936 [2:0] }
      New connections: { $memory$auto$proc_rom.cc:155:do_switch$761$rdmux[0][1][0]$a$4936 [5] $memory$auto$proc_rom.cc:155:do_switch$761$rdmux[0][1][0]$a$4936 [3] } = { $memory$auto$proc_rom.cc:155:do_switch$761$rdmux[0][1][0]$a$4936 [2] $memory$auto$proc_rom.cc:155:do_switch$761$rdmux[0][1][0]$a$4936 [0] }
    Consolidated identical input bits for $mux cell $memory$auto$proc_rom.cc:155:do_switch$761$rdmux[0][1][1]$4938:
      Old ports: A=$memory$auto$proc_rom.cc:155:do_switch$761$rdmux[0][1][1]$a$4939, B=7'0000000, Y=$memory$auto$proc_rom.cc:155:do_switch$761$rdmux[0][0][0]$b$4934
      New ports: A=$memory$auto$proc_rom.cc:155:do_switch$761$rdmux[0][1][1]$a$4939 [0], B=1'0, Y=$memory$auto$proc_rom.cc:155:do_switch$761$rdmux[0][0][0]$b$4934 [0]
      New connections: $memory$auto$proc_rom.cc:155:do_switch$761$rdmux[0][0][0]$b$4934 [6:1] = { $memory$auto$proc_rom.cc:155:do_switch$761$rdmux[0][0][0]$b$4934 [0] $memory$auto$proc_rom.cc:155:do_switch$761$rdmux[0][0][0]$b$4934 [0] 1'0 $memory$auto$proc_rom.cc:155:do_switch$761$rdmux[0][0][0]$b$4934 [0] $memory$auto$proc_rom.cc:155:do_switch$761$rdmux[0][0][0]$b$4934 [0] $memory$auto$proc_rom.cc:155:do_switch$761$rdmux[0][0][0]$b$4934 [0] }
    Consolidated identical input bits for $mux cell $memory$auto$proc_rom.cc:155:do_switch$749$rdmux[0][1][1]$5217:
      Old ports: A=$memory$auto$proc_rom.cc:155:do_switch$749$rdmux[0][1][1]$a$5218, B=7'0000000, Y=$memory$auto$proc_rom.cc:155:do_switch$749$rdmux[0][0][0]$b$5213
      New ports: A=$memory$auto$proc_rom.cc:155:do_switch$749$rdmux[0][1][1]$a$5218 [0], B=1'0, Y=$memory$auto$proc_rom.cc:155:do_switch$749$rdmux[0][0][0]$b$5213 [0]
      New connections: $memory$auto$proc_rom.cc:155:do_switch$749$rdmux[0][0][0]$b$5213 [6:1] = { $memory$auto$proc_rom.cc:155:do_switch$749$rdmux[0][0][0]$b$5213 [0] $memory$auto$proc_rom.cc:155:do_switch$749$rdmux[0][0][0]$b$5213 [0] 1'0 $memory$auto$proc_rom.cc:155:do_switch$749$rdmux[0][0][0]$b$5213 [0] $memory$auto$proc_rom.cc:155:do_switch$749$rdmux[0][0][0]$b$5213 [0] $memory$auto$proc_rom.cc:155:do_switch$749$rdmux[0][0][0]$b$5213 [0] }
    Consolidated identical input bits for $mux cell $memory$auto$proc_rom.cc:155:do_switch$745$rdmux[0][1][1]$5310:
      Old ports: A=$memory$auto$proc_rom.cc:155:do_switch$745$rdmux[0][1][1]$a$5311, B=7'0000000, Y=$memory$auto$proc_rom.cc:155:do_switch$745$rdmux[0][0][0]$b$5306
      New ports: A=$memory$auto$proc_rom.cc:155:do_switch$745$rdmux[0][1][1]$a$5311 [0], B=1'0, Y=$memory$auto$proc_rom.cc:155:do_switch$745$rdmux[0][0][0]$b$5306 [0]
      New connections: $memory$auto$proc_rom.cc:155:do_switch$745$rdmux[0][0][0]$b$5306 [6:1] = { $memory$auto$proc_rom.cc:155:do_switch$745$rdmux[0][0][0]$b$5306 [0] $memory$auto$proc_rom.cc:155:do_switch$745$rdmux[0][0][0]$b$5306 [0] 1'0 $memory$auto$proc_rom.cc:155:do_switch$745$rdmux[0][0][0]$b$5306 [0] $memory$auto$proc_rom.cc:155:do_switch$745$rdmux[0][0][0]$b$5306 [0] $memory$auto$proc_rom.cc:155:do_switch$745$rdmux[0][0][0]$b$5306 [0] }
    Consolidated identical input bits for $mux cell $memory$auto$proc_rom.cc:155:do_switch$749$rdmux[0][2][1]$5223:
      Old ports: A=$memory$auto$proc_rom.cc:155:do_switch$749$rdmux[0][2][1]$a$5224, B=$memory$auto$proc_rom.cc:155:do_switch$749$rdmux[0][2][1]$b$5225, Y=$memory$auto$proc_rom.cc:155:do_switch$749$rdmux[0][1][0]$b$5216
      New ports: A={ $memory$auto$proc_rom.cc:155:do_switch$749$rdmux[0][2][1]$a$5224 [4] $memory$auto$proc_rom.cc:155:do_switch$749$rdmux[0][2][1]$a$5224 [4] $memory$auto$proc_rom.cc:155:do_switch$749$rdmux[0][2][1]$a$5224 [1] $memory$auto$proc_rom.cc:155:do_switch$749$rdmux[0][2][1]$a$5224 [1:0] }, B={ $memory$auto$proc_rom.cc:155:do_switch$749$rdmux[0][2][1]$b$5225 [5] 1'0 $memory$auto$proc_rom.cc:155:do_switch$749$rdmux[0][2][1]$b$5225 [0] $memory$auto$proc_rom.cc:155:do_switch$749$rdmux[0][2][1]$b$5225 [1:0] }, Y={ $memory$auto$proc_rom.cc:155:do_switch$749$rdmux[0][1][0]$b$5216 [5:4] $memory$auto$proc_rom.cc:155:do_switch$749$rdmux[0][1][0]$b$5216 [2:0] }
      New connections: { $memory$auto$proc_rom.cc:155:do_switch$749$rdmux[0][1][0]$b$5216 [6] $memory$auto$proc_rom.cc:155:do_switch$749$rdmux[0][1][0]$b$5216 [3] } = { 1'1 $memory$auto$proc_rom.cc:155:do_switch$749$rdmux[0][1][0]$b$5216 [0] }
    Consolidated identical input bits for $mux cell $memory$auto$proc_rom.cc:155:do_switch$749$rdmux[0][2][0]$5220:
      Old ports: A=$memory$auto$proc_rom.cc:155:do_switch$749$rdmux[0][2][0]$a$5221, B=$memory$auto$proc_rom.cc:155:do_switch$749$rdmux[0][2][0]$b$5222, Y=$memory$auto$proc_rom.cc:155:do_switch$749$rdmux[0][1][0]$a$5215
      New ports: A={ 1'1 $memory$auto$proc_rom.cc:155:do_switch$749$rdmux[0][2][0]$a$5221 [1] $memory$auto$proc_rom.cc:155:do_switch$749$rdmux[0][2][0]$a$5221 [2:0] }, B={ $memory$auto$proc_rom.cc:155:do_switch$749$rdmux[0][2][0]$b$5222 [6] $memory$auto$proc_rom.cc:155:do_switch$749$rdmux[0][2][0]$b$5222 [4] 1'1 $memory$auto$proc_rom.cc:155:do_switch$749$rdmux[0][2][0]$b$5222 [1] 1'1 }, Y={ $memory$auto$proc_rom.cc:155:do_switch$749$rdmux[0][1][0]$a$5215 [6] $memory$auto$proc_rom.cc:155:do_switch$749$rdmux[0][1][0]$a$5215 [4] $memory$auto$proc_rom.cc:155:do_switch$749$rdmux[0][1][0]$a$5215 [2:0] }
      New connections: { $memory$auto$proc_rom.cc:155:do_switch$749$rdmux[0][1][0]$a$5215 [5] $memory$auto$proc_rom.cc:155:do_switch$749$rdmux[0][1][0]$a$5215 [3] } = { $memory$auto$proc_rom.cc:155:do_switch$749$rdmux[0][1][0]$a$5215 [2] $memory$auto$proc_rom.cc:155:do_switch$749$rdmux[0][1][0]$a$5215 [0] }
    Consolidated identical input bits for $mux cell $memory$auto$proc_rom.cc:155:do_switch$765$rdmux[0][2][1]$4851:
      Old ports: A=$memory$auto$proc_rom.cc:155:do_switch$765$rdmux[0][2][1]$a$4852, B=$memory$auto$proc_rom.cc:155:do_switch$765$rdmux[0][2][1]$b$4853, Y=$memory$auto$proc_rom.cc:155:do_switch$765$rdmux[0][1][0]$b$4844
      New ports: A={ $memory$auto$proc_rom.cc:155:do_switch$765$rdmux[0][2][1]$a$4852 [4] $memory$auto$proc_rom.cc:155:do_switch$765$rdmux[0][2][1]$a$4852 [4] $memory$auto$proc_rom.cc:155:do_switch$765$rdmux[0][2][1]$a$4852 [1] $memory$auto$proc_rom.cc:155:do_switch$765$rdmux[0][2][1]$a$4852 [1:0] }, B={ $memory$auto$proc_rom.cc:155:do_switch$765$rdmux[0][2][1]$b$4853 [5] 1'0 $memory$auto$proc_rom.cc:155:do_switch$765$rdmux[0][2][1]$b$4853 [0] $memory$auto$proc_rom.cc:155:do_switch$765$rdmux[0][2][1]$b$4853 [1:0] }, Y={ $memory$auto$proc_rom.cc:155:do_switch$765$rdmux[0][1][0]$b$4844 [5:4] $memory$auto$proc_rom.cc:155:do_switch$765$rdmux[0][1][0]$b$4844 [2:0] }
      New connections: { $memory$auto$proc_rom.cc:155:do_switch$765$rdmux[0][1][0]$b$4844 [6] $memory$auto$proc_rom.cc:155:do_switch$765$rdmux[0][1][0]$b$4844 [3] } = { 1'1 $memory$auto$proc_rom.cc:155:do_switch$765$rdmux[0][1][0]$b$4844 [0] }
    Consolidated identical input bits for $mux cell $memory$auto$proc_rom.cc:155:do_switch$765$rdmux[0][2][0]$4848:
      Old ports: A=$memory$auto$proc_rom.cc:155:do_switch$765$rdmux[0][2][0]$a$4849, B=$memory$auto$proc_rom.cc:155:do_switch$765$rdmux[0][2][0]$b$4850, Y=$memory$auto$proc_rom.cc:155:do_switch$765$rdmux[0][1][0]$a$4843
      New ports: A={ 1'1 $memory$auto$proc_rom.cc:155:do_switch$765$rdmux[0][2][0]$a$4849 [1] $memory$auto$proc_rom.cc:155:do_switch$765$rdmux[0][2][0]$a$4849 [2:0] }, B={ $memory$auto$proc_rom.cc:155:do_switch$765$rdmux[0][2][0]$b$4850 [6] $memory$auto$proc_rom.cc:155:do_switch$765$rdmux[0][2][0]$b$4850 [4] 1'1 $memory$auto$proc_rom.cc:155:do_switch$765$rdmux[0][2][0]$b$4850 [1] 1'1 }, Y={ $memory$auto$proc_rom.cc:155:do_switch$765$rdmux[0][1][0]$a$4843 [6] $memory$auto$proc_rom.cc:155:do_switch$765$rdmux[0][1][0]$a$4843 [4] $memory$auto$proc_rom.cc:155:do_switch$765$rdmux[0][1][0]$a$4843 [2:0] }
      New connections: { $memory$auto$proc_rom.cc:155:do_switch$765$rdmux[0][1][0]$a$4843 [5] $memory$auto$proc_rom.cc:155:do_switch$765$rdmux[0][1][0]$a$4843 [3] } = { $memory$auto$proc_rom.cc:155:do_switch$765$rdmux[0][1][0]$a$4843 [2] $memory$auto$proc_rom.cc:155:do_switch$765$rdmux[0][1][0]$a$4843 [0] }
    Consolidated identical input bits for $mux cell $memory$auto$proc_rom.cc:155:do_switch$765$rdmux[0][1][1]$4845:
      Old ports: A=$memory$auto$proc_rom.cc:155:do_switch$765$rdmux[0][1][1]$a$4846, B=7'0000000, Y=$memory$auto$proc_rom.cc:155:do_switch$765$rdmux[0][0][0]$b$4841
      New ports: A=$memory$auto$proc_rom.cc:155:do_switch$765$rdmux[0][1][1]$a$4846 [0], B=1'0, Y=$memory$auto$proc_rom.cc:155:do_switch$765$rdmux[0][0][0]$b$4841 [0]
      New connections: $memory$auto$proc_rom.cc:155:do_switch$765$rdmux[0][0][0]$b$4841 [6:1] = { $memory$auto$proc_rom.cc:155:do_switch$765$rdmux[0][0][0]$b$4841 [0] $memory$auto$proc_rom.cc:155:do_switch$765$rdmux[0][0][0]$b$4841 [0] 1'0 $memory$auto$proc_rom.cc:155:do_switch$765$rdmux[0][0][0]$b$4841 [0] $memory$auto$proc_rom.cc:155:do_switch$765$rdmux[0][0][0]$b$4841 [0] $memory$auto$proc_rom.cc:155:do_switch$765$rdmux[0][0][0]$b$4841 [0] }
    Consolidated identical input bits for $mux cell $memory$auto$proc_rom.cc:155:do_switch$745$rdmux[0][2][1]$5316:
      Old ports: A=$memory$auto$proc_rom.cc:155:do_switch$745$rdmux[0][2][1]$a$5317, B=$memory$auto$proc_rom.cc:155:do_switch$745$rdmux[0][2][1]$b$5318, Y=$memory$auto$proc_rom.cc:155:do_switch$745$rdmux[0][1][0]$b$5309
      New ports: A={ $memory$auto$proc_rom.cc:155:do_switch$745$rdmux[0][2][1]$a$5317 [4] $memory$auto$proc_rom.cc:155:do_switch$745$rdmux[0][2][1]$a$5317 [4] $memory$auto$proc_rom.cc:155:do_switch$745$rdmux[0][2][1]$a$5317 [1] $memory$auto$proc_rom.cc:155:do_switch$745$rdmux[0][2][1]$a$5317 [1:0] }, B={ $memory$auto$proc_rom.cc:155:do_switch$745$rdmux[0][2][1]$b$5318 [5] 1'0 $memory$auto$proc_rom.cc:155:do_switch$745$rdmux[0][2][1]$b$5318 [0] $memory$auto$proc_rom.cc:155:do_switch$745$rdmux[0][2][1]$b$5318 [1:0] }, Y={ $memory$auto$proc_rom.cc:155:do_switch$745$rdmux[0][1][0]$b$5309 [5:4] $memory$auto$proc_rom.cc:155:do_switch$745$rdmux[0][1][0]$b$5309 [2:0] }
      New connections: { $memory$auto$proc_rom.cc:155:do_switch$745$rdmux[0][1][0]$b$5309 [6] $memory$auto$proc_rom.cc:155:do_switch$745$rdmux[0][1][0]$b$5309 [3] } = { 1'1 $memory$auto$proc_rom.cc:155:do_switch$745$rdmux[0][1][0]$b$5309 [0] }
    Consolidated identical input bits for $mux cell $memory$auto$proc_rom.cc:155:do_switch$745$rdmux[0][2][0]$5313:
      Old ports: A=$memory$auto$proc_rom.cc:155:do_switch$745$rdmux[0][2][0]$a$5314, B=$memory$auto$proc_rom.cc:155:do_switch$745$rdmux[0][2][0]$b$5315, Y=$memory$auto$proc_rom.cc:155:do_switch$745$rdmux[0][1][0]$a$5308
      New ports: A={ 1'1 $memory$auto$proc_rom.cc:155:do_switch$745$rdmux[0][2][0]$a$5314 [1] $memory$auto$proc_rom.cc:155:do_switch$745$rdmux[0][2][0]$a$5314 [2:0] }, B={ $memory$auto$proc_rom.cc:155:do_switch$745$rdmux[0][2][0]$b$5315 [6] $memory$auto$proc_rom.cc:155:do_switch$745$rdmux[0][2][0]$b$5315 [4] 1'1 $memory$auto$proc_rom.cc:155:do_switch$745$rdmux[0][2][0]$b$5315 [1] 1'1 }, Y={ $memory$auto$proc_rom.cc:155:do_switch$745$rdmux[0][1][0]$a$5308 [6] $memory$auto$proc_rom.cc:155:do_switch$745$rdmux[0][1][0]$a$5308 [4] $memory$auto$proc_rom.cc:155:do_switch$745$rdmux[0][1][0]$a$5308 [2:0] }
      New connections: { $memory$auto$proc_rom.cc:155:do_switch$745$rdmux[0][1][0]$a$5308 [5] $memory$auto$proc_rom.cc:155:do_switch$745$rdmux[0][1][0]$a$5308 [3] } = { $memory$auto$proc_rom.cc:155:do_switch$745$rdmux[0][1][0]$a$5308 [2] $memory$auto$proc_rom.cc:155:do_switch$745$rdmux[0][1][0]$a$5308 [0] }
    Consolidated identical input bits for $mux cell $memory$auto$proc_rom.cc:155:do_switch$769$rdmux[0][2][1]$4758:
      Old ports: A=$memory$auto$proc_rom.cc:155:do_switch$769$rdmux[0][2][1]$a$4759, B=$memory$auto$proc_rom.cc:155:do_switch$769$rdmux[0][2][1]$b$4760, Y=$memory$auto$proc_rom.cc:155:do_switch$769$rdmux[0][1][0]$b$4751
      New ports: A={ $memory$auto$proc_rom.cc:155:do_switch$769$rdmux[0][2][1]$a$4759 [4] $memory$auto$proc_rom.cc:155:do_switch$769$rdmux[0][2][1]$a$4759 [4] $memory$auto$proc_rom.cc:155:do_switch$769$rdmux[0][2][1]$a$4759 [1] $memory$auto$proc_rom.cc:155:do_switch$769$rdmux[0][2][1]$a$4759 [1:0] }, B={ $memory$auto$proc_rom.cc:155:do_switch$769$rdmux[0][2][1]$b$4760 [5] 1'0 $memory$auto$proc_rom.cc:155:do_switch$769$rdmux[0][2][1]$b$4760 [0] $memory$auto$proc_rom.cc:155:do_switch$769$rdmux[0][2][1]$b$4760 [1:0] }, Y={ $memory$auto$proc_rom.cc:155:do_switch$769$rdmux[0][1][0]$b$4751 [5:4] $memory$auto$proc_rom.cc:155:do_switch$769$rdmux[0][1][0]$b$4751 [2:0] }
      New connections: { $memory$auto$proc_rom.cc:155:do_switch$769$rdmux[0][1][0]$b$4751 [6] $memory$auto$proc_rom.cc:155:do_switch$769$rdmux[0][1][0]$b$4751 [3] } = { 1'1 $memory$auto$proc_rom.cc:155:do_switch$769$rdmux[0][1][0]$b$4751 [0] }
    Consolidated identical input bits for $mux cell $memory$auto$proc_rom.cc:155:do_switch$769$rdmux[0][2][0]$4755:
      Old ports: A=$memory$auto$proc_rom.cc:155:do_switch$769$rdmux[0][2][0]$a$4756, B=$memory$auto$proc_rom.cc:155:do_switch$769$rdmux[0][2][0]$b$4757, Y=$memory$auto$proc_rom.cc:155:do_switch$769$rdmux[0][1][0]$a$4750
      New ports: A={ 1'1 $memory$auto$proc_rom.cc:155:do_switch$769$rdmux[0][2][0]$a$4756 [1] $memory$auto$proc_rom.cc:155:do_switch$769$rdmux[0][2][0]$a$4756 [2:0] }, B={ $memory$auto$proc_rom.cc:155:do_switch$769$rdmux[0][2][0]$b$4757 [6] $memory$auto$proc_rom.cc:155:do_switch$769$rdmux[0][2][0]$b$4757 [4] 1'1 $memory$auto$proc_rom.cc:155:do_switch$769$rdmux[0][2][0]$b$4757 [1] 1'1 }, Y={ $memory$auto$proc_rom.cc:155:do_switch$769$rdmux[0][1][0]$a$4750 [6] $memory$auto$proc_rom.cc:155:do_switch$769$rdmux[0][1][0]$a$4750 [4] $memory$auto$proc_rom.cc:155:do_switch$769$rdmux[0][1][0]$a$4750 [2:0] }
      New connections: { $memory$auto$proc_rom.cc:155:do_switch$769$rdmux[0][1][0]$a$4750 [5] $memory$auto$proc_rom.cc:155:do_switch$769$rdmux[0][1][0]$a$4750 [3] } = { $memory$auto$proc_rom.cc:155:do_switch$769$rdmux[0][1][0]$a$4750 [2] $memory$auto$proc_rom.cc:155:do_switch$769$rdmux[0][1][0]$a$4750 [0] }
    Consolidated identical input bits for $mux cell $memory$auto$proc_rom.cc:155:do_switch$769$rdmux[0][1][1]$4752:
      Old ports: A=$memory$auto$proc_rom.cc:155:do_switch$769$rdmux[0][1][1]$a$4753, B=7'0000000, Y=$memory$auto$proc_rom.cc:155:do_switch$769$rdmux[0][0][0]$b$4748
      New ports: A=$memory$auto$proc_rom.cc:155:do_switch$769$rdmux[0][1][1]$a$4753 [0], B=1'0, Y=$memory$auto$proc_rom.cc:155:do_switch$769$rdmux[0][0][0]$b$4748 [0]
      New connections: $memory$auto$proc_rom.cc:155:do_switch$769$rdmux[0][0][0]$b$4748 [6:1] = { $memory$auto$proc_rom.cc:155:do_switch$769$rdmux[0][0][0]$b$4748 [0] $memory$auto$proc_rom.cc:155:do_switch$769$rdmux[0][0][0]$b$4748 [0] 1'0 $memory$auto$proc_rom.cc:155:do_switch$769$rdmux[0][0][0]$b$4748 [0] $memory$auto$proc_rom.cc:155:do_switch$769$rdmux[0][0][0]$b$4748 [0] $memory$auto$proc_rom.cc:155:do_switch$769$rdmux[0][0][0]$b$4748 [0] }
    Consolidated identical input bits for $mux cell $memory$auto$proc_rom.cc:155:do_switch$753$rdmux[0][2][1]$5130:
      Old ports: A=$memory$auto$proc_rom.cc:155:do_switch$753$rdmux[0][2][1]$a$5131, B=$memory$auto$proc_rom.cc:155:do_switch$753$rdmux[0][2][1]$b$5132, Y=$memory$auto$proc_rom.cc:155:do_switch$753$rdmux[0][1][0]$b$5123
      New ports: A={ $memory$auto$proc_rom.cc:155:do_switch$753$rdmux[0][2][1]$a$5131 [4] $memory$auto$proc_rom.cc:155:do_switch$753$rdmux[0][2][1]$a$5131 [4] $memory$auto$proc_rom.cc:155:do_switch$753$rdmux[0][2][1]$a$5131 [1] $memory$auto$proc_rom.cc:155:do_switch$753$rdmux[0][2][1]$a$5131 [1:0] }, B={ $memory$auto$proc_rom.cc:155:do_switch$753$rdmux[0][2][1]$b$5132 [5] 1'0 $memory$auto$proc_rom.cc:155:do_switch$753$rdmux[0][2][1]$b$5132 [0] $memory$auto$proc_rom.cc:155:do_switch$753$rdmux[0][2][1]$b$5132 [1:0] }, Y={ $memory$auto$proc_rom.cc:155:do_switch$753$rdmux[0][1][0]$b$5123 [5:4] $memory$auto$proc_rom.cc:155:do_switch$753$rdmux[0][1][0]$b$5123 [2:0] }
      New connections: { $memory$auto$proc_rom.cc:155:do_switch$753$rdmux[0][1][0]$b$5123 [6] $memory$auto$proc_rom.cc:155:do_switch$753$rdmux[0][1][0]$b$5123 [3] } = { 1'1 $memory$auto$proc_rom.cc:155:do_switch$753$rdmux[0][1][0]$b$5123 [0] }
    Consolidated identical input bits for $mux cell $memory$auto$proc_rom.cc:155:do_switch$773$rdmux[0][2][1]$4665:
      Old ports: A=$memory$auto$proc_rom.cc:155:do_switch$773$rdmux[0][2][1]$a$4666, B=$memory$auto$proc_rom.cc:155:do_switch$773$rdmux[0][2][1]$b$4667, Y=$memory$auto$proc_rom.cc:155:do_switch$773$rdmux[0][1][0]$b$4658
      New ports: A={ $memory$auto$proc_rom.cc:155:do_switch$773$rdmux[0][2][1]$a$4666 [4] $memory$auto$proc_rom.cc:155:do_switch$773$rdmux[0][2][1]$a$4666 [4] $memory$auto$proc_rom.cc:155:do_switch$773$rdmux[0][2][1]$a$4666 [1] $memory$auto$proc_rom.cc:155:do_switch$773$rdmux[0][2][1]$a$4666 [1:0] }, B={ $memory$auto$proc_rom.cc:155:do_switch$773$rdmux[0][2][1]$b$4667 [5] 1'0 $memory$auto$proc_rom.cc:155:do_switch$773$rdmux[0][2][1]$b$4667 [0] $memory$auto$proc_rom.cc:155:do_switch$773$rdmux[0][2][1]$b$4667 [1:0] }, Y={ $memory$auto$proc_rom.cc:155:do_switch$773$rdmux[0][1][0]$b$4658 [5:4] $memory$auto$proc_rom.cc:155:do_switch$773$rdmux[0][1][0]$b$4658 [2:0] }
      New connections: { $memory$auto$proc_rom.cc:155:do_switch$773$rdmux[0][1][0]$b$4658 [6] $memory$auto$proc_rom.cc:155:do_switch$773$rdmux[0][1][0]$b$4658 [3] } = { 1'1 $memory$auto$proc_rom.cc:155:do_switch$773$rdmux[0][1][0]$b$4658 [0] }
    Consolidated identical input bits for $mux cell $memory$auto$proc_rom.cc:155:do_switch$773$rdmux[0][2][0]$4662:
      Old ports: A=$memory$auto$proc_rom.cc:155:do_switch$773$rdmux[0][2][0]$a$4663, B=$memory$auto$proc_rom.cc:155:do_switch$773$rdmux[0][2][0]$b$4664, Y=$memory$auto$proc_rom.cc:155:do_switch$773$rdmux[0][1][0]$a$4657
      New ports: A={ 1'1 $memory$auto$proc_rom.cc:155:do_switch$773$rdmux[0][2][0]$a$4663 [1] $memory$auto$proc_rom.cc:155:do_switch$773$rdmux[0][2][0]$a$4663 [2:0] }, B={ $memory$auto$proc_rom.cc:155:do_switch$773$rdmux[0][2][0]$b$4664 [6] $memory$auto$proc_rom.cc:155:do_switch$773$rdmux[0][2][0]$b$4664 [4] 1'1 $memory$auto$proc_rom.cc:155:do_switch$773$rdmux[0][2][0]$b$4664 [1] 1'1 }, Y={ $memory$auto$proc_rom.cc:155:do_switch$773$rdmux[0][1][0]$a$4657 [6] $memory$auto$proc_rom.cc:155:do_switch$773$rdmux[0][1][0]$a$4657 [4] $memory$auto$proc_rom.cc:155:do_switch$773$rdmux[0][1][0]$a$4657 [2:0] }
      New connections: { $memory$auto$proc_rom.cc:155:do_switch$773$rdmux[0][1][0]$a$4657 [5] $memory$auto$proc_rom.cc:155:do_switch$773$rdmux[0][1][0]$a$4657 [3] } = { $memory$auto$proc_rom.cc:155:do_switch$773$rdmux[0][1][0]$a$4657 [2] $memory$auto$proc_rom.cc:155:do_switch$773$rdmux[0][1][0]$a$4657 [0] }
    Consolidated identical input bits for $mux cell $memory$auto$proc_rom.cc:155:do_switch$773$rdmux[0][1][1]$4659:
      Old ports: A=$memory$auto$proc_rom.cc:155:do_switch$773$rdmux[0][1][1]$a$4660, B=7'0000000, Y=$memory$auto$proc_rom.cc:155:do_switch$773$rdmux[0][0][0]$b$4655
      New ports: A=$memory$auto$proc_rom.cc:155:do_switch$773$rdmux[0][1][1]$a$4660 [0], B=1'0, Y=$memory$auto$proc_rom.cc:155:do_switch$773$rdmux[0][0][0]$b$4655 [0]
      New connections: $memory$auto$proc_rom.cc:155:do_switch$773$rdmux[0][0][0]$b$4655 [6:1] = { $memory$auto$proc_rom.cc:155:do_switch$773$rdmux[0][0][0]$b$4655 [0] $memory$auto$proc_rom.cc:155:do_switch$773$rdmux[0][0][0]$b$4655 [0] 1'0 $memory$auto$proc_rom.cc:155:do_switch$773$rdmux[0][0][0]$b$4655 [0] $memory$auto$proc_rom.cc:155:do_switch$773$rdmux[0][0][0]$b$4655 [0] $memory$auto$proc_rom.cc:155:do_switch$773$rdmux[0][0][0]$b$4655 [0] }
  Optimizing cells in module \top_tm1638_demo.
    Consolidated identical input bits for $mux cell $memory$auto$proc_rom.cc:155:do_switch$757$rdmux[0][1][0]$5028:
      Old ports: A=$memory$auto$proc_rom.cc:155:do_switch$757$rdmux[0][1][0]$a$5029, B=$memory$auto$proc_rom.cc:155:do_switch$757$rdmux[0][1][0]$b$5030, Y=$memory$auto$proc_rom.cc:155:do_switch$757$rdmux[0][0][0]$a$5026
      New ports: A={ $memory$auto$proc_rom.cc:155:do_switch$757$rdmux[0][1][0]$a$5029 [6] $memory$auto$proc_rom.cc:155:do_switch$757$rdmux[0][1][0]$a$5029 [2] $memory$auto$proc_rom.cc:155:do_switch$757$rdmux[0][1][0]$a$5029 [4] $memory$auto$proc_rom.cc:155:do_switch$757$rdmux[0][1][0]$a$5029 [2:0] }, B={ 1'1 $memory$auto$proc_rom.cc:155:do_switch$757$rdmux[0][1][0]$b$5030 [5:4] $memory$auto$proc_rom.cc:155:do_switch$757$rdmux[0][1][0]$b$5030 [2:0] }, Y={ $memory$auto$proc_rom.cc:155:do_switch$757$rdmux[0][0][0]$a$5026 [6:4] $memory$auto$proc_rom.cc:155:do_switch$757$rdmux[0][0][0]$a$5026 [2:0] }
      New connections: $memory$auto$proc_rom.cc:155:do_switch$757$rdmux[0][0][0]$a$5026 [3] = $memory$auto$proc_rom.cc:155:do_switch$757$rdmux[0][0][0]$a$5026 [0]
    Consolidated identical input bits for $mux cell $memory$auto$proc_rom.cc:155:do_switch$761$rdmux[0][1][0]$4935:
      Old ports: A=$memory$auto$proc_rom.cc:155:do_switch$761$rdmux[0][1][0]$a$4936, B=$memory$auto$proc_rom.cc:155:do_switch$761$rdmux[0][1][0]$b$4937, Y=$memory$auto$proc_rom.cc:155:do_switch$761$rdmux[0][0][0]$a$4933
      New ports: A={ $memory$auto$proc_rom.cc:155:do_switch$761$rdmux[0][1][0]$a$4936 [6] $memory$auto$proc_rom.cc:155:do_switch$761$rdmux[0][1][0]$a$4936 [2] $memory$auto$proc_rom.cc:155:do_switch$761$rdmux[0][1][0]$a$4936 [4] $memory$auto$proc_rom.cc:155:do_switch$761$rdmux[0][1][0]$a$4936 [2:0] }, B={ 1'1 $memory$auto$proc_rom.cc:155:do_switch$761$rdmux[0][1][0]$b$4937 [5:4] $memory$auto$proc_rom.cc:155:do_switch$761$rdmux[0][1][0]$b$4937 [2:0] }, Y={ $memory$auto$proc_rom.cc:155:do_switch$761$rdmux[0][0][0]$a$4933 [6:4] $memory$auto$proc_rom.cc:155:do_switch$761$rdmux[0][0][0]$a$4933 [2:0] }
      New connections: $memory$auto$proc_rom.cc:155:do_switch$761$rdmux[0][0][0]$a$4933 [3] = $memory$auto$proc_rom.cc:155:do_switch$761$rdmux[0][0][0]$a$4933 [0]
    Consolidated identical input bits for $mux cell $memory$auto$proc_rom.cc:155:do_switch$745$rdmux[0][1][0]$5307:
      Old ports: A=$memory$auto$proc_rom.cc:155:do_switch$745$rdmux[0][1][0]$a$5308, B=$memory$auto$proc_rom.cc:155:do_switch$745$rdmux[0][1][0]$b$5309, Y=$memory$auto$proc_rom.cc:155:do_switch$745$rdmux[0][0][0]$a$5305
      New ports: A={ $memory$auto$proc_rom.cc:155:do_switch$745$rdmux[0][1][0]$a$5308 [6] $memory$auto$proc_rom.cc:155:do_switch$745$rdmux[0][1][0]$a$5308 [2] $memory$auto$proc_rom.cc:155:do_switch$745$rdmux[0][1][0]$a$5308 [4] $memory$auto$proc_rom.cc:155:do_switch$745$rdmux[0][1][0]$a$5308 [2:0] }, B={ 1'1 $memory$auto$proc_rom.cc:155:do_switch$745$rdmux[0][1][0]$b$5309 [5:4] $memory$auto$proc_rom.cc:155:do_switch$745$rdmux[0][1][0]$b$5309 [2:0] }, Y={ $memory$auto$proc_rom.cc:155:do_switch$745$rdmux[0][0][0]$a$5305 [6:4] $memory$auto$proc_rom.cc:155:do_switch$745$rdmux[0][0][0]$a$5305 [2:0] }
      New connections: $memory$auto$proc_rom.cc:155:do_switch$745$rdmux[0][0][0]$a$5305 [3] = $memory$auto$proc_rom.cc:155:do_switch$745$rdmux[0][0][0]$a$5305 [0]
    Consolidated identical input bits for $mux cell $memory$auto$proc_rom.cc:155:do_switch$749$rdmux[0][1][0]$5214:
      Old ports: A=$memory$auto$proc_rom.cc:155:do_switch$749$rdmux[0][1][0]$a$5215, B=$memory$auto$proc_rom.cc:155:do_switch$749$rdmux[0][1][0]$b$5216, Y=$memory$auto$proc_rom.cc:155:do_switch$749$rdmux[0][0][0]$a$5212
      New ports: A={ $memory$auto$proc_rom.cc:155:do_switch$749$rdmux[0][1][0]$a$5215 [6] $memory$auto$proc_rom.cc:155:do_switch$749$rdmux[0][1][0]$a$5215 [2] $memory$auto$proc_rom.cc:155:do_switch$749$rdmux[0][1][0]$a$5215 [4] $memory$auto$proc_rom.cc:155:do_switch$749$rdmux[0][1][0]$a$5215 [2:0] }, B={ 1'1 $memory$auto$proc_rom.cc:155:do_switch$749$rdmux[0][1][0]$b$5216 [5:4] $memory$auto$proc_rom.cc:155:do_switch$749$rdmux[0][1][0]$b$5216 [2:0] }, Y={ $memory$auto$proc_rom.cc:155:do_switch$749$rdmux[0][0][0]$a$5212 [6:4] $memory$auto$proc_rom.cc:155:do_switch$749$rdmux[0][0][0]$a$5212 [2:0] }
      New connections: $memory$auto$proc_rom.cc:155:do_switch$749$rdmux[0][0][0]$a$5212 [3] = $memory$auto$proc_rom.cc:155:do_switch$749$rdmux[0][0][0]$a$5212 [0]
    Consolidated identical input bits for $mux cell $memory$auto$proc_rom.cc:155:do_switch$765$rdmux[0][1][0]$4842:
      Old ports: A=$memory$auto$proc_rom.cc:155:do_switch$765$rdmux[0][1][0]$a$4843, B=$memory$auto$proc_rom.cc:155:do_switch$765$rdmux[0][1][0]$b$4844, Y=$memory$auto$proc_rom.cc:155:do_switch$765$rdmux[0][0][0]$a$4840
      New ports: A={ $memory$auto$proc_rom.cc:155:do_switch$765$rdmux[0][1][0]$a$4843 [6] $memory$auto$proc_rom.cc:155:do_switch$765$rdmux[0][1][0]$a$4843 [2] $memory$auto$proc_rom.cc:155:do_switch$765$rdmux[0][1][0]$a$4843 [4] $memory$auto$proc_rom.cc:155:do_switch$765$rdmux[0][1][0]$a$4843 [2:0] }, B={ 1'1 $memory$auto$proc_rom.cc:155:do_switch$765$rdmux[0][1][0]$b$4844 [5:4] $memory$auto$proc_rom.cc:155:do_switch$765$rdmux[0][1][0]$b$4844 [2:0] }, Y={ $memory$auto$proc_rom.cc:155:do_switch$765$rdmux[0][0][0]$a$4840 [6:4] $memory$auto$proc_rom.cc:155:do_switch$765$rdmux[0][0][0]$a$4840 [2:0] }
      New connections: $memory$auto$proc_rom.cc:155:do_switch$765$rdmux[0][0][0]$a$4840 [3] = $memory$auto$proc_rom.cc:155:do_switch$765$rdmux[0][0][0]$a$4840 [0]
    Consolidated identical input bits for $mux cell $memory$auto$proc_rom.cc:155:do_switch$769$rdmux[0][1][0]$4749:
      Old ports: A=$memory$auto$proc_rom.cc:155:do_switch$769$rdmux[0][1][0]$a$4750, B=$memory$auto$proc_rom.cc:155:do_switch$769$rdmux[0][1][0]$b$4751, Y=$memory$auto$proc_rom.cc:155:do_switch$769$rdmux[0][0][0]$a$4747
      New ports: A={ $memory$auto$proc_rom.cc:155:do_switch$769$rdmux[0][1][0]$a$4750 [6] $memory$auto$proc_rom.cc:155:do_switch$769$rdmux[0][1][0]$a$4750 [2] $memory$auto$proc_rom.cc:155:do_switch$769$rdmux[0][1][0]$a$4750 [4] $memory$auto$proc_rom.cc:155:do_switch$769$rdmux[0][1][0]$a$4750 [2:0] }, B={ 1'1 $memory$auto$proc_rom.cc:155:do_switch$769$rdmux[0][1][0]$b$4751 [5:4] $memory$auto$proc_rom.cc:155:do_switch$769$rdmux[0][1][0]$b$4751 [2:0] }, Y={ $memory$auto$proc_rom.cc:155:do_switch$769$rdmux[0][0][0]$a$4747 [6:4] $memory$auto$proc_rom.cc:155:do_switch$769$rdmux[0][0][0]$a$4747 [2:0] }
      New connections: $memory$auto$proc_rom.cc:155:do_switch$769$rdmux[0][0][0]$a$4747 [3] = $memory$auto$proc_rom.cc:155:do_switch$769$rdmux[0][0][0]$a$4747 [0]
    Consolidated identical input bits for $mux cell $memory$auto$proc_rom.cc:155:do_switch$753$rdmux[0][1][0]$5121:
      Old ports: A=$memory$auto$proc_rom.cc:155:do_switch$753$rdmux[0][1][0]$a$5122, B=$memory$auto$proc_rom.cc:155:do_switch$753$rdmux[0][1][0]$b$5123, Y=$memory$auto$proc_rom.cc:155:do_switch$753$rdmux[0][0][0]$a$5119
      New ports: A={ $memory$auto$proc_rom.cc:155:do_switch$753$rdmux[0][1][0]$a$5122 [6] $memory$auto$proc_rom.cc:155:do_switch$753$rdmux[0][1][0]$a$5122 [2] $memory$auto$proc_rom.cc:155:do_switch$753$rdmux[0][1][0]$a$5122 [4] $memory$auto$proc_rom.cc:155:do_switch$753$rdmux[0][1][0]$a$5122 [2:0] }, B={ 1'1 $memory$auto$proc_rom.cc:155:do_switch$753$rdmux[0][1][0]$b$5123 [5:4] $memory$auto$proc_rom.cc:155:do_switch$753$rdmux[0][1][0]$b$5123 [2:0] }, Y={ $memory$auto$proc_rom.cc:155:do_switch$753$rdmux[0][0][0]$a$5119 [6:4] $memory$auto$proc_rom.cc:155:do_switch$753$rdmux[0][0][0]$a$5119 [2:0] }
      New connections: $memory$auto$proc_rom.cc:155:do_switch$753$rdmux[0][0][0]$a$5119 [3] = $memory$auto$proc_rom.cc:155:do_switch$753$rdmux[0][0][0]$a$5119 [0]
    Consolidated identical input bits for $mux cell $memory$auto$proc_rom.cc:155:do_switch$773$rdmux[0][1][0]$4656:
      Old ports: A=$memory$auto$proc_rom.cc:155:do_switch$773$rdmux[0][1][0]$a$4657, B=$memory$auto$proc_rom.cc:155:do_switch$773$rdmux[0][1][0]$b$4658, Y=$memory$auto$proc_rom.cc:155:do_switch$773$rdmux[0][0][0]$a$4654
      New ports: A={ $memory$auto$proc_rom.cc:155:do_switch$773$rdmux[0][1][0]$a$4657 [6] $memory$auto$proc_rom.cc:155:do_switch$773$rdmux[0][1][0]$a$4657 [2] $memory$auto$proc_rom.cc:155:do_switch$773$rdmux[0][1][0]$a$4657 [4] $memory$auto$proc_rom.cc:155:do_switch$773$rdmux[0][1][0]$a$4657 [2:0] }, B={ 1'1 $memory$auto$proc_rom.cc:155:do_switch$773$rdmux[0][1][0]$b$4658 [5:4] $memory$auto$proc_rom.cc:155:do_switch$773$rdmux[0][1][0]$b$4658 [2:0] }, Y={ $memory$auto$proc_rom.cc:155:do_switch$773$rdmux[0][0][0]$a$4654 [6:4] $memory$auto$proc_rom.cc:155:do_switch$773$rdmux[0][0][0]$a$4654 [2:0] }
      New connections: $memory$auto$proc_rom.cc:155:do_switch$773$rdmux[0][0][0]$a$4654 [3] = $memory$auto$proc_rom.cc:155:do_switch$773$rdmux[0][0][0]$a$4654 [0]
  Optimizing cells in module \top_tm1638_demo.
    Consolidated identical input bits for $mux cell $memory$auto$proc_rom.cc:155:do_switch$757$rdmux[0][0][0]$5025:
      Old ports: A=$memory$auto$proc_rom.cc:155:do_switch$757$rdmux[0][0][0]$a$5026, B=$memory$auto$proc_rom.cc:155:do_switch$757$rdmux[0][0][0]$b$5027, Y=$auto$proc_rom.cc:154:do_switch$756
      New ports: A={ $memory$auto$proc_rom.cc:155:do_switch$757$rdmux[0][0][0]$a$5026 [6:4] $memory$auto$proc_rom.cc:155:do_switch$757$rdmux[0][0][0]$a$5026 [2:0] }, B={ $memory$auto$proc_rom.cc:155:do_switch$757$rdmux[0][0][0]$b$5027 [0] $memory$auto$proc_rom.cc:155:do_switch$757$rdmux[0][0][0]$b$5027 [0] 1'0 $memory$auto$proc_rom.cc:155:do_switch$757$rdmux[0][0][0]$b$5027 [0] $memory$auto$proc_rom.cc:155:do_switch$757$rdmux[0][0][0]$b$5027 [0] $memory$auto$proc_rom.cc:155:do_switch$757$rdmux[0][0][0]$b$5027 [0] }, Y={ $auto$proc_rom.cc:154:do_switch$756 [6:4] $auto$proc_rom.cc:154:do_switch$756 [2:0] }
      New connections: $auto$proc_rom.cc:154:do_switch$756 [3] = $auto$proc_rom.cc:154:do_switch$756 [0]
    Consolidated identical input bits for $mux cell $memory$auto$proc_rom.cc:155:do_switch$753$rdmux[0][0][0]$5118:
      Old ports: A=$memory$auto$proc_rom.cc:155:do_switch$753$rdmux[0][0][0]$a$5119, B=$memory$auto$proc_rom.cc:155:do_switch$753$rdmux[0][0][0]$b$5120, Y=$auto$proc_rom.cc:154:do_switch$752
      New ports: A={ $memory$auto$proc_rom.cc:155:do_switch$753$rdmux[0][0][0]$a$5119 [6:4] $memory$auto$proc_rom.cc:155:do_switch$753$rdmux[0][0][0]$a$5119 [2:0] }, B={ $memory$auto$proc_rom.cc:155:do_switch$753$rdmux[0][0][0]$b$5120 [0] $memory$auto$proc_rom.cc:155:do_switch$753$rdmux[0][0][0]$b$5120 [0] 1'0 $memory$auto$proc_rom.cc:155:do_switch$753$rdmux[0][0][0]$b$5120 [0] $memory$auto$proc_rom.cc:155:do_switch$753$rdmux[0][0][0]$b$5120 [0] $memory$auto$proc_rom.cc:155:do_switch$753$rdmux[0][0][0]$b$5120 [0] }, Y={ $auto$proc_rom.cc:154:do_switch$752 [6:4] $auto$proc_rom.cc:154:do_switch$752 [2:0] }
      New connections: $auto$proc_rom.cc:154:do_switch$752 [3] = $auto$proc_rom.cc:154:do_switch$752 [0]
    Consolidated identical input bits for $mux cell $memory$auto$proc_rom.cc:155:do_switch$761$rdmux[0][0][0]$4932:
      Old ports: A=$memory$auto$proc_rom.cc:155:do_switch$761$rdmux[0][0][0]$a$4933, B=$memory$auto$proc_rom.cc:155:do_switch$761$rdmux[0][0][0]$b$4934, Y=$auto$proc_rom.cc:154:do_switch$760
      New ports: A={ $memory$auto$proc_rom.cc:155:do_switch$761$rdmux[0][0][0]$a$4933 [6:4] $memory$auto$proc_rom.cc:155:do_switch$761$rdmux[0][0][0]$a$4933 [2:0] }, B={ $memory$auto$proc_rom.cc:155:do_switch$761$rdmux[0][0][0]$b$4934 [0] $memory$auto$proc_rom.cc:155:do_switch$761$rdmux[0][0][0]$b$4934 [0] 1'0 $memory$auto$proc_rom.cc:155:do_switch$761$rdmux[0][0][0]$b$4934 [0] $memory$auto$proc_rom.cc:155:do_switch$761$rdmux[0][0][0]$b$4934 [0] $memory$auto$proc_rom.cc:155:do_switch$761$rdmux[0][0][0]$b$4934 [0] }, Y={ $auto$proc_rom.cc:154:do_switch$760 [6:4] $auto$proc_rom.cc:154:do_switch$760 [2:0] }
      New connections: $auto$proc_rom.cc:154:do_switch$760 [3] = $auto$proc_rom.cc:154:do_switch$760 [0]
    Consolidated identical input bits for $mux cell $memory$auto$proc_rom.cc:155:do_switch$749$rdmux[0][0][0]$5211:
      Old ports: A=$memory$auto$proc_rom.cc:155:do_switch$749$rdmux[0][0][0]$a$5212, B=$memory$auto$proc_rom.cc:155:do_switch$749$rdmux[0][0][0]$b$5213, Y=$auto$proc_rom.cc:154:do_switch$748
      New ports: A={ $memory$auto$proc_rom.cc:155:do_switch$749$rdmux[0][0][0]$a$5212 [6:4] $memory$auto$proc_rom.cc:155:do_switch$749$rdmux[0][0][0]$a$5212 [2:0] }, B={ $memory$auto$proc_rom.cc:155:do_switch$749$rdmux[0][0][0]$b$5213 [0] $memory$auto$proc_rom.cc:155:do_switch$749$rdmux[0][0][0]$b$5213 [0] 1'0 $memory$auto$proc_rom.cc:155:do_switch$749$rdmux[0][0][0]$b$5213 [0] $memory$auto$proc_rom.cc:155:do_switch$749$rdmux[0][0][0]$b$5213 [0] $memory$auto$proc_rom.cc:155:do_switch$749$rdmux[0][0][0]$b$5213 [0] }, Y={ $auto$proc_rom.cc:154:do_switch$748 [6:4] $auto$proc_rom.cc:154:do_switch$748 [2:0] }
      New connections: $auto$proc_rom.cc:154:do_switch$748 [3] = $auto$proc_rom.cc:154:do_switch$748 [0]
    Consolidated identical input bits for $mux cell $memory$auto$proc_rom.cc:155:do_switch$765$rdmux[0][0][0]$4839:
      Old ports: A=$memory$auto$proc_rom.cc:155:do_switch$765$rdmux[0][0][0]$a$4840, B=$memory$auto$proc_rom.cc:155:do_switch$765$rdmux[0][0][0]$b$4841, Y=$auto$proc_rom.cc:154:do_switch$764
      New ports: A={ $memory$auto$proc_rom.cc:155:do_switch$765$rdmux[0][0][0]$a$4840 [6:4] $memory$auto$proc_rom.cc:155:do_switch$765$rdmux[0][0][0]$a$4840 [2:0] }, B={ $memory$auto$proc_rom.cc:155:do_switch$765$rdmux[0][0][0]$b$4841 [0] $memory$auto$proc_rom.cc:155:do_switch$765$rdmux[0][0][0]$b$4841 [0] 1'0 $memory$auto$proc_rom.cc:155:do_switch$765$rdmux[0][0][0]$b$4841 [0] $memory$auto$proc_rom.cc:155:do_switch$765$rdmux[0][0][0]$b$4841 [0] $memory$auto$proc_rom.cc:155:do_switch$765$rdmux[0][0][0]$b$4841 [0] }, Y={ $auto$proc_rom.cc:154:do_switch$764 [6:4] $auto$proc_rom.cc:154:do_switch$764 [2:0] }
      New connections: $auto$proc_rom.cc:154:do_switch$764 [3] = $auto$proc_rom.cc:154:do_switch$764 [0]
    Consolidated identical input bits for $mux cell $memory$auto$proc_rom.cc:155:do_switch$769$rdmux[0][0][0]$4746:
      Old ports: A=$memory$auto$proc_rom.cc:155:do_switch$769$rdmux[0][0][0]$a$4747, B=$memory$auto$proc_rom.cc:155:do_switch$769$rdmux[0][0][0]$b$4748, Y=$auto$proc_rom.cc:154:do_switch$768
      New ports: A={ $memory$auto$proc_rom.cc:155:do_switch$769$rdmux[0][0][0]$a$4747 [6:4] $memory$auto$proc_rom.cc:155:do_switch$769$rdmux[0][0][0]$a$4747 [2:0] }, B={ $memory$auto$proc_rom.cc:155:do_switch$769$rdmux[0][0][0]$b$4748 [0] $memory$auto$proc_rom.cc:155:do_switch$769$rdmux[0][0][0]$b$4748 [0] 1'0 $memory$auto$proc_rom.cc:155:do_switch$769$rdmux[0][0][0]$b$4748 [0] $memory$auto$proc_rom.cc:155:do_switch$769$rdmux[0][0][0]$b$4748 [0] $memory$auto$proc_rom.cc:155:do_switch$769$rdmux[0][0][0]$b$4748 [0] }, Y={ $auto$proc_rom.cc:154:do_switch$768 [6:4] $auto$proc_rom.cc:154:do_switch$768 [2:0] }
      New connections: $auto$proc_rom.cc:154:do_switch$768 [3] = $auto$proc_rom.cc:154:do_switch$768 [0]
    Consolidated identical input bits for $mux cell $memory$auto$proc_rom.cc:155:do_switch$773$rdmux[0][0][0]$4653:
      Old ports: A=$memory$auto$proc_rom.cc:155:do_switch$773$rdmux[0][0][0]$a$4654, B=$memory$auto$proc_rom.cc:155:do_switch$773$rdmux[0][0][0]$b$4655, Y=$auto$proc_rom.cc:154:do_switch$772
      New ports: A={ $memory$auto$proc_rom.cc:155:do_switch$773$rdmux[0][0][0]$a$4654 [6:4] $memory$auto$proc_rom.cc:155:do_switch$773$rdmux[0][0][0]$a$4654 [2:0] }, B={ $memory$auto$proc_rom.cc:155:do_switch$773$rdmux[0][0][0]$b$4655 [0] $memory$auto$proc_rom.cc:155:do_switch$773$rdmux[0][0][0]$b$4655 [0] 1'0 $memory$auto$proc_rom.cc:155:do_switch$773$rdmux[0][0][0]$b$4655 [0] $memory$auto$proc_rom.cc:155:do_switch$773$rdmux[0][0][0]$b$4655 [0] $memory$auto$proc_rom.cc:155:do_switch$773$rdmux[0][0][0]$b$4655 [0] }, Y={ $auto$proc_rom.cc:154:do_switch$772 [6:4] $auto$proc_rom.cc:154:do_switch$772 [2:0] }
      New connections: $auto$proc_rom.cc:154:do_switch$772 [3] = $auto$proc_rom.cc:154:do_switch$772 [0]
    Consolidated identical input bits for $mux cell $memory$auto$proc_rom.cc:155:do_switch$745$rdmux[0][0][0]$5304:
      Old ports: A=$memory$auto$proc_rom.cc:155:do_switch$745$rdmux[0][0][0]$a$5305, B=$memory$auto$proc_rom.cc:155:do_switch$745$rdmux[0][0][0]$b$5306, Y=$auto$proc_rom.cc:154:do_switch$744
      New ports: A={ $memory$auto$proc_rom.cc:155:do_switch$745$rdmux[0][0][0]$a$5305 [6:4] $memory$auto$proc_rom.cc:155:do_switch$745$rdmux[0][0][0]$a$5305 [2:0] }, B={ $memory$auto$proc_rom.cc:155:do_switch$745$rdmux[0][0][0]$b$5306 [0] $memory$auto$proc_rom.cc:155:do_switch$745$rdmux[0][0][0]$b$5306 [0] 1'0 $memory$auto$proc_rom.cc:155:do_switch$745$rdmux[0][0][0]$b$5306 [0] $memory$auto$proc_rom.cc:155:do_switch$745$rdmux[0][0][0]$b$5306 [0] $memory$auto$proc_rom.cc:155:do_switch$745$rdmux[0][0][0]$b$5306 [0] }, Y={ $auto$proc_rom.cc:154:do_switch$744 [6:4] $auto$proc_rom.cc:154:do_switch$744 [2:0] }
      New connections: $auto$proc_rom.cc:154:do_switch$744 [3] = $auto$proc_rom.cc:154:do_switch$744 [0]
  Optimizing cells in module \top_tm1638_demo.
    Consolidated identical input bits for $mux cell $procmux$1787:
      Old ports: A=7'0000000, B=$auto$proc_rom.cc:154:do_switch$744, Y=$6\text_char$func$rtl/top_tm1638_demo.v:150$383.$result[6:0]$660
      New ports: A=6'000000, B={ $auto$proc_rom.cc:154:do_switch$744 [6:4] $auto$proc_rom.cc:154:do_switch$744 [2:0] }, Y={ $6\text_char$func$rtl/top_tm1638_demo.v:150$383.$result[6:0]$660 [6:4] $6\text_char$func$rtl/top_tm1638_demo.v:150$383.$result[6:0]$660 [2:0] }
      New connections: $6\text_char$func$rtl/top_tm1638_demo.v:150$383.$result[6:0]$660 [3] = $6\text_char$func$rtl/top_tm1638_demo.v:150$383.$result[6:0]$660 [0]
    Consolidated identical input bits for $mux cell $procmux$1529:
      Old ports: A=7'0000000, B=$auto$proc_rom.cc:154:do_switch$752, Y=$6\text_char$func$rtl/top_tm1638_demo.v:150$391.$result[6:0]$678
      New ports: A=6'000000, B={ $auto$proc_rom.cc:154:do_switch$752 [6:4] $auto$proc_rom.cc:154:do_switch$752 [2:0] }, Y={ $6\text_char$func$rtl/top_tm1638_demo.v:150$391.$result[6:0]$678 [6:4] $6\text_char$func$rtl/top_tm1638_demo.v:150$391.$result[6:0]$678 [2:0] }
      New connections: $6\text_char$func$rtl/top_tm1638_demo.v:150$391.$result[6:0]$678 [3] = $6\text_char$func$rtl/top_tm1638_demo.v:150$391.$result[6:0]$678 [0]
    Consolidated identical input bits for $mux cell $procmux$1412:
      Old ports: A=7'0000000, B=$auto$proc_rom.cc:154:do_switch$756, Y=$6\text_char$func$rtl/top_tm1638_demo.v:150$395.$result[6:0]$687
      New ports: A=6'000000, B={ $auto$proc_rom.cc:154:do_switch$756 [6:4] $auto$proc_rom.cc:154:do_switch$756 [2:0] }, Y={ $6\text_char$func$rtl/top_tm1638_demo.v:150$395.$result[6:0]$687 [6:4] $6\text_char$func$rtl/top_tm1638_demo.v:150$395.$result[6:0]$687 [2:0] }
      New connections: $6\text_char$func$rtl/top_tm1638_demo.v:150$395.$result[6:0]$687 [3] = $6\text_char$func$rtl/top_tm1638_demo.v:150$395.$result[6:0]$687 [0]
    Consolidated identical input bits for $mux cell $procmux$1303:
      Old ports: A=7'0000000, B=$auto$proc_rom.cc:154:do_switch$760, Y=$6\text_char$func$rtl/top_tm1638_demo.v:150$399.$result[6:0]$696
      New ports: A=6'000000, B={ $auto$proc_rom.cc:154:do_switch$760 [6:4] $auto$proc_rom.cc:154:do_switch$760 [2:0] }, Y={ $6\text_char$func$rtl/top_tm1638_demo.v:150$399.$result[6:0]$696 [6:4] $6\text_char$func$rtl/top_tm1638_demo.v:150$399.$result[6:0]$696 [2:0] }
      New connections: $6\text_char$func$rtl/top_tm1638_demo.v:150$399.$result[6:0]$696 [3] = $6\text_char$func$rtl/top_tm1638_demo.v:150$399.$result[6:0]$696 [0]
    Consolidated identical input bits for $mux cell $procmux$1202:
      Old ports: A=7'0000000, B=$auto$proc_rom.cc:154:do_switch$764, Y=$6\text_char$func$rtl/top_tm1638_demo.v:150$403.$result[6:0]$705
      New ports: A=6'000000, B={ $auto$proc_rom.cc:154:do_switch$764 [6:4] $auto$proc_rom.cc:154:do_switch$764 [2:0] }, Y={ $6\text_char$func$rtl/top_tm1638_demo.v:150$403.$result[6:0]$705 [6:4] $6\text_char$func$rtl/top_tm1638_demo.v:150$403.$result[6:0]$705 [2:0] }
      New connections: $6\text_char$func$rtl/top_tm1638_demo.v:150$403.$result[6:0]$705 [3] = $6\text_char$func$rtl/top_tm1638_demo.v:150$403.$result[6:0]$705 [0]
    Consolidated identical input bits for $mux cell $procmux$1654:
      Old ports: A=7'0000000, B=$auto$proc_rom.cc:154:do_switch$748, Y=$6\text_char$func$rtl/top_tm1638_demo.v:150$387.$result[6:0]$669
      New ports: A=6'000000, B={ $auto$proc_rom.cc:154:do_switch$748 [6:4] $auto$proc_rom.cc:154:do_switch$748 [2:0] }, Y={ $6\text_char$func$rtl/top_tm1638_demo.v:150$387.$result[6:0]$669 [6:4] $6\text_char$func$rtl/top_tm1638_demo.v:150$387.$result[6:0]$669 [2:0] }
      New connections: $6\text_char$func$rtl/top_tm1638_demo.v:150$387.$result[6:0]$669 [3] = $6\text_char$func$rtl/top_tm1638_demo.v:150$387.$result[6:0]$669 [0]
    Consolidated identical input bits for $mux cell $procmux$1109:
      Old ports: A=7'0000000, B=$auto$proc_rom.cc:154:do_switch$768, Y=$6\text_char$func$rtl/top_tm1638_demo.v:150$407.$result[6:0]$714
      New ports: A=6'000000, B={ $auto$proc_rom.cc:154:do_switch$768 [6:4] $auto$proc_rom.cc:154:do_switch$768 [2:0] }, Y={ $6\text_char$func$rtl/top_tm1638_demo.v:150$407.$result[6:0]$714 [6:4] $6\text_char$func$rtl/top_tm1638_demo.v:150$407.$result[6:0]$714 [2:0] }
      New connections: $6\text_char$func$rtl/top_tm1638_demo.v:150$407.$result[6:0]$714 [3] = $6\text_char$func$rtl/top_tm1638_demo.v:150$407.$result[6:0]$714 [0]
    Consolidated identical input bits for $mux cell $procmux$1024:
      Old ports: A=7'0000000, B=$auto$proc_rom.cc:154:do_switch$772, Y=$6\text_char$func$rtl/top_tm1638_demo.v:150$411.$result[6:0]$723
      New ports: A=6'000000, B={ $auto$proc_rom.cc:154:do_switch$772 [6:4] $auto$proc_rom.cc:154:do_switch$772 [2:0] }, Y={ $6\text_char$func$rtl/top_tm1638_demo.v:150$411.$result[6:0]$723 [6:4] $6\text_char$func$rtl/top_tm1638_demo.v:150$411.$result[6:0]$723 [2:0] }
      New connections: $6\text_char$func$rtl/top_tm1638_demo.v:150$411.$result[6:0]$723 [3] = $6\text_char$func$rtl/top_tm1638_demo.v:150$411.$result[6:0]$723 [0]
  Optimizing cells in module \top_tm1638_demo.
    Consolidated identical input bits for $mux cell $procmux$1561:
      Old ports: A=7'0000000, B=$6\text_char$func$rtl/top_tm1638_demo.v:150$391.$result[6:0]$678, Y=$5\window_char$func$rtl/top_tm1638_demo.v:160$390.$result[6:0]$675
      New ports: A=6'000000, B={ $6\text_char$func$rtl/top_tm1638_demo.v:150$391.$result[6:0]$678 [6:4] $6\text_char$func$rtl/top_tm1638_demo.v:150$391.$result[6:0]$678 [2:0] }, Y={ $5\window_char$func$rtl/top_tm1638_demo.v:160$390.$result[6:0]$675 [6:4] $5\window_char$func$rtl/top_tm1638_demo.v:160$390.$result[6:0]$675 [2:0] }
      New connections: $5\window_char$func$rtl/top_tm1638_demo.v:160$390.$result[6:0]$675 [3] = $5\window_char$func$rtl/top_tm1638_demo.v:160$390.$result[6:0]$675 [0]
    Consolidated identical input bits for $mux cell $procmux$1442:
      Old ports: A=7'0000000, B=$6\text_char$func$rtl/top_tm1638_demo.v:150$395.$result[6:0]$687, Y=$5\window_char$func$rtl/top_tm1638_demo.v:160$394.$result[6:0]$684
      New ports: A=6'000000, B={ $6\text_char$func$rtl/top_tm1638_demo.v:150$395.$result[6:0]$687 [6:4] $6\text_char$func$rtl/top_tm1638_demo.v:150$395.$result[6:0]$687 [2:0] }, Y={ $5\window_char$func$rtl/top_tm1638_demo.v:160$394.$result[6:0]$684 [6:4] $5\window_char$func$rtl/top_tm1638_demo.v:160$394.$result[6:0]$684 [2:0] }
      New connections: $5\window_char$func$rtl/top_tm1638_demo.v:160$394.$result[6:0]$684 [3] = $5\window_char$func$rtl/top_tm1638_demo.v:160$394.$result[6:0]$684 [0]
    Consolidated identical input bits for $mux cell $procmux$1331:
      Old ports: A=7'0000000, B=$6\text_char$func$rtl/top_tm1638_demo.v:150$399.$result[6:0]$696, Y=$5\window_char$func$rtl/top_tm1638_demo.v:160$398.$result[6:0]$693
      New ports: A=6'000000, B={ $6\text_char$func$rtl/top_tm1638_demo.v:150$399.$result[6:0]$696 [6:4] $6\text_char$func$rtl/top_tm1638_demo.v:150$399.$result[6:0]$696 [2:0] }, Y={ $5\window_char$func$rtl/top_tm1638_demo.v:160$398.$result[6:0]$693 [6:4] $5\window_char$func$rtl/top_tm1638_demo.v:160$398.$result[6:0]$693 [2:0] }
      New connections: $5\window_char$func$rtl/top_tm1638_demo.v:160$398.$result[6:0]$693 [3] = $5\window_char$func$rtl/top_tm1638_demo.v:160$398.$result[6:0]$693 [0]
    Consolidated identical input bits for $mux cell $procmux$1688:
      Old ports: A=7'0000000, B=$6\text_char$func$rtl/top_tm1638_demo.v:150$387.$result[6:0]$669, Y=$5\window_char$func$rtl/top_tm1638_demo.v:160$386.$result[6:0]$666
      New ports: A=6'000000, B={ $6\text_char$func$rtl/top_tm1638_demo.v:150$387.$result[6:0]$669 [6:4] $6\text_char$func$rtl/top_tm1638_demo.v:150$387.$result[6:0]$669 [2:0] }, Y={ $5\window_char$func$rtl/top_tm1638_demo.v:160$386.$result[6:0]$666 [6:4] $5\window_char$func$rtl/top_tm1638_demo.v:160$386.$result[6:0]$666 [2:0] }
      New connections: $5\window_char$func$rtl/top_tm1638_demo.v:160$386.$result[6:0]$666 [3] = $5\window_char$func$rtl/top_tm1638_demo.v:160$386.$result[6:0]$666 [0]
    Consolidated identical input bits for $mux cell $procmux$1228:
      Old ports: A=7'0000000, B=$6\text_char$func$rtl/top_tm1638_demo.v:150$403.$result[6:0]$705, Y=$5\window_char$func$rtl/top_tm1638_demo.v:160$402.$result[6:0]$702
      New ports: A=6'000000, B={ $6\text_char$func$rtl/top_tm1638_demo.v:150$403.$result[6:0]$705 [6:4] $6\text_char$func$rtl/top_tm1638_demo.v:150$403.$result[6:0]$705 [2:0] }, Y={ $5\window_char$func$rtl/top_tm1638_demo.v:160$402.$result[6:0]$702 [6:4] $5\window_char$func$rtl/top_tm1638_demo.v:160$402.$result[6:0]$702 [2:0] }
      New connections: $5\window_char$func$rtl/top_tm1638_demo.v:160$402.$result[6:0]$702 [3] = $5\window_char$func$rtl/top_tm1638_demo.v:160$402.$result[6:0]$702 [0]
    Consolidated identical input bits for $mux cell $procmux$1133:
      Old ports: A=7'0000000, B=$6\text_char$func$rtl/top_tm1638_demo.v:150$407.$result[6:0]$714, Y=$5\window_char$func$rtl/top_tm1638_demo.v:160$406.$result[6:0]$711
      New ports: A=6'000000, B={ $6\text_char$func$rtl/top_tm1638_demo.v:150$407.$result[6:0]$714 [6:4] $6\text_char$func$rtl/top_tm1638_demo.v:150$407.$result[6:0]$714 [2:0] }, Y={ $5\window_char$func$rtl/top_tm1638_demo.v:160$406.$result[6:0]$711 [6:4] $5\window_char$func$rtl/top_tm1638_demo.v:160$406.$result[6:0]$711 [2:0] }
      New connections: $5\window_char$func$rtl/top_tm1638_demo.v:160$406.$result[6:0]$711 [3] = $5\window_char$func$rtl/top_tm1638_demo.v:160$406.$result[6:0]$711 [0]
    Consolidated identical input bits for $mux cell $procmux$1046:
      Old ports: A=7'0000000, B=$6\text_char$func$rtl/top_tm1638_demo.v:150$411.$result[6:0]$723, Y=$5\window_char$func$rtl/top_tm1638_demo.v:160$410.$result[6:0]$720
      New ports: A=6'000000, B={ $6\text_char$func$rtl/top_tm1638_demo.v:150$411.$result[6:0]$723 [6:4] $6\text_char$func$rtl/top_tm1638_demo.v:150$411.$result[6:0]$723 [2:0] }, Y={ $5\window_char$func$rtl/top_tm1638_demo.v:160$410.$result[6:0]$720 [6:4] $5\window_char$func$rtl/top_tm1638_demo.v:160$410.$result[6:0]$720 [2:0] }
      New connections: $5\window_char$func$rtl/top_tm1638_demo.v:160$410.$result[6:0]$720 [3] = $5\window_char$func$rtl/top_tm1638_demo.v:160$410.$result[6:0]$720 [0]
    Consolidated identical input bits for $mux cell $procmux$1823:
      Old ports: A=7'0000000, B=$6\text_char$func$rtl/top_tm1638_demo.v:150$383.$result[6:0]$660, Y=$5\window_char$func$rtl/top_tm1638_demo.v:160$382.$result[6:0]$657
      New ports: A=6'000000, B={ $6\text_char$func$rtl/top_tm1638_demo.v:150$383.$result[6:0]$660 [6:4] $6\text_char$func$rtl/top_tm1638_demo.v:150$383.$result[6:0]$660 [2:0] }, Y={ $5\window_char$func$rtl/top_tm1638_demo.v:160$382.$result[6:0]$657 [6:4] $5\window_char$func$rtl/top_tm1638_demo.v:160$382.$result[6:0]$657 [2:0] }
      New connections: $5\window_char$func$rtl/top_tm1638_demo.v:160$382.$result[6:0]$657 [3] = $5\window_char$func$rtl/top_tm1638_demo.v:160$382.$result[6:0]$657 [0]
  Optimizing cells in module \top_tm1638_demo.
Performed a total of 164 changes.

3.31.5. Executing OPT_MERGE pass (detect identical cells).
Finding identical cells in module `\top_tm1638_demo'.
Computing hashes of 423 cells of `\top_tm1638_demo'.
Finding duplicate cells in `\top_tm1638_demo'.
Computing hashes of 399 cells of `\top_tm1638_demo'.
Finding duplicate cells in `\top_tm1638_demo'.
<suppressed ~72 debug messages>
Removed a total of 24 cells.

3.31.6. Executing OPT_DFF pass (perform DFF optimizations).

3.31.7. Executing OPT_CLEAN pass (remove unused cells and wires).
Finding unused cells or wires in module \top_tm1638_demo..
Removed 0 unused cells and 384 unused wires.
<suppressed ~1 debug messages>

3.31.8. Executing OPT_EXPR pass (perform const folding).
Optimizing module top_tm1638_demo.

3.31.9. Rerunning OPT passes. (Maybe there is more to do..)

3.31.10. Executing OPT_MUXTREE pass (detect dead branches in mux trees).
Running muxtree optimizer on module \top_tm1638_demo..
  Creating internal representation of mux trees.
  Evaluating internal representation of mux trees.
  Analyzing evaluation results.
Removed 0 multiplexer ports.
<suppressed ~246 debug messages>

3.31.11. Executing OPT_REDUCE pass (consolidate $*mux and $reduce_* inputs).
  Optimizing cells in module \top_tm1638_demo.
Performed a total of 0 changes.

3.31.12. Executing OPT_MERGE pass (detect identical cells).
Finding identical cells in module `\top_tm1638_demo'.
Computing hashes of 399 cells of `\top_tm1638_demo'.
Finding duplicate cells in `\top_tm1638_demo'.
Removed a total of 0 cells.

3.31.13. Executing OPT_DFF pass (perform DFF optimizations).

3.31.14. Executing OPT_CLEAN pass (remove unused cells and wires).
Finding unused cells or wires in module \top_tm1638_demo..

3.31.15. Executing OPT_EXPR pass (perform const folding).
Optimizing module top_tm1638_demo.

3.31.16. Finished fast OPT passes. (There is nothing left to do.)

3.32. Executing ICE40_WRAPCARRY pass (wrap carries).

3.33. Executing TECHMAP pass (map to technology primitives).

3.33.1. Executing Verilog-2005 frontend: d:\tools\oss-cad-suite\bin\../share/yosys/techmap.v
Parsing Verilog input from `d:\tools\oss-cad-suite\bin\../share/yosys/techmap.v' to AST representation.
Generating RTLIL representation for module `\_90_simplemap_bool_ops'.
Generating RTLIL representation for module `\_90_simplemap_reduce_ops'.
Generating RTLIL representation for module `\_90_simplemap_logic_ops'.
Generating RTLIL representation for module `\_90_simplemap_compare_ops'.
Generating RTLIL representation for module `\_90_simplemap_various'.
Generating RTLIL representation for module `\_90_simplemap_registers'.
Generating RTLIL representation for module `\_90_shift_ops_shr_shl_sshl_sshr'.
Generating RTLIL representation for module `\_90_shift_shiftx'.
Generating RTLIL representation for module `\_90_fa'.
Generating RTLIL representation for module `\_90_lcu_brent_kung'.
Generating RTLIL representation for module `\_90_alu'.
Generating RTLIL representation for module `\_90_macc'.
Generating RTLIL representation for module `\_90_alumacc'.
Generating RTLIL representation for module `$__div_mod_u'.
Generating RTLIL representation for module `$__div_mod_trunc'.
Generating RTLIL representation for module `\_90_div'.
Generating RTLIL representation for module `\_90_mod'.
Generating RTLIL representation for module `$__div_mod_floor'.
Generating RTLIL representation for module `\_90_divfloor'.
Generating RTLIL representation for module `\_90_modfloor'.
Generating RTLIL representation for module `\_90_pow'.
Generating RTLIL representation for module `\_90_demux'.
Generating RTLIL representation for module `\_90_lut'.
Generating RTLIL representation for module `$connect'.
Generating RTLIL representation for module `$input_port'.
Successfully finished Verilog frontend.

3.33.2. Executing Verilog-2005 frontend: d:\tools\oss-cad-suite\bin\../share/yosys/ice40/arith_map.v
Parsing Verilog input from `d:\tools\oss-cad-suite\bin\../share/yosys/ice40/arith_map.v' to AST representation.
Generating RTLIL representation for module `\_80_ice40_alu'.
Successfully finished Verilog frontend.

3.33.3. Continuing TECHMAP pass.
Using extmapper simplemap for cells of type $not.
Using extmapper simplemap for cells of type $reduce_or.
Using template $paramod$1a9b2adc0e90ccf2d22dba8d72430d10741e65ed\_80_ice40_alu for cells of type $alu.
Using template $paramod$32efbfac1c4dc57230cf86180788fdfd12e3b511\_80_ice40_alu for cells of type $alu.
Using template $paramod$79aa992f2eb7f354d4aaf651790713cf239111fa\_80_ice40_alu for cells of type $alu.
Using template $paramod$a04dd9d4d8b430140c4ff94b50470fb380fda2a0\_80_ice40_alu for cells of type $alu.
Using template $paramod$3ef7d3dd227da7627a99c5e5a6a4deb817573e39\_80_ice40_alu for cells of type $alu.
Using extmapper simplemap for cells of type $xor.
Using template $paramod$297518c194a8ad6f44154a9c5ecf19486562def9\_80_ice40_alu for cells of type $alu.
Using extmapper simplemap for cells of type $or.
Using extmapper simplemap for cells of type $reduce_and.
Using template $paramod$acb50aac1033d58dd99234b0e18364ce3b729ad2\_80_ice40_alu for cells of type $alu.
Using template $paramod$dad13a281fa6a9ffd6dd427a87dc9a952e80e9ea\_80_ice40_alu for cells of type $alu.
Using template $paramod$e82d3fc1811c5751348a3964470632b35a435fc7\_80_ice40_alu for cells of type $alu.
Using template $paramod$e59743f200ea38dcead3c53d33f3f7c0a8282ffa\_80_ice40_alu for cells of type $alu.
Using extmapper maccmap for cells of type $macc_v2.
  add \scroll_pos (6 bits, unsigned)
  add 8'11111001 (8 bits, unsigned)
  add \scroll_pos (6 bits, unsigned)
  add 8'11111010 (8 bits, unsigned)
  add \scroll_pos (6 bits, unsigned)
  add 8'11111101 (8 bits, unsigned)
  add \scroll_pos (6 bits, unsigned)
  add 8'11111111 (8 bits, unsigned)
  add \scroll_pos (6 bits, unsigned)
  add 8'11111011 (8 bits, unsigned)
  add \scroll_pos (6 bits, unsigned)
  add 8'11111110 (8 bits, unsigned)
  add \scroll_pos (6 bits, unsigned)
  add 8'11111100 (8 bits, unsigned)
Using extmapper simplemap for cells of type $sdff.
Using extmapper simplemap for cells of type $reduce_bool.
Using extmapper simplemap for cells of type $sdffe.
Using extmapper simplemap for cells of type $ne.
Using extmapper simplemap for cells of type $mux.
Using extmapper simplemap for cells of type $logic_and.
Using extmapper simplemap for cells of type $logic_or.
Using extmapper simplemap for cells of type $logic_not.
Using extmapper simplemap for cells of type $eq.
Using extmapper simplemap for cells of type $pmux.
Using extmapper simplemap for cells of type $dff.
Using extmapper simplemap for cells of type $and.
Using template $paramod$a1bc51c02ce12ac21eb18988e83292af48ed7d72\_80_ice40_alu for cells of type $alu.
Using extmapper simplemap for cells of type $pos.
No more expansions possible.
<suppressed ~820 debug messages>

3.34. Executing OPT pass (performing simple optimizations).

3.34.1. Executing OPT_EXPR pass (perform const folding).
Optimizing module top_tm1638_demo.
<suppressed ~1270 debug messages>

3.34.2. Executing OPT_MERGE pass (detect identical cells).
Finding identical cells in module `\top_tm1638_demo'.
Computing hashes of 1935 cells of `\top_tm1638_demo'.
Finding duplicate cells in `\top_tm1638_demo'.
Computing hashes of 1570 cells of `\top_tm1638_demo'.
Finding duplicate cells in `\top_tm1638_demo'.
Computing hashes of 1479 cells of `\top_tm1638_demo'.
Finding duplicate cells in `\top_tm1638_demo'.
Computing hashes of 1459 cells of `\top_tm1638_demo'.
Finding duplicate cells in `\top_tm1638_demo'.
Computing hashes of 1458 cells of `\top_tm1638_demo'.
Finding duplicate cells in `\top_tm1638_demo'.
<suppressed ~1431 debug messages>
Removed a total of 477 cells.

3.34.3. Executing OPT_DFF pass (perform DFF optimizations).

3.34.4. Executing OPT_CLEAN pass (remove unused cells and wires).
Finding unused cells or wires in module \top_tm1638_demo..
Removed 30 unused cells and 977 unused wires.
<suppressed ~31 debug messages>

3.34.5. Finished fast OPT passes.

3.35. Executing ICE40_OPT pass (performing simple optimizations).

3.35.1. Running ICE40 specific optimizations.
Optimized $__ICE40_CARRY_WRAPPER cell back to logic (without SB_CARRY) top_tm1638_demo.$auto$maccmap.cc:240:synth$5786.slice[6].carry: CO=$auto$maccmap.cc:240:synth$5786.C [6]
Optimized $__ICE40_CARRY_WRAPPER cell back to logic (without SB_CARRY) top_tm1638_demo.$auto$maccmap.cc:240:synth$5786.slice[7].carry: CO=$auto$maccmap.cc:240:synth$5786.C [7]
Optimized $__ICE40_CARRY_WRAPPER cell back to logic (without SB_CARRY) top_tm1638_demo.$auto$maccmap.cc:240:synth$5786.slice[0].carry: CO=\scroll_pos [0]
Optimized $__ICE40_CARRY_WRAPPER cell back to logic (without SB_CARRY) top_tm1638_demo.$auto$maccmap.cc:240:synth$5790.slice[0].carry: CO=\scroll_pos [0]
Optimized $__ICE40_CARRY_WRAPPER cell back to logic (without SB_CARRY) top_tm1638_demo.$auto$maccmap.cc:240:synth$5778.slice[0].carry: CO=\scroll_pos [0]
Optimized $__ICE40_CARRY_WRAPPER cell back to logic (without SB_CARRY) top_tm1638_demo.$auto$maccmap.cc:240:synth$5790.slice[6].carry: CO=$auto$maccmap.cc:240:synth$5790.C [6]
Optimized $__ICE40_CARRY_WRAPPER cell back to logic (without SB_CARRY) top_tm1638_demo.$auto$maccmap.cc:240:synth$5790.slice[7].carry: CO=$auto$maccmap.cc:240:synth$5790.C [7]
Optimized $__ICE40_CARRY_WRAPPER cell back to logic (without SB_CARRY) top_tm1638_demo.$auto$maccmap.cc:240:synth$5778.slice[6].carry: CO=$auto$maccmap.cc:240:synth$5778.C [6]
Optimized $__ICE40_CARRY_WRAPPER cell back to logic (without SB_CARRY) top_tm1638_demo.$auto$alumacc.cc:548:replace_alu$4336.slice[0].carry: CO=\anim_counter [0]
Optimized $__ICE40_CARRY_WRAPPER cell back to logic (without SB_CARRY) top_tm1638_demo.$auto$alumacc.cc:548:replace_alu$4349.slice[0].carry: CO=\anim_counter [0]
Optimized $__ICE40_CARRY_WRAPPER cell back to logic (without SB_CARRY) top_tm1638_demo.$auto$maccmap.cc:240:synth$5782.slice[6].carry: CO=$auto$maccmap.cc:240:synth$5782.C [6]
Optimized $__ICE40_CARRY_WRAPPER cell back to logic (without SB_CARRY) top_tm1638_demo.$auto$alumacc.cc:548:replace_alu$4362.slice[0].carry: CO=\scroll_pos [1]
Optimized $__ICE40_CARRY_WRAPPER cell back to logic (without SB_CARRY) top_tm1638_demo.$auto$alumacc.cc:548:replace_alu$4390.slice[0].carry: CO=\scroll_pos [1]
Optimized $__ICE40_CARRY_WRAPPER cell back to logic (without SB_CARRY) top_tm1638_demo.$auto$maccmap.cc:240:synth$5794.slice[0].carry: CO=\scroll_pos [0]
Optimized $__ICE40_CARRY_WRAPPER cell back to logic (without SB_CARRY) top_tm1638_demo.$auto$alumacc.cc:548:replace_alu$4412.slice[0].carry: CO=$auto$alumacc.cc:548:replace_alu$4412.A [0]
Optimized $__ICE40_CARRY_WRAPPER cell back to logic (without SB_CARRY) top_tm1638_demo.$auto$alumacc.cc:548:replace_alu$4434.slice[0].carry: CO=$auto$alumacc.cc:548:replace_alu$4434.A [0]
Optimized $__ICE40_CARRY_WRAPPER cell back to logic (without SB_CARRY) top_tm1638_demo.$auto$alumacc.cc:548:replace_alu$4456.slice[0].carry: CO=$auto$alumacc.cc:548:replace_alu$4456.A [0]
Optimized $__ICE40_CARRY_WRAPPER cell back to logic (without SB_CARRY) top_tm1638_demo.$auto$alumacc.cc:548:replace_alu$4478.slice[0].carry: CO=$auto$alumacc.cc:548:replace_alu$4478.A [0]
Optimized $__ICE40_CARRY_WRAPPER cell back to logic (without SB_CARRY) top_tm1638_demo.$auto$alumacc.cc:548:replace_alu$4500.slice[0].carry: CO=$auto$alumacc.cc:548:replace_alu$4500.A [0]
Optimized $__ICE40_CARRY_WRAPPER cell back to logic (without SB_CARRY) top_tm1638_demo.$auto$alumacc.cc:548:replace_alu$4522.slice[0].carry: CO=$auto$alumacc.cc:548:replace_alu$4522.A [0]
Optimized $__ICE40_CARRY_WRAPPER cell back to logic (without SB_CARRY) top_tm1638_demo.$auto$alumacc.cc:548:replace_alu$4544.slice[0].carry: CO=$auto$alumacc.cc:548:replace_alu$4544.A [0]
Optimized $__ICE40_CARRY_WRAPPER cell back to logic (without SB_CARRY) top_tm1638_demo.$auto$alumacc.cc:548:replace_alu$4551.slice[0].carry: CO=\u_tm1638.ctr_q [0]
Optimized $__ICE40_CARRY_WRAPPER cell back to logic (without SB_CARRY) top_tm1638_demo.$auto$alumacc.cc:548:replace_alu$4554.slice[0].carry: CO=\u_tm1638.sclk_q [0]
Optimized $__ICE40_CARRY_WRAPPER cell back to logic (without SB_CARRY) top_tm1638_demo.$auto$alumacc.cc:548:replace_alu$4557.slice[0].carry: CO=\instruction_step [0]
Optimized $__ICE40_CARRY_WRAPPER cell back to logic (without SB_CARRY) top_tm1638_demo.$auto$alumacc.cc:548:replace_alu$4560.slice[0].carry: CO=\scroll_pos [0]
Optimized $__ICE40_CARRY_WRAPPER cell back to logic (without SB_CARRY) top_tm1638_demo.$auto$alumacc.cc:548:replace_alu$4563.slice[0].carry: CO=\scroll_pos [0]
Optimized $__ICE40_CARRY_WRAPPER cell back to logic (without SB_CARRY) top_tm1638_demo.$auto$alumacc.cc:548:replace_alu$4566.slice[0].carry: CO=\anim_counter [0]
Optimized $__ICE40_CARRY_WRAPPER cell back to logic (without SB_CARRY) top_tm1638_demo.$auto$maccmap.cc:240:synth$5794.slice[6].carry: CO=$auto$maccmap.cc:240:synth$5794.C [6]
Optimized $__ICE40_CARRY_WRAPPER cell back to logic (without SB_CARRY) top_tm1638_demo.$auto$alumacc.cc:548:replace_alu$4569.slice[0].carry: CO=\scan_div [0]
Optimized $__ICE40_CARRY_WRAPPER cell back to logic (without SB_CARRY) top_tm1638_demo.$auto$alumacc.cc:548:replace_alu$4572.slice[0].carry: CO=\scroll_pos [3]
Optimized $__ICE40_CARRY_WRAPPER cell back to logic (without SB_CARRY) top_tm1638_demo.$auto$alumacc.cc:548:replace_alu$4572.slice[3].carry: CO=$auto$alumacc.cc:548:replace_alu$4572.C [3]
Optimized $__ICE40_CARRY_WRAPPER cell back to logic (without SB_CARRY) top_tm1638_demo.$auto$maccmap.cc:240:synth$5794.slice[7].carry: CO=$auto$maccmap.cc:240:synth$5794.C [7]
Optimized $__ICE40_CARRY_WRAPPER cell back to logic (without SB_CARRY) top_tm1638_demo.$auto$maccmap.cc:240:synth$5782.slice[0].carry: CO=1'0
Optimized $__ICE40_CARRY_WRAPPER cell back to logic (without SB_CARRY) top_tm1638_demo.$auto$maccmap.cc:240:synth$5798.slice[0].carry: CO=1'0
Optimized $__ICE40_CARRY_WRAPPER cell back to logic (without SB_CARRY) top_tm1638_demo.$auto$maccmap.cc:240:synth$5798.slice[7].carry: CO=$auto$maccmap.cc:240:synth$5798.C [7]
Optimized $__ICE40_CARRY_WRAPPER cell back to logic (without SB_CARRY) top_tm1638_demo.$auto$maccmap.cc:240:synth$5802.slice[6].carry: CO=$auto$maccmap.cc:240:synth$5802.C [6]
Optimized $__ICE40_CARRY_WRAPPER cell back to logic (without SB_CARRY) top_tm1638_demo.$auto$maccmap.cc:240:synth$5798.slice[6].carry: CO=$auto$maccmap.cc:240:synth$5798.C [6]
Optimized $__ICE40_CARRY_WRAPPER cell back to logic (without SB_CARRY) top_tm1638_demo.$auto$maccmap.cc:240:synth$5802.slice[0].carry: CO=1'0
Optimized $__ICE40_CARRY_WRAPPER cell back to logic (without SB_CARRY) top_tm1638_demo.$auto$maccmap.cc:240:synth$5802.slice[7].carry: CO=$auto$maccmap.cc:240:synth$5802.C [7]
Optimized $__ICE40_CARRY_WRAPPER cell back to logic (without SB_CARRY) top_tm1638_demo.$auto$maccmap.cc:240:synth$5778.slice[7].carry: CO=$auto$maccmap.cc:240:synth$5778.C [7]
Optimized $__ICE40_CARRY_WRAPPER cell back to logic (without SB_CARRY) top_tm1638_demo.$auto$maccmap.cc:240:synth$5782.slice[7].carry: CO=$auto$maccmap.cc:240:synth$5782.C [7]

3.35.2. Executing OPT_EXPR pass (perform const folding).
Optimizing module top_tm1638_demo.

3.35.3. Executing OPT_MERGE pass (detect identical cells).
Finding identical cells in module `\top_tm1638_demo'.
Computing hashes of 1428 cells of `\top_tm1638_demo'.
Finding duplicate cells in `\top_tm1638_demo'.
Computing hashes of 1413 cells of `\top_tm1638_demo'.
Finding duplicate cells in `\top_tm1638_demo'.
Computing hashes of 1401 cells of `\top_tm1638_demo'.
Finding duplicate cells in `\top_tm1638_demo'.
<suppressed ~81 debug messages>
Removed a total of 27 cells.

3.35.4. Executing OPT_DFF pass (perform DFF optimizations).

3.35.5. Executing OPT_CLEAN pass (remove unused cells and wires).
Finding unused cells or wires in module \top_tm1638_demo..
Removed 9 unused cells and 14 unused wires.
<suppressed ~10 debug messages>

3.35.6. Rerunning OPT passes. (Removed registers in this run.)

3.35.7. Running ICE40 specific optimizations.
Optimized $__ICE40_CARRY_WRAPPER cell back to logic (without SB_CARRY) top_tm1638_demo.$auto$maccmap.cc:240:synth$5798.slice[1].carry: CO=\scroll_pos [1]
Optimized $__ICE40_CARRY_WRAPPER cell back to logic (without SB_CARRY) top_tm1638_demo.$auto$maccmap.cc:240:synth$5782.slice[1].carry: CO=\scroll_pos [1]
Optimized $__ICE40_CARRY_WRAPPER cell back to logic (without SB_CARRY) top_tm1638_demo.$auto$maccmap.cc:240:synth$5802.slice[1].carry: CO=1'0

3.35.8. Executing OPT_EXPR pass (perform const folding).
Optimizing module top_tm1638_demo.
<suppressed ~7 debug messages>

3.35.9. Executing OPT_MERGE pass (detect identical cells).
Finding identical cells in module `\top_tm1638_demo'.
Computing hashes of 1385 cells of `\top_tm1638_demo'.
Finding duplicate cells in `\top_tm1638_demo'.
Computing hashes of 1384 cells of `\top_tm1638_demo'.
Finding duplicate cells in `\top_tm1638_demo'.
Computing hashes of 1376 cells of `\top_tm1638_demo'.
Finding duplicate cells in `\top_tm1638_demo'.
Computing hashes of 1375 cells of `\top_tm1638_demo'.
Finding duplicate cells in `\top_tm1638_demo'.
<suppressed ~30 debug messages>
Removed a total of 10 cells.

3.35.10. Executing OPT_DFF pass (perform DFF optimizations).

3.35.11. Executing OPT_CLEAN pass (remove unused cells and wires).
Finding unused cells or wires in module \top_tm1638_demo..
Removed 0 unused cells and 4 unused wires.
<suppressed ~1 debug messages>

3.35.12. Rerunning OPT passes. (Removed registers in this run.)

3.35.13. Running ICE40 specific optimizations.
Optimized $__ICE40_CARRY_WRAPPER cell back to logic (without SB_CARRY) top_tm1638_demo.$auto$maccmap.cc:240:synth$5802.slice[2].carry: CO=\scroll_pos [2]

3.35.14. Executing OPT_EXPR pass (perform const folding).
Optimizing module top_tm1638_demo.

3.35.15. Executing OPT_MERGE pass (detect identical cells).
Finding identical cells in module `\top_tm1638_demo'.
Computing hashes of 1375 cells of `\top_tm1638_demo'.
Finding duplicate cells in `\top_tm1638_demo'.
Removed a total of 0 cells.

3.35.16. Executing OPT_DFF pass (perform DFF optimizations).

3.35.17. Executing OPT_CLEAN pass (remove unused cells and wires).
Finding unused cells or wires in module \top_tm1638_demo..

3.35.18. Rerunning OPT passes. (Removed registers in this run.)

3.35.19. Running ICE40 specific optimizations.

3.35.20. Executing OPT_EXPR pass (perform const folding).
Optimizing module top_tm1638_demo.

3.35.21. Executing OPT_MERGE pass (detect identical cells).
Finding identical cells in module `\top_tm1638_demo'.
Computing hashes of 1375 cells of `\top_tm1638_demo'.
Finding duplicate cells in `\top_tm1638_demo'.
Removed a total of 0 cells.

3.35.22. Executing OPT_DFF pass (perform DFF optimizations).

3.35.23. Executing OPT_CLEAN pass (remove unused cells and wires).
Finding unused cells or wires in module \top_tm1638_demo..

3.35.24. Finished OPT passes. (There is nothing left to do.)

3.36. Executing DFFLEGALIZE pass (convert FFs and LATCHes to types supported by the target).

3.37. Executing TECHMAP pass (map to technology primitives).

3.37.1. Executing Verilog-2005 frontend: d:\tools\oss-cad-suite\bin\../share/yosys/ice40/ff_map.v
Parsing Verilog input from `d:\tools\oss-cad-suite\bin\../share/yosys/ice40/ff_map.v' to AST representation.
Generating RTLIL representation for module `$_DFF_N_'.
Generating RTLIL representation for module `$_DFF_P_'.
Generating RTLIL representation for module `$_DFFE_NP_'.
Generating RTLIL representation for module `$_DFFE_PP_'.
Generating RTLIL representation for module `$_DFF_NP0_'.
Generating RTLIL representation for module `$_DFF_NP1_'.
Generating RTLIL representation for module `$_DFF_PP0_'.
Generating RTLIL representation for module `$_DFF_PP1_'.
Generating RTLIL representation for module `$_DFFE_NP0P_'.
Generating RTLIL representation for module `$_DFFE_NP1P_'.
Generating RTLIL representation for module `$_DFFE_PP0P_'.
Generating RTLIL representation for module `$_DFFE_PP1P_'.
Generating RTLIL representation for module `$_SDFF_NP0_'.
Generating RTLIL representation for module `$_SDFF_NP1_'.
Generating RTLIL representation for module `$_SDFF_PP0_'.
Generating RTLIL representation for module `$_SDFF_PP1_'.
Generating RTLIL representation for module `$_SDFFCE_NP0P_'.
Generating RTLIL representation for module `$_SDFFCE_NP1P_'.
Generating RTLIL representation for module `$_SDFFCE_PP0P_'.
Generating RTLIL representation for module `$_SDFFCE_PP1P_'.
Successfully finished Verilog frontend.

3.37.2. Continuing TECHMAP pass.
Using template $_DFF_P_ for cells of type $_DFF_P_.
Using template $_SDFF_PP0_ for cells of type $_SDFF_PP0_.
Using template $_SDFFCE_PP0P_ for cells of type $_SDFFCE_PP0P_.
Using template $_SDFFCE_PP1P_ for cells of type $_SDFFCE_PP1P_.
No more expansions possible.
<suppressed ~108 debug messages>

3.38. Executing OPT_EXPR pass (perform const folding).
Optimizing module top_tm1638_demo.
<suppressed ~1 debug messages>

3.39. Executing SIMPLEMAP pass (map simple cells to gate primitives).
Mapping top_tm1638_demo.$auto$alumacc.cc:548:replace_alu$4551.slice[0].carry ($lut).
Mapping top_tm1638_demo.$auto$alumacc.cc:548:replace_alu$4554.slice[0].carry ($lut).
Mapping top_tm1638_demo.$auto$alumacc.cc:548:replace_alu$4557.slice[0].carry ($lut).
Mapping top_tm1638_demo.$auto$alumacc.cc:548:replace_alu$4563.slice[0].carry ($lut).
Mapping top_tm1638_demo.$auto$alumacc.cc:548:replace_alu$4566.slice[0].carry ($lut).
Mapping top_tm1638_demo.$auto$alumacc.cc:548:replace_alu$4569.slice[0].carry ($lut).
Mapping top_tm1638_demo.$auto$alumacc.cc:548:replace_alu$4572.slice[0].carry ($lut).
Mapping top_tm1638_demo.$auto$alumacc.cc:548:replace_alu$4572.slice[3].carry ($lut).
Mapping top_tm1638_demo.$auto$maccmap.cc:240:synth$5778.slice[6].carry ($lut).
Mapping top_tm1638_demo.$auto$maccmap.cc:240:synth$5782.slice[0].carry ($lut).
Mapping top_tm1638_demo.$auto$maccmap.cc:240:synth$5782.slice[6].carry ($lut).
Mapping top_tm1638_demo.$auto$maccmap.cc:240:synth$5786.slice[0].carry ($lut).
Mapping top_tm1638_demo.$auto$maccmap.cc:240:synth$5786.slice[6].carry ($lut).
Mapping top_tm1638_demo.$auto$maccmap.cc:240:synth$5790.slice[6].carry ($lut).
Mapping top_tm1638_demo.$auto$maccmap.cc:240:synth$5794.slice[6].carry ($lut).
Mapping top_tm1638_demo.$auto$maccmap.cc:240:synth$5798.slice[1].carry ($lut).
Mapping top_tm1638_demo.$auto$maccmap.cc:240:synth$5798.slice[7].carry ($lut).
Mapping top_tm1638_demo.$auto$maccmap.cc:240:synth$5802.slice[1].carry ($lut).
Mapping top_tm1638_demo.$auto$maccmap.cc:240:synth$5802.slice[2].carry ($lut).
Mapping top_tm1638_demo.$auto$maccmap.cc:240:synth$5802.slice[6].carry ($lut).

3.40. Executing ICE40_OPT pass (performing simple optimizations).

3.40.1. Running ICE40 specific optimizations.

3.40.2. Executing OPT_EXPR pass (perform const folding).
Optimizing module top_tm1638_demo.
<suppressed ~452 debug messages>

3.40.3. Executing OPT_MERGE pass (detect identical cells).
Finding identical cells in module `\top_tm1638_demo'.
Computing hashes of 1422 cells of `\top_tm1638_demo'.
Finding duplicate cells in `\top_tm1638_demo'.
Computing hashes of 1358 cells of `\top_tm1638_demo'.
Finding duplicate cells in `\top_tm1638_demo'.
Computing hashes of 1352 cells of `\top_tm1638_demo'.
Finding duplicate cells in `\top_tm1638_demo'.
<suppressed ~210 debug messages>
Removed a total of 70 cells.

3.40.4. Executing OPT_DFF pass (perform DFF optimizations).

3.40.5. Executing OPT_CLEAN pass (remove unused cells and wires).
Finding unused cells or wires in module \top_tm1638_demo..
Removed 0 unused cells and 613 unused wires.
<suppressed ~1 debug messages>

3.40.6. Rerunning OPT passes. (Removed registers in this run.)

3.40.7. Running ICE40 specific optimizations.

3.40.8. Executing OPT_EXPR pass (perform const folding).
Optimizing module top_tm1638_demo.

3.40.9. Executing OPT_MERGE pass (detect identical cells).
Finding identical cells in module `\top_tm1638_demo'.
Computing hashes of 1352 cells of `\top_tm1638_demo'.
Finding duplicate cells in `\top_tm1638_demo'.
Removed a total of 0 cells.

3.40.10. Executing OPT_DFF pass (perform DFF optimizations).

3.40.11. Executing OPT_CLEAN pass (remove unused cells and wires).
Finding unused cells or wires in module \top_tm1638_demo..

3.40.12. Finished OPT passes. (There is nothing left to do.)

3.41. Executing CHECK pass (checking for obvious problems).
Checking module top_tm1638_demo...
Found and reported 0 problems.

3.42. Executing TECHMAP pass (map to technology primitives).

3.42.1. Executing Verilog-2005 frontend: d:\tools\oss-cad-suite\bin\../share/yosys/ice40/latches_map.v
Parsing Verilog input from `d:\tools\oss-cad-suite\bin\../share/yosys/ice40/latches_map.v' to AST representation.
Generating RTLIL representation for module `$_DLATCH_N_'.
Generating RTLIL representation for module `$_DLATCH_P_'.
Successfully finished Verilog frontend.

3.42.2. Continuing TECHMAP pass.
No more expansions possible.
<suppressed ~4 debug messages>

3.43. Executing Verilog-2005 frontend: d:\tools\oss-cad-suite\bin\../share/yosys/ice40/abc9_model.v
Parsing Verilog input from `d:\tools\oss-cad-suite\bin\../share/yosys/ice40/abc9_model.v' to AST representation.
Generating RTLIL representation for module `$__ICE40_CARRY_WRAPPER'.
Successfully finished Verilog frontend.

3.44. Executing ABC9 pass.

3.44.1. Executing ABC9_OPS pass (helper functions for ABC9).

3.44.2. Executing ABC9_OPS pass (helper functions for ABC9).

3.44.3. Executing SCC pass (detecting logic loops).
Found 0 SCCs in module top_tm1638_demo.
Found 0 SCCs.

3.44.4. Executing ABC9_OPS pass (helper functions for ABC9).

3.44.5. Executing TECHMAP pass (map to technology primitives).

3.44.5.1. Executing Verilog-2005 frontend: d:\tools\oss-cad-suite\bin\../share/yosys/techmap.v
Parsing Verilog input from `d:\tools\oss-cad-suite\bin\../share/yosys/techmap.v' to AST representation.
Generating RTLIL representation for module `\_90_simplemap_bool_ops'.
Generating RTLIL representation for module `\_90_simplemap_reduce_ops'.
Generating RTLIL representation for module `\_90_simplemap_logic_ops'.
Generating RTLIL representation for module `\_90_simplemap_compare_ops'.
Generating RTLIL representation for module `\_90_simplemap_various'.
Generating RTLIL representation for module `\_90_simplemap_registers'.
Generating RTLIL representation for module `\_90_shift_ops_shr_shl_sshl_sshr'.
Generating RTLIL representation for module `\_90_shift_shiftx'.
Generating RTLIL representation for module `\_90_fa'.
Generating RTLIL representation for module `\_90_lcu_brent_kung'.
Generating RTLIL representation for module `\_90_alu'.
Generating RTLIL representation for module `\_90_macc'.
Generating RTLIL representation for module `\_90_alumacc'.
Generating RTLIL representation for module `$__div_mod_u'.
Generating RTLIL representation for module `$__div_mod_trunc'.
Generating RTLIL representation for module `\_90_div'.
Generating RTLIL representation for module `\_90_mod'.
Generating RTLIL representation for module `$__div_mod_floor'.
Generating RTLIL representation for module `\_90_divfloor'.
Generating RTLIL representation for module `\_90_modfloor'.
Generating RTLIL representation for module `\_90_pow'.
Generating RTLIL representation for module `\_90_demux'.
Generating RTLIL representation for module `\_90_lut'.
Generating RTLIL representation for module `$connect'.
Generating RTLIL representation for module `$input_port'.
Successfully finished Verilog frontend.

3.44.5.2. Continuing TECHMAP pass.
No more expansions possible.
<suppressed ~130 debug messages>

3.44.6. Executing OPT pass (performing simple optimizations).

3.44.6.1. Executing OPT_EXPR pass (perform const folding).

3.44.6.2. Executing OPT_MERGE pass (detect identical cells).
Removed a total of 0 cells.

3.44.6.3. Executing OPT_MUXTREE pass (detect dead branches in mux trees).
Removed 0 multiplexer ports.

3.44.6.4. Executing OPT_REDUCE pass (consolidate $*mux and $reduce_* inputs).
Performed a total of 0 changes.

3.44.6.5. Executing OPT_MERGE pass (detect identical cells).
Removed a total of 0 cells.

3.44.6.6. Executing OPT_DFF pass (perform DFF optimizations).

3.44.6.7. Executing OPT_CLEAN pass (remove unused cells and wires).

3.44.6.8. Executing OPT_EXPR pass (perform const folding).

3.44.6.9. Finished fast OPT passes. (There is nothing left to do.)

3.44.7. Executing TECHMAP pass (map to technology primitives).

3.44.7.1. Executing Verilog-2005 frontend: d:\tools\oss-cad-suite\bin\../share/yosys/abc9_map.v
Parsing Verilog input from `d:\tools\oss-cad-suite\bin\../share/yosys/abc9_map.v' to AST representation.
Successfully finished Verilog frontend.

3.44.7.2. Continuing TECHMAP pass.
No more expansions possible.
<suppressed ~2 debug messages>

3.44.8. Executing Verilog-2005 frontend: d:\tools\oss-cad-suite\bin\../share/yosys/abc9_model.v
Parsing Verilog input from `d:\tools\oss-cad-suite\bin\../share/yosys/abc9_model.v' to AST representation.
Generating RTLIL representation for module `$__ABC9_DELAY'.
Generating RTLIL representation for module `$__ABC9_SCC_BREAKER'.
Generating RTLIL representation for module `$__DFF_N__$abc9_flop'.
Generating RTLIL representation for module `$__DFF_P__$abc9_flop'.
Successfully finished Verilog frontend.

3.44.9. Executing ABC9_OPS pass (helper functions for ABC9).
<suppressed ~173 debug messages>

3.44.10. Executing ABC9_OPS pass (helper functions for ABC9).

3.44.11. Executing ABC9_OPS pass (helper functions for ABC9).
<suppressed ~2 debug messages>

3.44.12. Executing TECHMAP pass (map to technology primitives).

3.44.12.1. Executing Verilog-2005 frontend: d:\tools\oss-cad-suite\bin\../share/yosys/techmap.v
Parsing Verilog input from `d:\tools\oss-cad-suite\bin\../share/yosys/techmap.v' to AST representation.
Generating RTLIL representation for module `\_90_simplemap_bool_ops'.
Generating RTLIL representation for module `\_90_simplemap_reduce_ops'.
Generating RTLIL representation for module `\_90_simplemap_logic_ops'.
Generating RTLIL representation for module `\_90_simplemap_compare_ops'.
Generating RTLIL representation for module `\_90_simplemap_various'.
Generating RTLIL representation for module `\_90_simplemap_registers'.
Generating RTLIL representation for module `\_90_shift_ops_shr_shl_sshl_sshr'.
Generating RTLIL representation for module `\_90_shift_shiftx'.
Generating RTLIL representation for module `\_90_fa'.
Generating RTLIL representation for module `\_90_lcu_brent_kung'.
Generating RTLIL representation for module `\_90_alu'.
Generating RTLIL representation for module `\_90_macc'.
Generating RTLIL representation for module `\_90_alumacc'.
Generating RTLIL representation for module `$__div_mod_u'.
Generating RTLIL representation for module `$__div_mod_trunc'.
Generating RTLIL representation for module `\_90_div'.
Generating RTLIL representation for module `\_90_mod'.
Generating RTLIL representation for module `$__div_mod_floor'.
Generating RTLIL representation for module `\_90_divfloor'.
Generating RTLIL representation for module `\_90_modfloor'.
Generating RTLIL representation for module `\_90_pow'.
Generating RTLIL representation for module `\_90_demux'.
Generating RTLIL representation for module `\_90_lut'.
Generating RTLIL representation for module `$connect'.
Generating RTLIL representation for module `$input_port'.
Successfully finished Verilog frontend.

3.44.12.2. Continuing TECHMAP pass.
Using template $paramod$__ICE40_CARRY_WRAPPER\LUT=16'0110100110010110\I3_IS_CI=1'1 for cells of type $paramod$__ICE40_CARRY_WRAPPER\LUT=16'0110100110010110\I3_IS_CI=1'1.
Using template SB_CARRY for cells of type SB_CARRY.
Using template $paramod\SB_LUT4\LUT_INIT=16'0110100110010110 for cells of type SB_LUT4.
Using extmapper simplemap for cells of type $mux.
Using extmapper simplemap for cells of type $logic_or.
Using extmapper simplemap for cells of type $logic_and.
No more expansions possible.
<suppressed ~151 debug messages>

3.44.13. Executing OPT pass (performing simple optimizations).

3.44.13.1. Executing OPT_EXPR pass (perform const folding).
Optimizing module top_tm1638_demo.
<suppressed ~4 debug messages>

3.44.13.2. Executing OPT_MERGE pass (detect identical cells).
Finding identical cells in module `\top_tm1638_demo'.
Computing hashes of 30 cells of `\top_tm1638_demo'.
Finding duplicate cells in `\top_tm1638_demo'.
Computing hashes of 20 cells of `\top_tm1638_demo'.
Finding duplicate cells in `\top_tm1638_demo'.
Computing hashes of 18 cells of `\top_tm1638_demo'.
Finding duplicate cells in `\top_tm1638_demo'.
<suppressed ~29 debug messages>
Removed a total of 12 cells.

3.44.13.3. Executing OPT_MUXTREE pass (detect dead branches in mux trees).
Running muxtree optimizer on module \top_tm1638_demo..
  Creating internal representation of mux trees.
  No muxes found in this module.
Removed 0 multiplexer ports.

3.44.13.4. Executing OPT_REDUCE pass (consolidate $*mux and $reduce_* inputs).
  Optimizing cells in module \top_tm1638_demo.
Performed a total of 0 changes.

3.44.13.5. Executing OPT_MERGE pass (detect identical cells).
Finding identical cells in module `\top_tm1638_demo'.
Computing hashes of 18 cells of `\top_tm1638_demo'.
Finding duplicate cells in `\top_tm1638_demo'.
Removed a total of 0 cells.

3.44.13.6. Executing OPT_DFF pass (perform DFF optimizations).

3.44.13.7. Executing OPT_CLEAN pass (remove unused cells and wires).
Finding unused cells or wires in module \top_tm1638_demo..
Removed 0 unused cells and 24 unused wires.
<suppressed ~1 debug messages>

3.44.13.8. Executing OPT_EXPR pass (perform const folding).
Optimizing module top_tm1638_demo.

3.44.13.9. Rerunning OPT passes. (Maybe there is more to do..)

3.44.13.10. Executing OPT_MUXTREE pass (detect dead branches in mux trees).
Running muxtree optimizer on module \top_tm1638_demo..
  Creating internal representation of mux trees.
  No muxes found in this module.
Removed 0 multiplexer ports.

3.44.13.11. Executing OPT_REDUCE pass (consolidate $*mux and $reduce_* inputs).
  Optimizing cells in module \top_tm1638_demo.
Performed a total of 0 changes.

3.44.13.12. Executing OPT_MERGE pass (detect identical cells).
Finding identical cells in module `\top_tm1638_demo'.
Computing hashes of 18 cells of `\top_tm1638_demo'.
Finding duplicate cells in `\top_tm1638_demo'.
Removed a total of 0 cells.

3.44.13.13. Executing OPT_DFF pass (perform DFF optimizations).

3.44.13.14. Executing OPT_CLEAN pass (remove unused cells and wires).
Finding unused cells or wires in module \top_tm1638_demo..

3.44.13.15. Executing OPT_EXPR pass (perform const folding).
Optimizing module top_tm1638_demo.

3.44.13.16. Finished fast OPT passes. (There is nothing left to do.)

3.44.14. Executing AIGMAP pass (map logic to AIG).
Module top_tm1638_demo: replaced 7 cells with 43 new cells, skipped 11 cells.
  replaced 2 cell types:
       5 $_MUX_
       2 $_OR_
  not replaced 3 cell types:
       2 $_AND_
       1 $_NOT_
       8 $specify2

3.44.15. Executing AIGMAP pass (map logic to AIG).
Module top_tm1638_demo: replaced 633 cells with 3456 new cells, skipped 890 cells.
  replaced 3 cell types:
     292 $_MUX_
     325 $_OR_
      16 $_XOR_
  not replaced 11 cell types:
     308 $_AND_
     143 $_NOT_
       1 $scopeinfo
       1 SB_IO
       1 SB_DFF
      31 SB_DFFSR
      51 SB_DFFESR
       3 SB_DFFESS
      86 $paramod$__ABC9_DELAY\DELAY=32'00000000000000000000000000010101
      85 $paramod$__ABC9_DELAY\DELAY=32'00000000000000000000000011001011
     180 $paramod$__ICE40_CARRY_WRAPPER\LUT=16'0110100110010110\I3_IS_CI=1'1

3.44.15.1. Executing ABC9_OPS pass (helper functions for ABC9).

3.44.15.2. Executing ABC9_OPS pass (helper functions for ABC9).

3.44.15.3. Executing XAIGER backend.
<suppressed ~97 debug messages>
Extracted 1557 AND gates and 4563 wires from module `top_tm1638_demo' to a netlist network with 89 inputs and 190 outputs.

3.44.15.4. Executing ABC9_EXE pass (technology mapping using ABC9).

3.44.15.5. Executing ABC9.
Running ABC command: "<yosys-exe-dir>/yosys-abc" -s -f <abc-temp-dir>/abc.script 2>&1
ABC: ======== ABC command line "source <abc-temp-dir>/abc.script"
ABC: + read_lut <abc-temp-dir>/input.lut 
ABC: + read_box <abc-temp-dir>/input.box 
ABC: + &read <abc-temp-dir>/input.xaig 
ABC: + &ps 
ABC: <abc-temp-dir>/input : i/o =     89/    190  and =    1214  lev =   17 (   0.54)  mem = 0.04 MB  box = 351  bb = 171
ABC: Warning: AIG with boxes has internal fanout in 0 complex flops and 8 carries.
ABC: + &scorr 
ABC: Warning: The network is combinational.
ABC: + &sweep 
ABC: + &dc2 
ABC: + &dch -f -r 
ABC: + &ps 
ABC: <abc-temp-dir>/input : i/o =     89/    190  and =    1181  lev =   17 (   0.43)  mem = 0.04 MB  ch =  145  box = 298  bb = 171
ABC: cst =       0  cls =    125  lit =     145  unused =    1425  proof =     0
ABC: + &if -W 250 -v 
ABC: K = 4. Memory (bytes): Truth =    0. Cut =   64. Obj =  144. Set =  672. CutMin = no
ABC: Node =    1181.  Ch =   125.  Total mem =    0.41 MB. Peak cut mem =    0.08 MB.
ABC: P:  Del = 4403.00.  Ar =     349.0.  Edge =     1228.  Cut =     7123.  T =     0.00 sec
ABC: P:  Del = 4403.00.  Ar =     348.0.  Edge =     1248.  Cut =     6856.  T =     0.00 sec
ABC: P:  Del = 4403.00.  Ar =     322.0.  Edge =     1114.  Cut =     7181.  T =     0.00 sec
ABC: F:  Del = 4403.00.  Ar =     296.0.  Edge =     1052.  Cut =     6280.  T =     0.00 sec
ABC: A:  Del = 4403.00.  Ar =     286.0.  Edge =      954.  Cut =     5719.  T =     0.00 sec
ABC: A:  Del = 4403.00.  Ar =     283.0.  Edge =      946.  Cut =     5732.  T =     0.00 sec
ABC: Total time =     0.01 sec
ABC: + &write -n <abc-temp-dir>/output.aig 
ABC: + &mfs 
ABC: + &ps -l 
ABC: <abc-temp-dir>/input : i/o =     89/    190  and =     715  lev =   13 (   0.46)  mem = 0.03 MB  box = 294  bb = 171
ABC: Mapping (K=4)  :  lut =    274  edge =     905  lev =    6 (0.24)  levB =   25  mem = 0.01 MB
ABC: LUT = 274 : 2=49 17.9 %  3=93 33.9 %  4=132 48.2 %  Ave = 3.30
ABC: + &write -n <abc-temp-dir>/output.aig 
ABC: + &verify 
ABC: Networks are equivalent.  Time =     0.05 sec
ABC: + time 
ABC: elapse: 0.23 seconds, total: 0.23 seconds

3.44.15.6. Executing AIGER frontend.
<suppressed ~11 debug messages>
Removed 903 unused cells and 2382 unused wires.

3.44.15.7. Executing ABC_OPS_REINTEGRATE pass (reintegrate ABC mapped design into module).
ABC RESULTS:              $lut cells:      278
ABC RESULTS:   $paramod$__ICE40_CARRY_WRAPPER\LUT=16'0110100110010110\I3_IS_CI=1'1 cells:      123
ABC RESULTS:           input signals:       17
ABC RESULTS:          output signals:      190
<suppressed ~615 debug messages>
Removing temp directory.

3.44.16. Executing TECHMAP pass (map to technology primitives).

3.44.16.1. Executing Verilog-2005 frontend: d:\tools\oss-cad-suite\bin\../share/yosys/abc9_unmap.v
Parsing Verilog input from `d:\tools\oss-cad-suite\bin\../share/yosys/abc9_unmap.v' to AST representation.
Generating RTLIL representation for module `$__DFF_x__$abc9_flop'.
Generating RTLIL representation for module `$__ABC9_SCC_BREAKER'.
Successfully finished Verilog frontend.

3.44.16.2. Continuing TECHMAP pass.
Using template $paramod$__ICE40_CARRY_WRAPPER\LUT=16'0110100110010110\I3_IS_CI=1'1 for cells of type $paramod$__ICE40_CARRY_WRAPPER\LUT=16'0110100110010110\I3_IS_CI=1'1.
No more expansions possible.
<suppressed ~129 debug messages>

3.45. Executing ICE40_WRAPCARRY pass (wrap carries).

3.46. Executing TECHMAP pass (map to technology primitives).

3.46.1. Executing Verilog-2005 frontend: d:\tools\oss-cad-suite\bin\../share/yosys/ice40/ff_map.v
Parsing Verilog input from `d:\tools\oss-cad-suite\bin\../share/yosys/ice40/ff_map.v' to AST representation.
Generating RTLIL representation for module `$_DFF_N_'.
Generating RTLIL representation for module `$_DFF_P_'.
Generating RTLIL representation for module `$_DFFE_NP_'.
Generating RTLIL representation for module `$_DFFE_PP_'.
Generating RTLIL representation for module `$_DFF_NP0_'.
Generating RTLIL representation for module `$_DFF_NP1_'.
Generating RTLIL representation for module `$_DFF_PP0_'.
Generating RTLIL representation for module `$_DFF_PP1_'.
Generating RTLIL representation for module `$_DFFE_NP0P_'.
Generating RTLIL representation for module `$_DFFE_NP1P_'.
Generating RTLIL representation for module `$_DFFE_PP0P_'.
Generating RTLIL representation for module `$_DFFE_PP1P_'.
Generating RTLIL representation for module `$_SDFF_NP0_'.
Generating RTLIL representation for module `$_SDFF_NP1_'.
Generating RTLIL representation for module `$_SDFF_PP0_'.
Generating RTLIL representation for module `$_SDFF_PP1_'.
Generating RTLIL representation for module `$_SDFFCE_NP0P_'.
Generating RTLIL representation for module `$_SDFFCE_NP1P_'.
Generating RTLIL representation for module `$_SDFFCE_PP0P_'.
Generating RTLIL representation for module `$_SDFFCE_PP1P_'.
Successfully finished Verilog frontend.

3.46.2. Continuing TECHMAP pass.
No more expansions possible.
<suppressed ~22 debug messages>
Removed 130 unused cells and 5528 unused wires.

3.47. Executing OPT_LUT pass (optimize LUTs).
Discovering LUTs.
Number of LUTs:      338
  1-LUT                4
  2-LUT               62
  3-LUT              140
  4-LUT              132
  with \SB_CARRY    (#0)   46
  with \SB_CARRY    (#1)   52

Eliminating LUTs.
Number of LUTs:      338
  1-LUT                4
  2-LUT               62
  3-LUT              140
  4-LUT              132
  with \SB_CARRY    (#0)   46
  with \SB_CARRY    (#1)   52

Combining LUTs.
Number of LUTs:      336
  1-LUT                4
  2-LUT               59
  3-LUT              140
  4-LUT              133
  with \SB_CARRY    (#0)   46
  with \SB_CARRY    (#1)   52

Eliminated 0 LUTs.
Combined 2 LUTs.
<suppressed ~1973 debug messages>

3.48. Executing TECHMAP pass (map to technology primitives).

3.48.1. Executing Verilog-2005 frontend: d:\tools\oss-cad-suite\bin\../share/yosys/ice40/cells_map.v
Parsing Verilog input from `d:\tools\oss-cad-suite\bin\../share/yosys/ice40/cells_map.v' to AST representation.
Generating RTLIL representation for module `$lut'.
Successfully finished Verilog frontend.

3.48.2. Continuing TECHMAP pass.
Using template $paramod$fd904e9e35cfd343a9df248824bd3f1408724879$lut for cells of type $lut.
Using template $paramod$lut\WIDTH=32'00000000000000000000000000000010\LUT=4'0001 for cells of type $lut.
Using template $paramod$lut\WIDTH=32'00000000000000000000000000000010\LUT=4'0100 for cells of type $lut.
Using template $paramod$364c9ffbffac467d60dfec81bba4e18476c15602$lut for cells of type $lut.
Using template $paramod$a59507d273cd827eb6c46c37820d50a1b717efdf$lut for cells of type $lut.
Using template $paramod$lut\WIDTH=32'00000000000000000000000000000011\LUT=8'01000000 for cells of type $lut.
Using template $paramod$6d6beead1425af15cf78b27fd9b11b41b5d4bce8$lut for cells of type $lut.
Using template $paramod$lut\WIDTH=32'00000000000000000000000000000010\LUT=4'1000 for cells of type $lut.
Using template $paramod$lut\WIDTH=32'00000000000000000000000000000011\LUT=8'00001000 for cells of type $lut.
Using template $paramod$608f40069c27841a5b3bdf03643a34bdc8974072$lut for cells of type $lut.
Using template $paramod$30305e55a780880b9c824fe3509a4d981acb0f2b$lut for cells of type $lut.
Using template $paramod$lut\WIDTH=32'00000000000000000000000000000010\LUT=4'0010 for cells of type $lut.
Using template $paramod$e0286d7bdebdb6346cb367bb1962e01892ba2e32$lut for cells of type $lut.
Using template $paramod$c28a8b7ce0535d090c4cfb52e9c74affd52b110c$lut for cells of type $lut.
Using template $paramod$6e238df02989b317f10820a22773676e71120644$lut for cells of type $lut.
Using template $paramod$lut\WIDTH=32'00000000000000000000000000000011\LUT=8'10000000 for cells of type $lut.
Using template $paramod$179512a187da069f3b79ef6612a41e494e7d54b6$lut for cells of type $lut.
Using template $paramod$47a8214374025465e226fa66bee690ff33268a25$lut for cells of type $lut.
Using template $paramod$lut\WIDTH=32'00000000000000000000000000000011\LUT=8'00100000 for cells of type $lut.
Using template $paramod$873c285bdccf0ac2b60d2304ea5cd14bf211d2a6$lut for cells of type $lut.
Using template $paramod$lut\WIDTH=32'00000000000000000000000000000011\LUT=8'00000100 for cells of type $lut.
Using template $paramod$lut\WIDTH=32'00000000000000000000000000000011\LUT=8'00010000 for cells of type $lut.
Using template $paramod$ab8bb87959c5d7cfa27886cee1355b38e054a61a$lut for cells of type $lut.
Using template $paramod$a50be0e6fa3a01511bb234559cb74fb8bd3e2061$lut for cells of type $lut.
Using template $paramod$lut\WIDTH=32'00000000000000000000000000000011\LUT=8'00000001 for cells of type $lut.
Using template $paramod$e51a8a571bee774247b38f52d6e85fd62ae52cea$lut for cells of type $lut.
Using template $paramod$e8b1383c6901b56df73ac402d78a5e0a42461be0$lut for cells of type $lut.
Using template $paramod$4853050665c020c8d21fb1a749196950a09d9df8$lut for cells of type $lut.
Using template $paramod$1843b3c15f2447d117e2d5de9b00f791ef5f9fa3$lut for cells of type $lut.
Using template $paramod$lut\WIDTH=32'00000000000000000000000000000011\LUT=8'10011110 for cells of type $lut.
Using template $paramod$34e326867bb04eb7166eb385de03f3f07fdc4c23$lut for cells of type $lut.
Using template $paramod$3f1a510a150f040235437cef310b492e8672966c$lut for cells of type $lut.
Using template $paramod$d61dc5ff3a9102f3e1b420770cb57c48730b6a64$lut for cells of type $lut.
Using template $paramod$725c7935b219edec970fdeae1a5161c7577a1fb2$lut for cells of type $lut.
Using template $paramod$9a79c3432028e5f1d7c480c0b9d7b4837eb2bc95$lut for cells of type $lut.
Using template $paramod$a197ef6f3b51d411ae3e5b42b5d77a606c4fb11a$lut for cells of type $lut.
Using template $paramod$f24ba3ced4b870f8e829f5ac5a8af88573350e6f$lut for cells of type $lut.
Using template $paramod$lut\WIDTH=32'00000000000000000000000000000011\LUT=8'00001110 for cells of type $lut.
Using template $paramod$eec22efc31481e6a2706a92743e67f4f90bad45a$lut for cells of type $lut.
Using template $paramod$lut\WIDTH=32'00000000000000000000000000000011\LUT=8'10110000 for cells of type $lut.
Using template $paramod$1b53a9695a0f80de7517b50863b438fd2b7f56da$lut for cells of type $lut.
Using template $paramod$lut\WIDTH=32'00000000000000000000000000000011\LUT=8'00001101 for cells of type $lut.
Using template $paramod$1d411fd062123bc39f2e308cfceb6b39df8f57b9$lut for cells of type $lut.
Using template $paramod$bba54c1ef87367812b4c15f4aed5ac70773df775$lut for cells of type $lut.
Using template $paramod$lut\WIDTH=32'00000000000000000000000000000011\LUT=8'01010100 for cells of type $lut.
Using template $paramod$fc4603d2f07ec92269a5725ae52fdb169e0da7f6$lut for cells of type $lut.
Using template $paramod$89f931611b66d827751f4a175a88569d5ab95376$lut for cells of type $lut.
Using template $paramod$a15fd389a2f54cb7b94707b25934d226e68d9e2e$lut for cells of type $lut.
Using template $paramod$1c8aea8d15a8caa53bcd106d813c48ea86657836$lut for cells of type $lut.
Using template $paramod$a5788e8bd3559e65ba7c6a1d93529c6fb76569b9$lut for cells of type $lut.
Using template $paramod$baa939b0bd5b3e0c8760492528669bd58f640542$lut for cells of type $lut.
Using template $paramod$cd05caaf261e4148f336c0ecc488c806e4433d99$lut for cells of type $lut.
Using template $paramod$6842b8b2a2a38d0fdb35de972b4ce1a464745b17$lut for cells of type $lut.
Using template $paramod$lut\WIDTH=32'00000000000000000000000000000011\LUT=8'11100000 for cells of type $lut.
Using template $paramod$fa6843c402d401917a784f6629fe77f2a117478f$lut for cells of type $lut.
Using template $paramod$e5759512db67494ff77fbdfc66dff4006376568f$lut for cells of type $lut.
Using template $paramod$658b9ed803f0d3d335616d3858b53e0a2522f1e8$lut for cells of type $lut.
Using template $paramod$lut\WIDTH=32'00000000000000000000000000000011\LUT=8'00000111 for cells of type $lut.
Using template $paramod$a010528dfa56506a075642ed88f758b6719a77f1$lut for cells of type $lut.
Using template $paramod$3d98cbd933baee327b5d76a0c6e6cddc5563d2bd$lut for cells of type $lut.
Using template $paramod$fe9a0158d0352193457c4f5b6282ac86d35fb3ee$lut for cells of type $lut.
Using template $paramod$b254004e52e31d6991f04f6113897c64fa1650ce$lut for cells of type $lut.
Using template $paramod$e4c3984b0f292ec38c153e6818d5f5a1c58e4f5f$lut for cells of type $lut.
Using template $paramod$lut\WIDTH=32'00000000000000000000000000000011\LUT=8'01111111 for cells of type $lut.
Using template $paramod$571404c0889eaf57f492cb5e37f8acb5df5852f9$lut for cells of type $lut.
Using template $paramod$lut\WIDTH=32'00000000000000000000000000000011\LUT=8'00101010 for cells of type $lut.
Using template $paramod$lut\WIDTH=32'00000000000000000000000000000011\LUT=8'10001111 for cells of type $lut.
Using template $paramod$30ac34c8aec0b2873f94068ec3ef892754420503$lut for cells of type $lut.
Using template $paramod$a175789408df1730afdaf4183d06de700f9dd2fb$lut for cells of type $lut.
Using template $paramod$lut\WIDTH=32'00000000000000000000000000000010\LUT=4'1011 for cells of type $lut.
Using template $paramod$4bf055ca8a75a6b2e0a7cc21f3141b6576bbc879$lut for cells of type $lut.
Using template $paramod$lut\WIDTH=32'00000000000000000000000000000011\LUT=8'00000010 for cells of type $lut.
Using template $paramod$f81ecf3eb88491df8fecf1e071b57debc429282a$lut for cells of type $lut.
Using template $paramod$lut\WIDTH=32'00000000000000000000000000000011\LUT=8'01010001 for cells of type $lut.
Using template $paramod$f55f4b90ec8e3e648d5c29eab1fa5ddd64b3f973$lut for cells of type $lut.
Using template $paramod$c796465325e8612408ffd6216ec3001cb65cf6eb$lut for cells of type $lut.
Using template $paramod$lut\WIDTH=32'00000000000000000000000000000011\LUT=8'00100011 for cells of type $lut.
Using template $paramod$121f66828c71d3c18a58c99e9f44b94525cfca81$lut for cells of type $lut.
Using template $paramod$lut\WIDTH=32'00000000000000000000000000000011\LUT=8'00011100 for cells of type $lut.
Using template $paramod$79b0a1936afde10c31186b63f39698d9b41269bf$lut for cells of type $lut.
Using template $paramod$22401499cdd44f3533d03c4b246566376c46a67b$lut for cells of type $lut.
Using template $paramod$lut\WIDTH=32'00000000000000000000000000000010\LUT=4'1101 for cells of type $lut.
Using template $paramod$lut\WIDTH=32'00000000000000000000000000000011\LUT=8'11010101 for cells of type $lut.
Using template $paramod$94ac66a11090dca84889e55fcf03297912a5b7ec$lut for cells of type $lut.
Using template $paramod$373ccf8191d7dae961959b50f0b15853949a7d57$lut for cells of type $lut.
Using template $paramod$lut\WIDTH=32'00000000000000000000000000000011\LUT=8'00011101 for cells of type $lut.
Using template $paramod$25003f26a78bb2f583f23824f1e0b8cc16b88761$lut for cells of type $lut.
Using template $paramod$lut\WIDTH=32'00000000000000000000000000000011\LUT=8'01111010 for cells of type $lut.
Using template $paramod$lut\WIDTH=32'00000000000000000000000000000011\LUT=8'00110001 for cells of type $lut.
Using template $paramod$eea9f3bfa234687410071a547d41b806cab7d4e0$lut for cells of type $lut.
Using template $paramod$lut\WIDTH=32'00000000000000000000000000000011\LUT=8'01000111 for cells of type $lut.
Using template $paramod$8f0127ae6e4e4fae3e6aa8d83144b199848e8539$lut for cells of type $lut.
Using template $paramod$lut\WIDTH=32'00000000000000000000000000000011\LUT=8'01001110 for cells of type $lut.
Using template $paramod$e01a027fedb28671a20c130493a89c7afd4e87d3$lut for cells of type $lut.
Using template $paramod$b600d182ae966d09f33a746441e104587fe7a58f$lut for cells of type $lut.
Using template $paramod$b4d0f4738a5ce50c7f36c2aa2ecc09cfb874f2b6$lut for cells of type $lut.
Using template $paramod$lut\WIDTH=32'00000000000000000000000000000011\LUT=8'00110010 for cells of type $lut.
Using template $paramod$lut\WIDTH=32'00000000000000000000000000000011\LUT=8'10001101 for cells of type $lut.
Using template $paramod$12879138d1e376f344e47ea40be66b776233be75$lut for cells of type $lut.
Using template $paramod$81d8a60fd95b1a9f9ef71c12a774ae6988cb9fd5$lut for cells of type $lut.
Using template $paramod$1cabbe2f17ea824b0f9f091fd1dc13fff0b3a362$lut for cells of type $lut.
Using template $paramod$f65cf6380214e831938c4f25f730307ae86218f7$lut for cells of type $lut.
Using template $paramod$eeea089431e54644147af2c573dc3d2eca0e3b09$lut for cells of type $lut.
Using template $paramod$cf1d1b94b6deab15fa56eccf201ab344fada8992$lut for cells of type $lut.
Using template $paramod$411456c818123bb6bf92dc678013eaca36b016e1$lut for cells of type $lut.
Using template $paramod$f0773b2e1ec54f4b5730a332b99958a07b433091$lut for cells of type $lut.
Using template $paramod$1a0bf6a2024582c33687c0149caac1d863a39438$lut for cells of type $lut.
Using template $paramod$lut\WIDTH=32'00000000000000000000000000000011\LUT=8'00001011 for cells of type $lut.
Using template $paramod$1bf62ab10e48d71d6497bccacf5c70420c470fe9$lut for cells of type $lut.
Using template $paramod$db08fd84fb3c4d6a41eaec6adfffe445fb7eb17f$lut for cells of type $lut.
Using template $paramod$498daa9936ffa1c0b12d774cacc95a35d14b818e$lut for cells of type $lut.
Using template $paramod$lut\WIDTH=32'00000000000000000000000000000011\LUT=8'11010000 for cells of type $lut.
Using template $paramod$2955ab75367a3dc9d6f50d3655eebcd4f615031f$lut for cells of type $lut.
Using template $paramod$b7685cb0c8a6753256bc84bc31d36a443c15fab7$lut for cells of type $lut.
Using template $paramod$lut\WIDTH=32'00000000000000000000000000000011\LUT=8'11001000 for cells of type $lut.
Using template $paramod$5502a85110dbca29ac631107f0b0635e7fade476$lut for cells of type $lut.
Using template $paramod$edf0f1ca1d51bddab33b022d26d3da5ca2294e0d$lut for cells of type $lut.
Using template $paramod$24ca0390b3c7866a19922039474de91afb9e77c2$lut for cells of type $lut.
Using template $paramod$2f35f125a78690286f0cd2faecbaee9c64828b65$lut for cells of type $lut.
Using template $paramod$e1ac894a2723e96ae103a1941dc871fbb0ccd216$lut for cells of type $lut.
Using template $paramod$5321e04f7ce32c091123c3570ab562efb1c81402$lut for cells of type $lut.
Using template $paramod$lut\WIDTH=32'00000000000000000000000000000011\LUT=8'01011101 for cells of type $lut.
Using template $paramod$219b71aec9a19e7a27754ed85a7d6cdad9e5ec96$lut for cells of type $lut.
Using template $paramod$lut\WIDTH=32'00000000000000000000000000000010\LUT=4'0111 for cells of type $lut.
Using template $paramod$583294f05aaec818beb341e1ee966bc090a0a81c$lut for cells of type $lut.
Using template $paramod$291a38b02792423ba56e6068312ce2d2a0d7244c$lut for cells of type $lut.
Using template $paramod$73e922e985f9c963f8990292f9f7ad4995343d0e$lut for cells of type $lut.
Using template $paramod$9a20e5eb914da7530de8ea5af782be66b9acb237$lut for cells of type $lut.
Using template $paramod$lut\WIDTH=32'00000000000000000000000000000011\LUT=8'11111000 for cells of type $lut.
Using template $paramod$lut\WIDTH=32'00000000000000000000000000000001\LUT=2'01 for cells of type $lut.
Using template $paramod$06e62c2045624c211a1abe4f2f36c8f22c688165$lut for cells of type $lut.
Using template $paramod$fdb116156ed0602c5a0bcf60c8e28ccd240c485c$lut for cells of type $lut.
Using template $paramod$e830e203cc3e28a987e9a2ca222c9d7eaca57e1a$lut for cells of type $lut.
Using template $paramod$eaea85d27cc0950ed001348e061727a194f5cf9c$lut for cells of type $lut.
Using template $paramod$beae4210b922fc9ba2fcc4008a7474b475e38c50$lut for cells of type $lut.
Using template $paramod$lut\WIDTH=32'00000000000000000000000000000011\LUT=8'00010010 for cells of type $lut.
Using template $paramod$lut\WIDTH=32'00000000000000000000000000000011\LUT=8'01100000 for cells of type $lut.
Using template $paramod$ac78e91c6492508f94568b4ef1379bf835475694$lut for cells of type $lut.
Using template $paramod$lut\WIDTH=32'00000000000000000000000000000011\LUT=8'11011000 for cells of type $lut.
No more expansions possible.
<suppressed ~2146 debug messages>
Removed 0 unused cells and 787 unused wires.

3.49. Executing AUTONAME pass.
Renamed 843 objects in module top_tm1638_demo.
<suppressed ~843 debug messages>

3.50. Executing HIERARCHY pass (managing design hierarchy).
Attribute `top' found on module `top_tm1638_demo'. Setting top module to top_tm1638_demo.

3.50.1. Analyzing design hierarchy..
Top module:  \top_tm1638_demo

3.50.2. Analyzing design hierarchy..
Top module:  \top_tm1638_demo
Removed 0 unused modules.

3.51. Printing statistics.

=== top_tm1638_demo ===

        +----------Local Count, excluding submodules.
        | 
      357 wires
      774 wire bits
      357 public wires
      774 public wire bits
        4 ports
        4 port bits
        2 cells
        1   $scopeinfo
        1   SB_IO
      515 submodules
      105   SB_CARRY
        1   SB_DFF
       44   SB_DFFESR
        3   SB_DFFESS
       26   SB_DFFSR
      336   SB_LUT4

=== design hierarchy ===

        +----------Count including submodules.
        | 
        2 top_tm1638_demo

        +----------Count including submodules.
        | 
      357 wires
      774 wire bits
      357 public wires
      774 public wire bits
        4 ports
        4 port bits
        - memories
        - memory bits
        - processes
        2 cells
        1   $scopeinfo
        1   SB_IO
      515 submodules
      105   SB_CARRY
        1   SB_DFF
       44   SB_DFFESR
        3   SB_DFFESS
       26   SB_DFFSR
      336   SB_LUT4

3.52. Executing CHECK pass (checking for obvious problems).
Checking module top_tm1638_demo...
Found and reported 0 problems.

3.53. Executing JSON backend.

Warnings: 1 unique messages, 2 total
End of script. Logfile hash: d48506337c
Yosys 0.68+136 (git sha1 c30457480-dirty, Release, GNU /usr/bin/x86_64-w64-mingw32-g++ 15.2.1)
Time spent: 1% 30x opt_expr (0 sec), 1% 27x opt_clean (0 sec), ...
nextpnr-ice40 \
		--up5k \
		--package sg48 \
		--json build/top_tm1638_demo_netlist.json \
		--pcf constraints/TM1638.pcf \
		--asc build/top_tm1638_demo.asc
Info: constrained 'clk' to bel 'X12/Y31/io1'
Info: constrained 'tm_cs' to bel 'X15/Y0/io0'
Info: constrained 'tm_clk' to bel 'X9/Y0/io0'
Info: constrained 'tm_dio' to bel 'X8/Y0/io0'
Warning: unmatched constraint 'LED_G' (on line 24)
Warning: unmatched constraint 'LED_R' (on line 25)
Warning: unmatched constraint 'LED_B' (on line 26)

Info: Packing constants..
Info: Packing IOs..
Info: tm_dio feeds SB_IO tm_dio_io, removing $nextpnr_iobuf tm_dio.
Info: Packing LUT-FFs..
Info:      270 LCs used as LUT4 only
Info:       66 LCs used as LUT4 and DFF
Info: Packing non-LUT FFs..
Info:        8 LCs used as DFF only
Info: Packing carries..
Info:       62 LCs used as CARRY only
Info: Packing indirect carry+LUT pairs...
Info:        1 LUTs merged into carry LCs
Info: Packing RAMs..
Info: Placing PLLs..
Info: Packing special functions..
Info: Packing PLLs..
Info: Promoting globals..
Info: promoting clk$SB_IO_IN (fanout 74)
Info: promoting tm_cs_SB_DFFESS_Q_D_SB_LUT4_I3_I0_SB_LUT4_I3_O [reset] (fanout 48)
Info: Constraining chains...
Info:       17 LCs used to legalise carry chains.
Info: Checksum: 0x1bfa6656

Info: Device utilisation:
Info: 	         ICESTORM_LC:     424/   5280     8%
Info: 	        ICESTORM_RAM:       0/     30     0%
Info: 	               SB_IO:       4/     39    10%
Info: 	               SB_GB:       2/      8    25%
Info: 	        ICESTORM_PLL:       0/      1     0%
Info: 	         SB_WARMBOOT:       0/      1     0%
Info: 	        ICESTORM_DSP:       0/      8     0%
Info: 	      ICESTORM_HFOSC:       0/      1     0%
Info: 	      ICESTORM_LFOSC:       0/      1     0%
Info: 	              SB_I2C:       0/      2     0%
Info: 	              SB_SPI:       0/      2     0%
Info: 	              IO_I3C:       0/      2     0%
Info: 	         SB_LEDDA_IP:       0/      1     0%
Info: 	         SB_RGBA_DRV:       0/      1     0%
Info: 	      ICESTORM_SPRAM:       0/      4     0%

Info: Placed 4 cells based on constraints.
Info: Creating initial analytic placement for 304 cells, random placement wirelen = 9313.
Info:     at initial placer iter 0, wirelen = 28
Info:     at initial placer iter 1, wirelen = 28
Info:     at initial placer iter 2, wirelen = 28
Info:     at initial placer iter 3, wirelen = 28
Info: Running main analytical placer, max placement attempts per cell = 23112.
Info:     at iteration #1, type ALL: wirelen solved = 28, spread = 1228, legal = 1290; time = 0.01s
Info:     at iteration #2, type ALL: wirelen solved = 104, spread = 1299, legal = 1383; time = 0.01s
Info:     at iteration #3, type ALL: wirelen solved = 66, spread = 1271, legal = 1352; time = 0.02s
Info:     at iteration #4, type ALL: wirelen solved = 137, spread = 1262, legal = 1374; time = 0.01s
Info:     at iteration #5, type ALL: wirelen solved = 162, spread = 1170, legal = 1224; time = 0.01s
Info:     at iteration #6, type ALL: wirelen solved = 192, spread = 1085, legal = 1181; time = 0.02s
Info:     at iteration #7, type ALL: wirelen solved = 172, spread = 1208, legal = 1285; time = 0.01s
Info:     at iteration #8, type ALL: wirelen solved = 157, spread = 1104, legal = 1215; time = 0.01s
Info:     at iteration #9, type ALL: wirelen solved = 188, spread = 1088, legal = 1195; time = 0.01s
Info:     at iteration #10, type ALL: wirelen solved = 234, spread = 1151, legal = 1250; time = 0.01s
Info:     at iteration #11, type ALL: wirelen solved = 206, spread = 1198, legal = 1267; time = 0.01s
Info: HeAP Placer Time: 0.21s
Info:   of which solving equations: 0.18s
Info:   of which spreading cells: 0.01s
Info:   of which strict legalisation: 0.00s

Info: Running simulated annealing placer for refinement.
Info:   at iteration #1: temp = 0.000000, timing cost = 430, wirelen = 1181
Info:   at iteration #5: temp = 0.000000, timing cost = 382, wirelen = 1010
Info:   at iteration #10: temp = 0.000000, timing cost = 388, wirelen = 939
Info:   at iteration #15: temp = 0.000000, timing cost = 486, wirelen = 901
Info:   at iteration #16: temp = 0.000000, timing cost = 502, wirelen = 891 
Info: SA placement time 0.20s

Info: Max frequency for clock 'clk$SB_IO_IN_$glb_clk': 43.19 MHz (PASS at 12.00 MHz)

Info: Max delay <async>                       -> posedge clk$SB_IO_IN_$glb_clk: 5.06 ns
Info: Max delay posedge clk$SB_IO_IN_$glb_clk -> <async>                      : 11.84 ns

Info: Slack histogram:
Info:  legend: * represents 1 endpoint(s)
Info:          + represents [1,1) endpoint(s)
Info: [ 60179,  61138) |****** 
Info: [ 61138,  62097) |********* 
Info: [ 62097,  63056) |****** 
Info: [ 63056,  64015) |**************** 
Info: [ 64015,  64974) |******************** 
Info: [ 64974,  65933) |****************** 
Info: [ 65933,  66892) |******* 
Info: [ 66892,  67851) |**** 
Info: [ 67851,  68810) |******* 
Info: [ 68810,  69769) |****** 
Info: [ 69769,  70728) |*********************************** 
Info: [ 70728,  71687) |***************************** 
Info: [ 71687,  72646) |***************** 
Info: [ 72646,  73605) |***** 
Info: [ 73605,  74564) |*********** 
Info: [ 74564,  75523) |*********** 
Info: [ 75523,  76482) |********************** 
Info: [ 76482,  77441) |********** 
Info: [ 77441,  78400) |************** 
Info: [ 78400,  79359) |******************************************************* 
Info: Checksum: 0xcc2e7ab6

Info: Routing..
Info: Setting up routing queue.
Info: Routing 1357 arcs.
Info:            |   (re-)routed arcs  |   delta    | remaining|       time spent     |
Info:    IterCnt |  w/ripup   wo/ripup |  w/r  wo/r |      arcs| batch(sec) total(sec)|
Info:       1000 |      276        680 |  276   680 |       677|       0.16       0.16|
Info:       2000 |      724       1180 |  448   500 |       181|       0.16       0.32|
Info:       2200 |      742       1358 |   18   178 |         0|       0.05       0.37|
Info: Routing complete.
Info: Router1 time 0.37s
Info: Checksum: 0xf3cdbf8e

Info: Critical path report for clock 'clk$SB_IO_IN_$glb_clk' (posedge -> posedge):
Info:       type curr  total name
Info:   clk-to-q  1.39  1.39 Source scroll_pos_SB_DFFESR_Q_4_D_SB_LUT4_O_LC.O
Info:    routing  2.95  4.34 Net scroll_pos[1] (8,2) -> (10,3)
Info:                          Sink $nextpnr_ICESTORM_LC_6.I1
Info:                          Defined in:
Info:                               d:\tools\oss-cad-suite\bin\../share/yosys/ice40/cells_map.v:6.21-6.22
Info:      logic  0.68  5.02 Source $nextpnr_ICESTORM_LC_6.COUT
Info:    routing  0.00  5.02 Net $nextpnr_ICESTORM_LC_6$O (10,3) -> (10,3)
Info:                          Sink tm_out_SB_DFFESR_Q_D_SB_LUT4_O_I3_SB_LUT4_I2_O_SB_LUT4_O_I2_SB_LUT4_O_1_I3_SB_CARRY_CO$CARRY.CIN
Info:      logic  0.28  5.30 Source tm_out_SB_DFFESR_Q_D_SB_LUT4_O_I3_SB_LUT4_I2_O_SB_LUT4_O_I2_SB_LUT4_O_1_I3_SB_CARRY_CO$CARRY.COUT
Info:    routing  0.66  5.96 Net tm_out_SB_DFFESR_Q_D_SB_LUT4_O_I3_SB_LUT4_I2_O_SB_LUT4_O_I2_SB_LUT4_O_1_I3 (10,3) -> (10,3)
Info:                          Sink tm_out_SB_DFFESR_Q_D_SB_LUT4_O_I3_SB_LUT4_I2_O_SB_LUT4_O_I2_SB_LUT4_O_1_LC.I3
Info:                          Defined in:
Info:                               d:\tools\oss-cad-suite\bin\../share/yosys/ice40/arith_map.v:62.5-70.4
Info:                               d:\tools\oss-cad-suite\bin\../share/yosys/ice40/abc9_model.v:4.9-4.11
Info:      logic  0.87  6.83 Source tm_out_SB_DFFESR_Q_D_SB_LUT4_O_I3_SB_LUT4_I2_O_SB_LUT4_O_I2_SB_LUT4_O_1_LC.O
Info:    routing  1.76  8.59 Net tm_cs_SB_DFFESS_Q_D_SB_LUT4_O_I3_SB_LUT4_I3_O_SB_LUT4_I3_O_SB_LUT4_O_I3_SB_LUT4_O_1_I2[0] (10,3) -> (10,4)
Info:                          Sink tm_cs_SB_DFFESS_Q_D_SB_LUT4_O_I3_SB_LUT4_I3_O_SB_LUT4_I3_O_SB_LUT4_O_I3_SB_LUT4_O_I0_SB_LUT4_I3_O_SB_LUT4_O_I3_SB_LUT4_I3_O_SB_LUT4_O_1_LC.I2
Info:                          Defined in:
Info:                               d:\tools\oss-cad-suite\bin\../share/yosys/ice40/cells_map.v:6.21-6.22
Info:      logic  1.21  9.80 Source tm_cs_SB_DFFESS_Q_D_SB_LUT4_O_I3_SB_LUT4_I3_O_SB_LUT4_I3_O_SB_LUT4_O_I3_SB_LUT4_O_I0_SB_LUT4_I3_O_SB_LUT4_O_I3_SB_LUT4_I3_O_SB_LUT4_O_1_LC.O
Info:    routing  2.95  12.75 Net tm_cs_SB_DFFESS_Q_D_SB_LUT4_O_I3_SB_LUT4_I3_O_SB_LUT4_I3_O_SB_LUT4_O_I3_SB_LUT4_O_1_I2_SB_LUT4_I3_O[1] (10,4) -> (8,6)
Info:                          Sink tm_cs_SB_DFFESS_Q_D_SB_LUT4_O_I3_SB_LUT4_I3_O_SB_LUT4_I3_O_SB_LUT4_I3_O_SB_LUT4_O_1_I3_SB_LUT4_O_I2_SB_LUT4_I2_I3_SB_LUT4_I1_O_SB_LUT4_O_I1_SB_LUT4_I3_O_SB_LUT4_O_2_I3_SB_LUT4_O_LC.I1
Info:                          Defined in:
Info:                               d:\tools\oss-cad-suite\bin\../share/yosys/ice40/cells_map.v:6.21-6.22
Info:      logic  1.23  13.98 Source tm_cs_SB_DFFESS_Q_D_SB_LUT4_O_I3_SB_LUT4_I3_O_SB_LUT4_I3_O_SB_LUT4_I3_O_SB_LUT4_O_1_I3_SB_LUT4_O_I2_SB_LUT4_I2_I3_SB_LUT4_I1_O_SB_LUT4_O_I1_SB_LUT4_I3_O_SB_LUT4_O_2_I3_SB_LUT4_O_LC.O
Info:    routing  1.76  15.74 Net tm_cs_SB_DFFESS_Q_D_SB_LUT4_O_I3_SB_LUT4_I3_O_SB_LUT4_I3_O_SB_LUT4_I3_O_SB_LUT4_O_1_I3_SB_LUT4_O_I2_SB_LUT4_I2_I3_SB_LUT4_I1_O_SB_LUT4_O_I1_SB_LUT4_I3_O_SB_LUT4_O_2_I3[1] (8,6) -> (7,6)
Info:                          Sink tm_cs_SB_DFFESS_Q_D_SB_LUT4_O_I3_SB_LUT4_I3_O_SB_LUT4_I3_O_SB_LUT4_I3_O_SB_LUT4_O_1_I3_SB_LUT4_O_I2_SB_LUT4_I2_I3_SB_LUT4_I1_O_SB_LUT4_O_I1_SB_LUT4_I3_O_SB_LUT4_O_2_LC.I2
Info:                          Defined in:
Info:                               d:\tools\oss-cad-suite\bin\../share/yosys/ice40/cells_map.v:6.21-6.22
Info:      logic  1.21  16.95 Source tm_cs_SB_DFFESS_Q_D_SB_LUT4_O_I3_SB_LUT4_I3_O_SB_LUT4_I3_O_SB_LUT4_I3_O_SB_LUT4_O_1_I3_SB_LUT4_O_I2_SB_LUT4_I2_I3_SB_LUT4_I1_O_SB_LUT4_O_I1_SB_LUT4_I3_O_SB_LUT4_O_2_LC.O
Info:    routing  2.95  19.90 Net tm_cs_SB_DFFESS_Q_D_SB_LUT4_O_I3_SB_LUT4_I3_O_SB_LUT4_I3_O_SB_LUT4_I3_O_SB_LUT4_O_1_I3_SB_LUT4_O_I2_SB_LUT4_I2_I3_SB_LUT4_I1_O_SB_LUT4_O_2_I2[3] (7,6) -> (5,5)
Info:                          Sink tm_cs_SB_DFFESS_Q_D_SB_LUT4_O_I3_SB_LUT4_I3_O_SB_LUT4_I3_O_SB_LUT4_I3_O_SB_LUT4_O_1_I3_SB_LUT4_O_I2_SB_LUT4_I2_I3_SB_LUT4_I3_O_SB_LUT4_I3_O_SB_LUT4_O_2_LC.I2
Info:                          Defined in:
Info:                               d:\tools\oss-cad-suite\bin\../share/yosys/ice40/cells_map.v:6.21-6.22
Info:      logic  1.21  21.10 Source tm_cs_SB_DFFESS_Q_D_SB_LUT4_O_I3_SB_LUT4_I3_O_SB_LUT4_I3_O_SB_LUT4_I3_O_SB_LUT4_O_1_I3_SB_LUT4_O_I2_SB_LUT4_I2_I3_SB_LUT4_I3_O_SB_LUT4_I3_O_SB_LUT4_O_2_LC.O
Info:    routing  1.76  22.86 Net tm_cs_SB_DFFESS_Q_D_SB_LUT4_O_I3_SB_LUT4_I3_O_SB_LUT4_I3_O_SB_LUT4_I3_O_SB_LUT4_O_1_I3_SB_LUT4_O_I2_SB_LUT4_I2_I3_SB_LUT4_I3_O_SB_LUT4_I3_O[3] (5,5) -> (5,5)
Info:                          Sink tm_out_SB_DFFESR_Q_1_D_SB_LUT4_O_LC.I3
Info:                          Defined in:
Info:                               d:\tools\oss-cad-suite\bin\../share/yosys/ice40/cells_map.v:6.21-6.22
Info:      setup  0.82  23.69 Source tm_out_SB_DFFESR_Q_1_D_SB_LUT4_O_LC.I3
Info: 8.89 ns logic, 14.80 ns routing

Info: Critical path report for cross-domain path '<async>' -> 'posedge clk$SB_IO_IN_$glb_clk':
Info:       type curr  total name
Info:     source  0.00  0.00 Source tm_dio_io.D_IN_0
Info:    routing  4.34  4.34 Net dio_in (8,0) -> (2,5)
Info:                          Sink dio_in_SB_LUT4_I0_LC.I0
Info:                          Defined in:
Info:                               rtl/tm1638.v:12.12-12.18
Info:      setup  1.23  5.57 Source dio_in_SB_LUT4_I0_LC.I0
Info: 1.23 ns logic, 4.34 ns routing

Info: Critical path report for cross-domain path 'posedge clk$SB_IO_IN_$glb_clk' -> '<async>':
Info:       type curr  total name
Info:   clk-to-q  1.39  1.39 Source u_tm1638.cur_state_SB_DFFESR_Q_D_SB_LUT4_O_LC.O
Info:    routing  1.76  3.15 Net tm_latch_SB_LUT4_I0_I3[1] (1,4) -> (2,5)
Info:                          Sink tm_clk_SB_LUT4_O_I3_SB_LUT4_O_LC.I2
Info:                          Defined in:
Info:                               d:\tools\oss-cad-suite\bin\../share/yosys/ice40/cells_map.v:6.21-6.22
Info:      logic  1.21  4.36 Source tm_clk_SB_LUT4_O_I3_SB_LUT4_O_LC.O
Info:    routing  2.41  6.76 Net tm_clk_SB_LUT4_O_I3[3] (2,5) -> (1,2)
Info:                          Sink tm_clk_SB_LUT4_O_LC.I3
Info:                          Defined in:
Info:                               d:\tools\oss-cad-suite\bin\../share/yosys/ice40/cells_map.v:6.21-6.22
Info:      logic  0.87  7.64 Source tm_clk_SB_LUT4_O_LC.O
Info:    routing  3.49  11.13 Net tm_clk$SB_IO_OUT (1,2) -> (9,0)
Info:                          Sink tm_clk$sb_io.D_OUT_0
Info:                          Defined in:
Info:                               rtl/tm1638.v:11.12-11.16
Info: 3.47 ns logic, 7.66 ns routing

Info: Max frequency for clock 'clk$SB_IO_IN_$glb_clk': 42.22 MHz (PASS at 12.00 MHz)

Info: Max delay <async>                       -> posedge clk$SB_IO_IN_$glb_clk: 5.57 ns
Info: Max delay posedge clk$SB_IO_IN_$glb_clk -> <async>                      : 11.13 ns

Info: Slack histogram:
Info:  legend: * represents 1 endpoint(s)
Info:          + represents [1,1) endpoint(s)
Info: [ 59645,  60631) |+
Info: [ 60631,  61617) |*********+
Info: [ 61617,  62603) |****+
Info: [ 62603,  63589) |*****************+
Info: [ 63589,  64575) |*************************+
Info: [ 64575,  65561) |*****************+
Info: [ 65561,  66547) |**+
Info: [ 66547,  67533) |*****+
Info: [ 67533,  68519) |****+
Info: [ 68519,  69505) |*****+
Info: [ 69505,  70491) |********+
Info: [ 70491,  71477) |*******************+
Info: [ 71477,  72463) |******+
Info: [ 72463,  73449) |*****+
Info: [ 73449,  74435) |************************************************************ 
Info: [ 74435,  75421) |*********+
Info: [ 75421,  76407) |***********************+
Info: [ 76407,  77393) |**********+
Info: [ 77393,  78379) |************+
Info: [ 78379,  79365) |**********************************************+
3 warnings, 0 errors

Info: Program finished normally.
icepack build/top_tm1638_demo.asc build/top_tm1638_demo.bin
